The target system is: Generic -  - 
The host system is: Linux - 6.1.0-10-amd64 - x86_64
Compiling the C compiler identification source file "CMakeCCompilerId.c" succeeded.
Compiler: /home/diego/.espressif/tools/riscv32-esp-elf/esp-13.2.0_20230928/riscv32-esp-elf/bin/riscv32-esp-elf-gcc 
Build flags: -march=rv32imc_zicsr_zifencei;
Id flags:  

The output was:
0
/home/diego/.espressif/tools/riscv32-esp-elf/esp-13.2.0_20230928/riscv32-esp-elf/bin/../lib/gcc/riscv32-esp-elf/13.2.0/../../../../riscv32-esp-elf/bin/ld: /home/diego/.espressif/tools/riscv32-esp-elf/esp-13.2.0_20230928/riscv32-esp-elf/bin/../lib/gcc/riscv32-esp-elf/13.2.0/../../../../riscv32-esp-elf/lib/rv32imc_zicsr_zifencei/ilp32/libc.a(libc_a-closer.o): in function `_close_r':
/builds/idf/crosstool-NG/.build/riscv32-esp-elf/src/newlib/newlib/libc/reent/closer.c:47:(.text+0x14): warning: _close is not implemented and will always fail
/home/diego/.espressif/tools/riscv32-esp-elf/esp-13.2.0_20230928/riscv32-esp-elf/bin/../lib/gcc/riscv32-esp-elf/13.2.0/../../../../riscv32-esp-elf/bin/ld: /home/diego/.espressif/tools/riscv32-esp-elf/esp-13.2.0_20230928/riscv32-esp-elf/bin/../lib/gcc/riscv32-esp-elf/13.2.0/../../../../riscv32-esp-elf/lib/rv32imc_zicsr_zifencei/ilp32/libc.a(libc_a-lseekr.o): in function `_lseek_r':
/builds/idf/crosstool-NG/.build/riscv32-esp-elf/src/newlib/newlib/libc/reent/lseekr.c:49:(.text+0x18): warning: _lseek is not implemented and will always fail
/home/diego/.espressif/tools/riscv32-esp-elf/esp-13.2.0_20230928/riscv32-esp-elf/bin/../lib/gcc/riscv32-esp-elf/13.2.0/../../../../riscv32-esp-elf/bin/ld: /home/diego/.espressif/tools/riscv32-esp-elf/esp-13.2.0_20230928/riscv32-esp-elf/bin/../lib/gcc/riscv32-esp-elf/13.2.0/../../../../riscv32-esp-elf/lib/rv32imc_zicsr_zifencei/ilp32/libc.a(libc_a-readr.o): in function `_read_r':
/builds/idf/crosstool-NG/.build/riscv32-esp-elf/src/newlib/newlib/libc/reent/readr.c:49:(.text+0x18): warning: _read is not implemented and will always fail
/home/diego/.espressif/tools/riscv32-esp-elf/esp-13.2.0_20230928/riscv32-esp-elf/bin/../lib/gcc/riscv32-esp-elf/13.2.0/../../../../riscv32-esp-elf/bin/ld: /home/diego/.espressif/tools/riscv32-esp-elf/esp-13.2.0_20230928/riscv32-esp-elf/bin/../lib/gcc/riscv32-esp-elf/13.2.0/../../../../riscv32-esp-elf/lib/rv32imc_zicsr_zifencei/ilp32/libc.a(libc_a-writer.o): in function `_write_r':
/builds/idf/crosstool-NG/.build/riscv32-esp-elf/src/newlib/newlib/libc/reent/writer.c:49:(.text+0x18): warning: _write is not implemented and will always fail
/home/diego/.espressif/tools/riscv32-esp-elf/esp-13.2.0_20230928/riscv32-esp-elf/bin/../lib/gcc/riscv32-esp-elf/13.2.0/../../../../riscv32-esp-elf/bin/ld: /home/diego/.espressif/tools/riscv32-esp-elf/esp-13.2.0_20230928/riscv32-esp-elf/bin/../lib/gcc/riscv32-esp-elf/13.2.0/../../../../riscv32-esp-elf/lib/rv32imc_zicsr_zifencei/ilp32/libc.a(libc_a-fclose.o): in function `fclose':
/builds/idf/crosstool-NG/.build/riscv32-esp-elf/src/newlib/newlib/libc/stdio/fclose.c:125:(.text+0x118): warning: __getreent is not implemented and will always fail
/home/diego/.espressif/tools/riscv32-esp-elf/esp-13.2.0_20230928/riscv32-esp-elf/bin/../lib/gcc/riscv32-esp-elf/13.2.0/../../../../riscv32-esp-elf/bin/ld: /home/diego/.espressif/tools/riscv32-esp-elf/esp-13.2.0_20230928/riscv32-esp-elf/bin/../lib/gcc/riscv32-esp-elf/13.2.0/../../../../riscv32-esp-elf/lib/rv32imc_zicsr_zifencei/ilp32/libc.a(libc_a-findfp.o): in function `__sfp':
/builds/idf/crosstool-NG/.build/riscv32-esp-elf/src/newlib/newlib/libc/stdio/findfp.c:180:(.text+0x1ee): warning: pthread_setcancelstate is not implemented and will always fail


Compilation of the C compiler identification source "CMakeCCompilerId.c" produced "a.out"

The C compiler identification is GNU, found in "/home/diego/proyectos/_/viejo/cr_c/build/CMakeFiles/3.25.1/CompilerIdC/a.out"

Compiling the CXX compiler identification source file "CMakeCXXCompilerId.cpp" succeeded.
Compiler: /home/diego/.espressif/tools/riscv32-esp-elf/esp-13.2.0_20230928/riscv32-esp-elf/bin/riscv32-esp-elf-g++ 
Build flags: -march=rv32imc_zicsr_zifencei;
Id flags:  

The output was:
0
/home/diego/.espressif/tools/riscv32-esp-elf/esp-13.2.0_20230928/riscv32-esp-elf/bin/../lib/gcc/riscv32-esp-elf/13.2.0/../../../../riscv32-esp-elf/bin/ld: /home/diego/.espressif/tools/riscv32-esp-elf/esp-13.2.0_20230928/riscv32-esp-elf/bin/../lib/gcc/riscv32-esp-elf/13.2.0/../../../../riscv32-esp-elf/lib/rv32imc_zicsr_zifencei/ilp32/libc.a(libc_a-closer.o): in function `_close_r':
/builds/idf/crosstool-NG/.build/riscv32-esp-elf/src/newlib/newlib/libc/reent/closer.c:47:(.text+0x14): warning: _close is not implemented and will always fail
/home/diego/.espressif/tools/riscv32-esp-elf/esp-13.2.0_20230928/riscv32-esp-elf/bin/../lib/gcc/riscv32-esp-elf/13.2.0/../../../../riscv32-esp-elf/bin/ld: /home/diego/.espressif/tools/riscv32-esp-elf/esp-13.2.0_20230928/riscv32-esp-elf/bin/../lib/gcc/riscv32-esp-elf/13.2.0/../../../../riscv32-esp-elf/lib/rv32imc_zicsr_zifencei/ilp32/libc.a(libc_a-lseekr.o): in function `_lseek_r':
/builds/idf/crosstool-NG/.build/riscv32-esp-elf/src/newlib/newlib/libc/reent/lseekr.c:49:(.text+0x18): warning: _lseek is not implemented and will always fail
/home/diego/.espressif/tools/riscv32-esp-elf/esp-13.2.0_20230928/riscv32-esp-elf/bin/../lib/gcc/riscv32-esp-elf/13.2.0/../../../../riscv32-esp-elf/bin/ld: /home/diego/.espressif/tools/riscv32-esp-elf/esp-13.2.0_20230928/riscv32-esp-elf/bin/../lib/gcc/riscv32-esp-elf/13.2.0/../../../../riscv32-esp-elf/lib/rv32imc_zicsr_zifencei/ilp32/libc.a(libc_a-readr.o): in function `_read_r':
/builds/idf/crosstool-NG/.build/riscv32-esp-elf/src/newlib/newlib/libc/reent/readr.c:49:(.text+0x18): warning: _read is not implemented and will always fail
/home/diego/.espressif/tools/riscv32-esp-elf/esp-13.2.0_20230928/riscv32-esp-elf/bin/../lib/gcc/riscv32-esp-elf/13.2.0/../../../../riscv32-esp-elf/bin/ld: /home/diego/.espressif/tools/riscv32-esp-elf/esp-13.2.0_20230928/riscv32-esp-elf/bin/../lib/gcc/riscv32-esp-elf/13.2.0/../../../../riscv32-esp-elf/lib/rv32imc_zicsr_zifencei/ilp32/libc.a(libc_a-writer.o): in function `_write_r':
/builds/idf/crosstool-NG/.build/riscv32-esp-elf/src/newlib/newlib/libc/reent/writer.c:49:(.text+0x18): warning: _write is not implemented and will always fail
/home/diego/.espressif/tools/riscv32-esp-elf/esp-13.2.0_20230928/riscv32-esp-elf/bin/../lib/gcc/riscv32-esp-elf/13.2.0/../../../../riscv32-esp-elf/bin/ld: /home/diego/.espressif/tools/riscv32-esp-elf/esp-13.2.0_20230928/riscv32-esp-elf/bin/../lib/gcc/riscv32-esp-elf/13.2.0/../../../../riscv32-esp-elf/lib/rv32imc_zicsr_zifencei/ilp32/libc.a(libc_a-fclose.o): in function `fclose':
/builds/idf/crosstool-NG/.build/riscv32-esp-elf/src/newlib/newlib/libc/stdio/fclose.c:125:(.text+0x118): warning: __getreent is not implemented and will always fail
/home/diego/.espressif/tools/riscv32-esp-elf/esp-13.2.0_20230928/riscv32-esp-elf/bin/../lib/gcc/riscv32-esp-elf/13.2.0/../../../../riscv32-esp-elf/bin/ld: /home/diego/.espressif/tools/riscv32-esp-elf/esp-13.2.0_20230928/riscv32-esp-elf/bin/../lib/gcc/riscv32-esp-elf/13.2.0/../../../../riscv32-esp-elf/lib/rv32imc_zicsr_zifencei/ilp32/libc.a(libc_a-findfp.o): in function `__sfp':
/builds/idf/crosstool-NG/.build/riscv32-esp-elf/src/newlib/newlib/libc/stdio/findfp.c:180:(.text+0x1ee): warning: pthread_setcancelstate is not implemented and will always fail


Compilation of the CXX compiler identification source "CMakeCXXCompilerId.cpp" produced "a.out"

The CXX compiler identification is GNU, found in "/home/diego/proyectos/_/viejo/cr_c/build/CMakeFiles/3.25.1/CompilerIdCXX/a.out"

Checking whether the ASM compiler is GNU using "--version" matched "(GNU assembler)|(GCC)|(Free Software Foundation)":
riscv32-esp-elf-gcc (crosstool-NG esp-13.2.0_20230928) 13.2.0
Copyright (C) 2023 Free Software Foundation, Inc.
This is free software; see the source for copying conditions.  There is NO
warranty; not even for MERCHANTABILITY or FITNESS FOR A PARTICULAR PURPOSE.

Detecting C compiler ABI info compiled with the following output:
Change Dir: /home/diego/proyectos/_/viejo/cr_c/build/CMakeFiles/CMakeScratch/TryCompile-J57dWf

Run Build Command(s):/usr/bin/ninja cmTC_c1e63 && [1/2] Building C object CMakeFiles/cmTC_c1e63.dir/CMakeCCompilerABI.c.obj
Using built-in specs.
COLLECT_GCC=/home/diego/.espressif/tools/riscv32-esp-elf/esp-13.2.0_20230928/riscv32-esp-elf/bin/riscv32-esp-elf-gcc
Target: riscv32-esp-elf
Configured with: /builds/idf/crosstool-NG/.build/riscv32-esp-elf/src/gcc/configure --build=x86_64-build_pc-linux-gnu --host=x86_64-build_pc-linux-gnu --target=riscv32-esp-elf --prefix=/builds/idf/crosstool-NG/builds/riscv32-esp-elf --exec_prefix=/builds/idf/crosstool-NG/builds/riscv32-esp-elf --with-local-prefix=/builds/idf/crosstool-NG/builds/riscv32-esp-elf/riscv32-esp-elf --with-headers=/builds/idf/crosstool-NG/builds/riscv32-esp-elf/riscv32-esp-elf/include --with-newlib --enable-threads=no --disable-shared --with-arch=rv32gc --with-abi=ilp32 --with-pkgversion='crosstool-NG esp-13.2.0_20230928' --disable-__cxa_atexit --enable-cxx-flags=-ffunction-sections --disable-libgomp --disable-libmudflap --disable-libmpx --disable-libssp --disable-libquadmath --disable-libquadmath-support --disable-libstdcxx-verbose --with-gmp=/builds/idf/crosstool-NG/.build/riscv32-esp-elf/buildtools --with-mpfr=/builds/idf/crosstool-NG/.build/riscv32-esp-elf/buildtools --with-mpc=/builds/idf/crosstool-NG/.build/riscv32-esp-elf/buildtools --with-isl=/builds/idf/crosstool-NG/.build/riscv32-esp-elf/buildtools --enable-lto --enable-target-optspace --without-long-double-128 --disable-nls --enable-multiarch --enable-languages=c,c++ --disable-libstdcxx-verbose --enable-threads=posix --enable-gcov-custom-rtio --enable-libstdcxx-time=yes
Thread model: posix
Supported LTO compression algorithms: zlib
gcc version 13.2.0 (crosstool-NG esp-13.2.0_20230928) 
COLLECT_GCC_OPTIONS='-march=rv32imc_zicsr_zifencei' '-v' '-o' 'CMakeFiles/cmTC_c1e63.dir/CMakeCCompilerABI.c.obj' '-c' '-mabi=ilp32' '-misa-spec=20191213' '-march=rv32imc_zicsr_zifencei' '-dumpdir' 'CMakeFiles/cmTC_c1e63.dir/'
 /home/diego/.espressif/tools/riscv32-esp-elf/esp-13.2.0_20230928/riscv32-esp-elf/bin/../libexec/gcc/riscv32-esp-elf/13.2.0/cc1 -quiet -v -imultilib rv32imc_zicsr_zifencei/ilp32 -iprefix /home/diego/.espressif/tools/riscv32-esp-elf/esp-13.2.0_20230928/riscv32-esp-elf/bin/../lib/gcc/riscv32-esp-elf/13.2.0/ /usr/share/cmake-3.25/Modules/CMakeCCompilerABI.c -quiet -dumpdir CMakeFiles/cmTC_c1e63.dir/ -dumpbase CMakeCCompilerABI.c.c -dumpbase-ext .c -march=rv32imc_zicsr_zifencei -mabi=ilp32 -misa-spec=20191213 -march=rv32imc_zicsr_zifencei -version -o /tmp/cc5fAsHg.s
GNU C17 (crosstool-NG esp-13.2.0_20230928) version 13.2.0 (riscv32-esp-elf)
	compiled by GNU C version 4.9.2, GMP version 6.2.1, MPFR version 4.1.0, MPC version 1.2.1, isl version isl-0.24-GMP

GGC heuristics: --param ggc-min-expand=100 --param ggc-min-heapsize=131072
ignoring duplicate directory "/home/diego/.espressif/tools/riscv32-esp-elf/esp-13.2.0_20230928/riscv32-esp-elf/bin/../lib/gcc/../../lib/gcc/riscv32-esp-elf/13.2.0/include"
ignoring duplicate directory "/home/diego/.espressif/tools/riscv32-esp-elf/esp-13.2.0_20230928/riscv32-esp-elf/bin/../lib/gcc/../../lib/gcc/riscv32-esp-elf/13.2.0/include-fixed"
ignoring duplicate directory "/home/diego/.espressif/tools/riscv32-esp-elf/esp-13.2.0_20230928/riscv32-esp-elf/bin/../lib/gcc/../../lib/gcc/riscv32-esp-elf/13.2.0/../../../../riscv32-esp-elf/sys-include"
ignoring duplicate directory "/home/diego/.espressif/tools/riscv32-esp-elf/esp-13.2.0_20230928/riscv32-esp-elf/bin/../lib/gcc/../../lib/gcc/riscv32-esp-elf/13.2.0/../../../../riscv32-esp-elf/include"
#include "..." search starts here:
#include <...> search starts here:
 /home/diego/.espressif/tools/riscv32-esp-elf/esp-13.2.0_20230928/riscv32-esp-elf/bin/../lib/gcc/riscv32-esp-elf/13.2.0/include
 /home/diego/.espressif/tools/riscv32-esp-elf/esp-13.2.0_20230928/riscv32-esp-elf/bin/../lib/gcc/riscv32-esp-elf/13.2.0/include-fixed
 /home/diego/.espressif/tools/riscv32-esp-elf/esp-13.2.0_20230928/riscv32-esp-elf/bin/../lib/gcc/riscv32-esp-elf/13.2.0/../../../../riscv32-esp-elf/sys-include
 /home/diego/.espressif/tools/riscv32-esp-elf/esp-13.2.0_20230928/riscv32-esp-elf/bin/../lib/gcc/riscv32-esp-elf/13.2.0/../../../../riscv32-esp-elf/include
End of search list.
Compiler executable checksum: 77495f34f76e3c762dece7c39ed79778
COLLECT_GCC_OPTIONS='-march=rv32imc_zicsr_zifencei' '-v' '-o' 'CMakeFiles/cmTC_c1e63.dir/CMakeCCompilerABI.c.obj' '-c' '-mabi=ilp32' '-misa-spec=20191213' '-march=rv32imc_zicsr_zifencei' '-dumpdir' 'CMakeFiles/cmTC_c1e63.dir/'
 /home/diego/.espressif/tools/riscv32-esp-elf/esp-13.2.0_20230928/riscv32-esp-elf/bin/../lib/gcc/riscv32-esp-elf/13.2.0/../../../../riscv32-esp-elf/bin/as -v --traditional-format -march=rv32imc_zicsr_zifencei -march=rv32imc_zicsr_zifencei -mabi=ilp32 -misa-spec=20191213 -o CMakeFiles/cmTC_c1e63.dir/CMakeCCompilerABI.c.obj /tmp/cc5fAsHg.s
GNU assembler version 2.41 (riscv32-esp-elf) using BFD version (crosstool-NG esp-13.2.0_20230928) 2.41
COMPILER_PATH=/home/diego/.espressif/tools/riscv32-esp-elf/esp-13.2.0_20230928/riscv32-esp-elf/bin/../libexec/gcc/riscv32-esp-elf/13.2.0/:/home/diego/.espressif/tools/riscv32-esp-elf/esp-13.2.0_20230928/riscv32-esp-elf/bin/../libexec/gcc/:/home/diego/.espressif/tools/riscv32-esp-elf/esp-13.2.0_20230928/riscv32-esp-elf/bin/../lib/gcc/riscv32-esp-elf/13.2.0/../../../../riscv32-esp-elf/bin/
LIBRARY_PATH=/home/diego/.espressif/tools/riscv32-esp-elf/esp-13.2.0_20230928/riscv32-esp-elf/bin/../lib/gcc/riscv32-esp-elf/13.2.0/rv32imc_zicsr_zifencei/ilp32/:/home/diego/.espressif/tools/riscv32-esp-elf/esp-13.2.0_20230928/riscv32-esp-elf/bin/../lib/gcc/riscv32-esp-elf/13.2.0/../../../../riscv32-esp-elf/lib/rv32imc_zicsr_zifencei/ilp32/:/home/diego/.espressif/tools/riscv32-esp-elf/esp-13.2.0_20230928/riscv32-esp-elf/bin/../lib/gcc/riscv32-esp-elf/13.2.0/:/home/diego/.espressif/tools/riscv32-esp-elf/esp-13.2.0_20230928/riscv32-esp-elf/bin/../lib/gcc/:/home/diego/.espressif/tools/riscv32-esp-elf/esp-13.2.0_20230928/riscv32-esp-elf/bin/../lib/gcc/riscv32-esp-elf/13.2.0/../../../../riscv32-esp-elf/lib/
COLLECT_GCC_OPTIONS='-march=rv32imc_zicsr_zifencei' '-v' '-o' 'CMakeFiles/cmTC_c1e63.dir/CMakeCCompilerABI.c.obj' '-c' '-mabi=ilp32' '-misa-spec=20191213' '-march=rv32imc_zicsr_zifencei' '-dumpdir' 'CMakeFiles/cmTC_c1e63.dir/CMakeCCompilerABI.c.'
[2/2] Linking C executable cmTC_c1e63
Using built-in specs.
Reading specs from /home/diego/.espressif/tools/riscv32-esp-elf/esp-13.2.0_20230928/riscv32-esp-elf/bin/../lib/gcc/riscv32-esp-elf/13.2.0/../../../../riscv32-esp-elf/lib/nosys.specs
rename spec link_gcc_c_sequence to nosys_link_gcc_c_sequence
COLLECT_GCC=/home/diego/.espressif/tools/riscv32-esp-elf/esp-13.2.0_20230928/riscv32-esp-elf/bin/riscv32-esp-elf-gcc
COLLECT_LTO_WRAPPER=/home/diego/.espressif/tools/riscv32-esp-elf/esp-13.2.0_20230928/riscv32-esp-elf/bin/../libexec/gcc/riscv32-esp-elf/13.2.0/lto-wrapper
Target: riscv32-esp-elf
Configured with: /builds/idf/crosstool-NG/.build/riscv32-esp-elf/src/gcc/configure --build=x86_64-build_pc-linux-gnu --host=x86_64-build_pc-linux-gnu --target=riscv32-esp-elf --prefix=/builds/idf/crosstool-NG/builds/riscv32-esp-elf --exec_prefix=/builds/idf/crosstool-NG/builds/riscv32-esp-elf --with-local-prefix=/builds/idf/crosstool-NG/builds/riscv32-esp-elf/riscv32-esp-elf --with-headers=/builds/idf/crosstool-NG/builds/riscv32-esp-elf/riscv32-esp-elf/include --with-newlib --enable-threads=no --disable-shared --with-arch=rv32gc --with-abi=ilp32 --with-pkgversion='crosstool-NG esp-13.2.0_20230928' --disable-__cxa_atexit --enable-cxx-flags=-ffunction-sections --disable-libgomp --disable-libmudflap --disable-libmpx --disable-libssp --disable-libquadmath --disable-libquadmath-support --disable-libstdcxx-verbose --with-gmp=/builds/idf/crosstool-NG/.build/riscv32-esp-elf/buildtools --with-mpfr=/builds/idf/crosstool-NG/.build/riscv32-esp-elf/buildtools --with-mpc=/builds/idf/crosstool-NG/.build/riscv32-esp-elf/buildtools --with-isl=/builds/idf/crosstool-NG/.build/riscv32-esp-elf/buildtools --enable-lto --enable-target-optspace --without-long-double-128 --disable-nls --enable-multiarch --enable-languages=c,c++ --disable-libstdcxx-verbose --enable-threads=posix --enable-gcov-custom-rtio --enable-libstdcxx-time=yes
Thread model: posix
Supported LTO compression algorithms: zlib
gcc version 13.2.0 (crosstool-NG esp-13.2.0_20230928) 
COMPILER_PATH=/home/diego/.espressif/tools/riscv32-esp-elf/esp-13.2.0_20230928/riscv32-esp-elf/bin/../libexec/gcc/riscv32-esp-elf/13.2.0/:/home/diego/.espressif/tools/riscv32-esp-elf/esp-13.2.0_20230928/riscv32-esp-elf/bin/../libexec/gcc/:/home/diego/.espressif/tools/riscv32-esp-elf/esp-13.2.0_20230928/riscv32-esp-elf/bin/../lib/gcc/riscv32-esp-elf/13.2.0/../../../../riscv32-esp-elf/bin/
LIBRARY_PATH=/home/diego/.espressif/tools/riscv32-esp-elf/esp-13.2.0_20230928/riscv32-esp-elf/bin/../lib/gcc/riscv32-esp-elf/13.2.0/rv32imc_zicsr_zifencei/ilp32/:/home/diego/.espressif/tools/riscv32-esp-elf/esp-13.2.0_20230928/riscv32-esp-elf/bin/../lib/gcc/riscv32-esp-elf/13.2.0/../../../../riscv32-esp-elf/lib/rv32imc_zicsr_zifencei/ilp32/:/home/diego/.espressif/tools/riscv32-esp-elf/esp-13.2.0_20230928/riscv32-esp-elf/bin/../lib/gcc/riscv32-esp-elf/13.2.0/:/home/diego/.espressif/tools/riscv32-esp-elf/esp-13.2.0_20230928/riscv32-esp-elf/bin/../lib/gcc/:/home/diego/.espressif/tools/riscv32-esp-elf/esp-13.2.0_20230928/riscv32-esp-elf/bin/../lib/gcc/riscv32-esp-elf/13.2.0/../../../../riscv32-esp-elf/lib/
COLLECT_GCC_OPTIONS='-nostartfiles' '-march=rv32imc_zicsr_zifencei' '-specs=nosys.specs' '-v' '-o' 'cmTC_c1e63' '-mabi=ilp32' '-misa-spec=20191213' '-march=rv32imc_zicsr_zifencei' '-dumpdir' 'cmTC_c1e63.'
 /home/diego/.espressif/tools/riscv32-esp-elf/esp-13.2.0_20230928/riscv32-esp-elf/bin/../libexec/gcc/riscv32-esp-elf/13.2.0/collect2 -plugin /home/diego/.espressif/tools/riscv32-esp-elf/esp-13.2.0_20230928/riscv32-esp-elf/bin/../libexec/gcc/riscv32-esp-elf/13.2.0/liblto_plugin.so -plugin-opt=/home/diego/.espressif/tools/riscv32-esp-elf/esp-13.2.0_20230928/riscv32-esp-elf/bin/../libexec/gcc/riscv32-esp-elf/13.2.0/lto-wrapper -plugin-opt=-fresolution=/tmp/ccznkTsm.res -plugin-opt=-pass-through=-lgcc -plugin-opt=-pass-through=-lc -plugin-opt=-pass-through=-lnosys -plugin-opt=-pass-through=-lc -plugin-opt=-pass-through=-lgcc -plugin-opt=-pass-through=-lgcc -plugin-opt=-pass-through=-lc -plugin-opt=-pass-through=-lnosys -melf32lriscv -o cmTC_c1e63 -L/home/diego/.espressif/tools/riscv32-esp-elf/esp-13.2.0_20230928/riscv32-esp-elf/bin/../lib/gcc/riscv32-esp-elf/13.2.0/rv32imc_zicsr_zifencei/ilp32 -L/home/diego/.espressif/tools/riscv32-esp-elf/esp-13.2.0_20230928/riscv32-esp-elf/bin/../lib/gcc/riscv32-esp-elf/13.2.0/../../../../riscv32-esp-elf/lib/rv32imc_zicsr_zifencei/ilp32 -L/home/diego/.espressif/tools/riscv32-esp-elf/esp-13.2.0_20230928/riscv32-esp-elf/bin/../lib/gcc/riscv32-esp-elf/13.2.0 -L/home/diego/.espressif/tools/riscv32-esp-elf/esp-13.2.0_20230928/riscv32-esp-elf/bin/../lib/gcc -L/home/diego/.espressif/tools/riscv32-esp-elf/esp-13.2.0_20230928/riscv32-esp-elf/bin/../lib/gcc/riscv32-esp-elf/13.2.0/../../../../riscv32-esp-elf/lib CMakeFiles/cmTC_c1e63.dir/CMakeCCompilerABI.c.obj -lgcc -lc -lnosys -lc -lgcc --start-group -lgcc -lc -lnosys --end-group
/home/diego/.espressif/tools/riscv32-esp-elf/esp-13.2.0_20230928/riscv32-esp-elf/bin/../lib/gcc/riscv32-esp-elf/13.2.0/../../../../riscv32-esp-elf/bin/ld: warning: cannot find entry symbol _start; defaulting to 00010074
COLLECT_GCC_OPTIONS='-nostartfiles' '-march=rv32imc_zicsr_zifencei' '-specs=nosys.specs' '-v' '-o' 'cmTC_c1e63' '-mabi=ilp32' '-misa-spec=20191213' '-march=rv32imc_zicsr_zifencei' '-dumpdir' 'cmTC_c1e63.'



Parsed C implicit include dir info from above output: rv=done
  found start of include info
  found start of implicit include info
    add: [/home/diego/.espressif/tools/riscv32-esp-elf/esp-13.2.0_20230928/riscv32-esp-elf/bin/../lib/gcc/riscv32-esp-elf/13.2.0/include]
    add: [/home/diego/.espressif/tools/riscv32-esp-elf/esp-13.2.0_20230928/riscv32-esp-elf/bin/../lib/gcc/riscv32-esp-elf/13.2.0/include-fixed]
    add: [/home/diego/.espressif/tools/riscv32-esp-elf/esp-13.2.0_20230928/riscv32-esp-elf/bin/../lib/gcc/riscv32-esp-elf/13.2.0/../../../../riscv32-esp-elf/sys-include]
    add: [/home/diego/.espressif/tools/riscv32-esp-elf/esp-13.2.0_20230928/riscv32-esp-elf/bin/../lib/gcc/riscv32-esp-elf/13.2.0/../../../../riscv32-esp-elf/include]
  end of search list found
  collapse include dir [/home/diego/.espressif/tools/riscv32-esp-elf/esp-13.2.0_20230928/riscv32-esp-elf/bin/../lib/gcc/riscv32-esp-elf/13.2.0/include] ==> [/home/diego/.espressif/tools/riscv32-esp-elf/esp-13.2.0_20230928/riscv32-esp-elf/lib/gcc/riscv32-esp-elf/13.2.0/include]
  collapse include dir [/home/diego/.espressif/tools/riscv32-esp-elf/esp-13.2.0_20230928/riscv32-esp-elf/bin/../lib/gcc/riscv32-esp-elf/13.2.0/include-fixed] ==> [/home/diego/.espressif/tools/riscv32-esp-elf/esp-13.2.0_20230928/riscv32-esp-elf/lib/gcc/riscv32-esp-elf/13.2.0/include-fixed]
  collapse include dir [/home/diego/.espressif/tools/riscv32-esp-elf/esp-13.2.0_20230928/riscv32-esp-elf/bin/../lib/gcc/riscv32-esp-elf/13.2.0/../../../../riscv32-esp-elf/sys-include] ==> [/home/diego/.espressif/tools/riscv32-esp-elf/esp-13.2.0_20230928/riscv32-esp-elf/riscv32-esp-elf/sys-include]
  collapse include dir [/home/diego/.espressif/tools/riscv32-esp-elf/esp-13.2.0_20230928/riscv32-esp-elf/bin/../lib/gcc/riscv32-esp-elf/13.2.0/../../../../riscv32-esp-elf/include] ==> [/home/diego/.espressif/tools/riscv32-esp-elf/esp-13.2.0_20230928/riscv32-esp-elf/riscv32-esp-elf/include]
  implicit include dirs: [/home/diego/.espressif/tools/riscv32-esp-elf/esp-13.2.0_20230928/riscv32-esp-elf/lib/gcc/riscv32-esp-elf/13.2.0/include;/home/diego/.espressif/tools/riscv32-esp-elf/esp-13.2.0_20230928/riscv32-esp-elf/lib/gcc/riscv32-esp-elf/13.2.0/include-fixed;/home/diego/.espressif/tools/riscv32-esp-elf/esp-13.2.0_20230928/riscv32-esp-elf/riscv32-esp-elf/sys-include;/home/diego/.espressif/tools/riscv32-esp-elf/esp-13.2.0_20230928/riscv32-esp-elf/riscv32-esp-elf/include]


Parsed C implicit link information from above output:
  link line regex: [^( *|.*[/\])(riscv32-esp-elf-ld|CMAKE_LINK_STARTFILE-NOTFOUND|([^/\]+-)?ld|collect2)[^/\]*( |$)]
  ignore line: [Change Dir: /home/diego/proyectos/_/viejo/cr_c/build/CMakeFiles/CMakeScratch/TryCompile-J57dWf]
  ignore line: []
  ignore line: [Run Build Command(s):/usr/bin/ninja cmTC_c1e63 && [1/2] Building C object CMakeFiles/cmTC_c1e63.dir/CMakeCCompilerABI.c.obj]
  ignore line: [Using built-in specs.]
  ignore line: [COLLECT_GCC=/home/diego/.espressif/tools/riscv32-esp-elf/esp-13.2.0_20230928/riscv32-esp-elf/bin/riscv32-esp-elf-gcc]
  ignore line: [Target: riscv32-esp-elf]
  ignore line: [Configured with: /builds/idf/crosstool-NG/.build/riscv32-esp-elf/src/gcc/configure --build=x86_64-build_pc-linux-gnu --host=x86_64-build_pc-linux-gnu --target=riscv32-esp-elf --prefix=/builds/idf/crosstool-NG/builds/riscv32-esp-elf --exec_prefix=/builds/idf/crosstool-NG/builds/riscv32-esp-elf --with-local-prefix=/builds/idf/crosstool-NG/builds/riscv32-esp-elf/riscv32-esp-elf --with-headers=/builds/idf/crosstool-NG/builds/riscv32-esp-elf/riscv32-esp-elf/include --with-newlib --enable-threads=no --disable-shared --with-arch=rv32gc --with-abi=ilp32 --with-pkgversion='crosstool-NG esp-13.2.0_20230928' --disable-__cxa_atexit --enable-cxx-flags=-ffunction-sections --disable-libgomp --disable-libmudflap --disable-libmpx --disable-libssp --disable-libquadmath --disable-libquadmath-support --disable-libstdcxx-verbose --with-gmp=/builds/idf/crosstool-NG/.build/riscv32-esp-elf/buildtools --with-mpfr=/builds/idf/crosstool-NG/.build/riscv32-esp-elf/buildtools --with-mpc=/builds/idf/crosstool-NG/.build/riscv32-esp-elf/buildtools --with-isl=/builds/idf/crosstool-NG/.build/riscv32-esp-elf/buildtools --enable-lto --enable-target-optspace --without-long-double-128 --disable-nls --enable-multiarch --enable-languages=c c++ --disable-libstdcxx-verbose --enable-threads=posix --enable-gcov-custom-rtio --enable-libstdcxx-time=yes]
  ignore line: [Thread model: posix]
  ignore line: [Supported LTO compression algorithms: zlib]
  ignore line: [gcc version 13.2.0 (crosstool-NG esp-13.2.0_20230928) ]
  ignore line: [COLLECT_GCC_OPTIONS='-march=rv32imc_zicsr_zifencei' '-v' '-o' 'CMakeFiles/cmTC_c1e63.dir/CMakeCCompilerABI.c.obj' '-c' '-mabi=ilp32' '-misa-spec=20191213' '-march=rv32imc_zicsr_zifencei' '-dumpdir' 'CMakeFiles/cmTC_c1e63.dir/']
  ignore line: [ /home/diego/.espressif/tools/riscv32-esp-elf/esp-13.2.0_20230928/riscv32-esp-elf/bin/../libexec/gcc/riscv32-esp-elf/13.2.0/cc1 -quiet -v -imultilib rv32imc_zicsr_zifencei/ilp32 -iprefix /home/diego/.espressif/tools/riscv32-esp-elf/esp-13.2.0_20230928/riscv32-esp-elf/bin/../lib/gcc/riscv32-esp-elf/13.2.0/ /usr/share/cmake-3.25/Modules/CMakeCCompilerABI.c -quiet -dumpdir CMakeFiles/cmTC_c1e63.dir/ -dumpbase CMakeCCompilerABI.c.c -dumpbase-ext .c -march=rv32imc_zicsr_zifencei -mabi=ilp32 -misa-spec=20191213 -march=rv32imc_zicsr_zifencei -version -o /tmp/cc5fAsHg.s]
  ignore line: [GNU C17 (crosstool-NG esp-13.2.0_20230928) version 13.2.0 (riscv32-esp-elf)]
  ignore line: [	compiled by GNU C version 4.9.2  GMP version 6.2.1  MPFR version 4.1.0  MPC version 1.2.1  isl version isl-0.24-GMP]
  ignore line: []
  ignore line: [GGC heuristics: --param ggc-min-expand=100 --param ggc-min-heapsize=131072]
  ignore line: [ignoring duplicate directory "/home/diego/.espressif/tools/riscv32-esp-elf/esp-13.2.0_20230928/riscv32-esp-elf/bin/../lib/gcc/../../lib/gcc/riscv32-esp-elf/13.2.0/include"]
  ignore line: [ignoring duplicate directory "/home/diego/.espressif/tools/riscv32-esp-elf/esp-13.2.0_20230928/riscv32-esp-elf/bin/../lib/gcc/../../lib/gcc/riscv32-esp-elf/13.2.0/include-fixed"]
  ignore line: [ignoring duplicate directory "/home/diego/.espressif/tools/riscv32-esp-elf/esp-13.2.0_20230928/riscv32-esp-elf/bin/../lib/gcc/../../lib/gcc/riscv32-esp-elf/13.2.0/../../../../riscv32-esp-elf/sys-include"]
  ignore line: [ignoring duplicate directory "/home/diego/.espressif/tools/riscv32-esp-elf/esp-13.2.0_20230928/riscv32-esp-elf/bin/../lib/gcc/../../lib/gcc/riscv32-esp-elf/13.2.0/../../../../riscv32-esp-elf/include"]
  ignore line: [#include "..." search starts here:]
  ignore line: [#include <...> search starts here:]
  ignore line: [ /home/diego/.espressif/tools/riscv32-esp-elf/esp-13.2.0_20230928/riscv32-esp-elf/bin/../lib/gcc/riscv32-esp-elf/13.2.0/include]
  ignore line: [ /home/diego/.espressif/tools/riscv32-esp-elf/esp-13.2.0_20230928/riscv32-esp-elf/bin/../lib/gcc/riscv32-esp-elf/13.2.0/include-fixed]
  ignore line: [ /home/diego/.espressif/tools/riscv32-esp-elf/esp-13.2.0_20230928/riscv32-esp-elf/bin/../lib/gcc/riscv32-esp-elf/13.2.0/../../../../riscv32-esp-elf/sys-include]
  ignore line: [ /home/diego/.espressif/tools/riscv32-esp-elf/esp-13.2.0_20230928/riscv32-esp-elf/bin/../lib/gcc/riscv32-esp-elf/13.2.0/../../../../riscv32-esp-elf/include]
  ignore line: [End of search list.]
  ignore line: [Compiler executable checksum: 77495f34f76e3c762dece7c39ed79778]
  ignore line: [COLLECT_GCC_OPTIONS='-march=rv32imc_zicsr_zifencei' '-v' '-o' 'CMakeFiles/cmTC_c1e63.dir/CMakeCCompilerABI.c.obj' '-c' '-mabi=ilp32' '-misa-spec=20191213' '-march=rv32imc_zicsr_zifencei' '-dumpdir' 'CMakeFiles/cmTC_c1e63.dir/']
  ignore line: [ /home/diego/.espressif/tools/riscv32-esp-elf/esp-13.2.0_20230928/riscv32-esp-elf/bin/../lib/gcc/riscv32-esp-elf/13.2.0/../../../../riscv32-esp-elf/bin/as -v --traditional-format -march=rv32imc_zicsr_zifencei -march=rv32imc_zicsr_zifencei -mabi=ilp32 -misa-spec=20191213 -o CMakeFiles/cmTC_c1e63.dir/CMakeCCompilerABI.c.obj /tmp/cc5fAsHg.s]
  ignore line: [GNU assembler version 2.41 (riscv32-esp-elf) using BFD version (crosstool-NG esp-13.2.0_20230928) 2.41]
  ignore line: [COMPILER_PATH=/home/diego/.espressif/tools/riscv32-esp-elf/esp-13.2.0_20230928/riscv32-esp-elf/bin/../libexec/gcc/riscv32-esp-elf/13.2.0/:/home/diego/.espressif/tools/riscv32-esp-elf/esp-13.2.0_20230928/riscv32-esp-elf/bin/../libexec/gcc/:/home/diego/.espressif/tools/riscv32-esp-elf/esp-13.2.0_20230928/riscv32-esp-elf/bin/../lib/gcc/riscv32-esp-elf/13.2.0/../../../../riscv32-esp-elf/bin/]
  ignore line: [LIBRARY_PATH=/home/diego/.espressif/tools/riscv32-esp-elf/esp-13.2.0_20230928/riscv32-esp-elf/bin/../lib/gcc/riscv32-esp-elf/13.2.0/rv32imc_zicsr_zifencei/ilp32/:/home/diego/.espressif/tools/riscv32-esp-elf/esp-13.2.0_20230928/riscv32-esp-elf/bin/../lib/gcc/riscv32-esp-elf/13.2.0/../../../../riscv32-esp-elf/lib/rv32imc_zicsr_zifencei/ilp32/:/home/diego/.espressif/tools/riscv32-esp-elf/esp-13.2.0_20230928/riscv32-esp-elf/bin/../lib/gcc/riscv32-esp-elf/13.2.0/:/home/diego/.espressif/tools/riscv32-esp-elf/esp-13.2.0_20230928/riscv32-esp-elf/bin/../lib/gcc/:/home/diego/.espressif/tools/riscv32-esp-elf/esp-13.2.0_20230928/riscv32-esp-elf/bin/../lib/gcc/riscv32-esp-elf/13.2.0/../../../../riscv32-esp-elf/lib/]
  ignore line: [COLLECT_GCC_OPTIONS='-march=rv32imc_zicsr_zifencei' '-v' '-o' 'CMakeFiles/cmTC_c1e63.dir/CMakeCCompilerABI.c.obj' '-c' '-mabi=ilp32' '-misa-spec=20191213' '-march=rv32imc_zicsr_zifencei' '-dumpdir' 'CMakeFiles/cmTC_c1e63.dir/CMakeCCompilerABI.c.']
  ignore line: [[2/2] Linking C executable cmTC_c1e63]
  ignore line: [Using built-in specs.]
  ignore line: [Reading specs from /home/diego/.espressif/tools/riscv32-esp-elf/esp-13.2.0_20230928/riscv32-esp-elf/bin/../lib/gcc/riscv32-esp-elf/13.2.0/../../../../riscv32-esp-elf/lib/nosys.specs]
  ignore line: [rename spec link_gcc_c_sequence to nosys_link_gcc_c_sequence]
  ignore line: [COLLECT_GCC=/home/diego/.espressif/tools/riscv32-esp-elf/esp-13.2.0_20230928/riscv32-esp-elf/bin/riscv32-esp-elf-gcc]
  ignore line: [COLLECT_LTO_WRAPPER=/home/diego/.espressif/tools/riscv32-esp-elf/esp-13.2.0_20230928/riscv32-esp-elf/bin/../libexec/gcc/riscv32-esp-elf/13.2.0/lto-wrapper]
  ignore line: [Target: riscv32-esp-elf]
  ignore line: [Configured with: /builds/idf/crosstool-NG/.build/riscv32-esp-elf/src/gcc/configure --build=x86_64-build_pc-linux-gnu --host=x86_64-build_pc-linux-gnu --target=riscv32-esp-elf --prefix=/builds/idf/crosstool-NG/builds/riscv32-esp-elf --exec_prefix=/builds/idf/crosstool-NG/builds/riscv32-esp-elf --with-local-prefix=/builds/idf/crosstool-NG/builds/riscv32-esp-elf/riscv32-esp-elf --with-headers=/builds/idf/crosstool-NG/builds/riscv32-esp-elf/riscv32-esp-elf/include --with-newlib --enable-threads=no --disable-shared --with-arch=rv32gc --with-abi=ilp32 --with-pkgversion='crosstool-NG esp-13.2.0_20230928' --disable-__cxa_atexit --enable-cxx-flags=-ffunction-sections --disable-libgomp --disable-libmudflap --disable-libmpx --disable-libssp --disable-libquadmath --disable-libquadmath-support --disable-libstdcxx-verbose --with-gmp=/builds/idf/crosstool-NG/.build/riscv32-esp-elf/buildtools --with-mpfr=/builds/idf/crosstool-NG/.build/riscv32-esp-elf/buildtools --with-mpc=/builds/idf/crosstool-NG/.build/riscv32-esp-elf/buildtools --with-isl=/builds/idf/crosstool-NG/.build/riscv32-esp-elf/buildtools --enable-lto --enable-target-optspace --without-long-double-128 --disable-nls --enable-multiarch --enable-languages=c c++ --disable-libstdcxx-verbose --enable-threads=posix --enable-gcov-custom-rtio --enable-libstdcxx-time=yes]
  ignore line: [Thread model: posix]
  ignore line: [Supported LTO compression algorithms: zlib]
  ignore line: [gcc version 13.2.0 (crosstool-NG esp-13.2.0_20230928) ]
  ignore line: [COMPILER_PATH=/home/diego/.espressif/tools/riscv32-esp-elf/esp-13.2.0_20230928/riscv32-esp-elf/bin/../libexec/gcc/riscv32-esp-elf/13.2.0/:/home/diego/.espressif/tools/riscv32-esp-elf/esp-13.2.0_20230928/riscv32-esp-elf/bin/../libexec/gcc/:/home/diego/.espressif/tools/riscv32-esp-elf/esp-13.2.0_20230928/riscv32-esp-elf/bin/../lib/gcc/riscv32-esp-elf/13.2.0/../../../../riscv32-esp-elf/bin/]
  ignore line: [LIBRARY_PATH=/home/diego/.espressif/tools/riscv32-esp-elf/esp-13.2.0_20230928/riscv32-esp-elf/bin/../lib/gcc/riscv32-esp-elf/13.2.0/rv32imc_zicsr_zifencei/ilp32/:/home/diego/.espressif/tools/riscv32-esp-elf/esp-13.2.0_20230928/riscv32-esp-elf/bin/../lib/gcc/riscv32-esp-elf/13.2.0/../../../../riscv32-esp-elf/lib/rv32imc_zicsr_zifencei/ilp32/:/home/diego/.espressif/tools/riscv32-esp-elf/esp-13.2.0_20230928/riscv32-esp-elf/bin/../lib/gcc/riscv32-esp-elf/13.2.0/:/home/diego/.espressif/tools/riscv32-esp-elf/esp-13.2.0_20230928/riscv32-esp-elf/bin/../lib/gcc/:/home/diego/.espressif/tools/riscv32-esp-elf/esp-13.2.0_20230928/riscv32-esp-elf/bin/../lib/gcc/riscv32-esp-elf/13.2.0/../../../../riscv32-esp-elf/lib/]
  ignore line: [COLLECT_GCC_OPTIONS='-nostartfiles' '-march=rv32imc_zicsr_zifencei' '-specs=nosys.specs' '-v' '-o' 'cmTC_c1e63' '-mabi=ilp32' '-misa-spec=20191213' '-march=rv32imc_zicsr_zifencei' '-dumpdir' 'cmTC_c1e63.']
  link line: [ /home/diego/.espressif/tools/riscv32-esp-elf/esp-13.2.0_20230928/riscv32-esp-elf/bin/../libexec/gcc/riscv32-esp-elf/13.2.0/collect2 -plugin /home/diego/.espressif/tools/riscv32-esp-elf/esp-13.2.0_20230928/riscv32-esp-elf/bin/../libexec/gcc/riscv32-esp-elf/13.2.0/liblto_plugin.so -plugin-opt=/home/diego/.espressif/tools/riscv32-esp-elf/esp-13.2.0_20230928/riscv32-esp-elf/bin/../libexec/gcc/riscv32-esp-elf/13.2.0/lto-wrapper -plugin-opt=-fresolution=/tmp/ccznkTsm.res -plugin-opt=-pass-through=-lgcc -plugin-opt=-pass-through=-lc -plugin-opt=-pass-through=-lnosys -plugin-opt=-pass-through=-lc -plugin-opt=-pass-through=-lgcc -plugin-opt=-pass-through=-lgcc -plugin-opt=-pass-through=-lc -plugin-opt=-pass-through=-lnosys -melf32lriscv -o cmTC_c1e63 -L/home/diego/.espressif/tools/riscv32-esp-elf/esp-13.2.0_20230928/riscv32-esp-elf/bin/../lib/gcc/riscv32-esp-elf/13.2.0/rv32imc_zicsr_zifencei/ilp32 -L/home/diego/.espressif/tools/riscv32-esp-elf/esp-13.2.0_20230928/riscv32-esp-elf/bin/../lib/gcc/riscv32-esp-elf/13.2.0/../../../../riscv32-esp-elf/lib/rv32imc_zicsr_zifencei/ilp32 -L/home/diego/.espressif/tools/riscv32-esp-elf/esp-13.2.0_20230928/riscv32-esp-elf/bin/../lib/gcc/riscv32-esp-elf/13.2.0 -L/home/diego/.espressif/tools/riscv32-esp-elf/esp-13.2.0_20230928/riscv32-esp-elf/bin/../lib/gcc -L/home/diego/.espressif/tools/riscv32-esp-elf/esp-13.2.0_20230928/riscv32-esp-elf/bin/../lib/gcc/riscv32-esp-elf/13.2.0/../../../../riscv32-esp-elf/lib CMakeFiles/cmTC_c1e63.dir/CMakeCCompilerABI.c.obj -lgcc -lc -lnosys -lc -lgcc --start-group -lgcc -lc -lnosys --end-group]
    arg [/home/diego/.espressif/tools/riscv32-esp-elf/esp-13.2.0_20230928/riscv32-esp-elf/bin/../libexec/gcc/riscv32-esp-elf/13.2.0/collect2] ==> ignore
    arg [-plugin] ==> ignore
    arg [/home/diego/.espressif/tools/riscv32-esp-elf/esp-13.2.0_20230928/riscv32-esp-elf/bin/../libexec/gcc/riscv32-esp-elf/13.2.0/liblto_plugin.so] ==> ignore
    arg [-plugin-opt=/home/diego/.espressif/tools/riscv32-esp-elf/esp-13.2.0_20230928/riscv32-esp-elf/bin/../libexec/gcc/riscv32-esp-elf/13.2.0/lto-wrapper] ==> ignore
    arg [-plugin-opt=-fresolution=/tmp/ccznkTsm.res] ==> ignore
    arg [-plugin-opt=-pass-through=-lgcc] ==> ignore
    arg [-plugin-opt=-pass-through=-lc] ==> ignore
    arg [-plugin-opt=-pass-through=-lnosys] ==> ignore
    arg [-plugin-opt=-pass-through=-lc] ==> ignore
    arg [-plugin-opt=-pass-through=-lgcc] ==> ignore
    arg [-plugin-opt=-pass-through=-lgcc] ==> ignore
    arg [-plugin-opt=-pass-through=-lc] ==> ignore
    arg [-plugin-opt=-pass-through=-lnosys] ==> ignore
    arg [-melf32lriscv] ==> ignore
    arg [-o] ==> ignore
    arg [cmTC_c1e63] ==> ignore
    arg [-L/home/diego/.espressif/tools/riscv32-esp-elf/esp-13.2.0_20230928/riscv32-esp-elf/bin/../lib/gcc/riscv32-esp-elf/13.2.0/rv32imc_zicsr_zifencei/ilp32] ==> dir [/home/diego/.espressif/tools/riscv32-esp-elf/esp-13.2.0_20230928/riscv32-esp-elf/bin/../lib/gcc/riscv32-esp-elf/13.2.0/rv32imc_zicsr_zifencei/ilp32]
    arg [-L/home/diego/.espressif/tools/riscv32-esp-elf/esp-13.2.0_20230928/riscv32-esp-elf/bin/../lib/gcc/riscv32-esp-elf/13.2.0/../../../../riscv32-esp-elf/lib/rv32imc_zicsr_zifencei/ilp32] ==> dir [/home/diego/.espressif/tools/riscv32-esp-elf/esp-13.2.0_20230928/riscv32-esp-elf/bin/../lib/gcc/riscv32-esp-elf/13.2.0/../../../../riscv32-esp-elf/lib/rv32imc_zicsr_zifencei/ilp32]
    arg [-L/home/diego/.espressif/tools/riscv32-esp-elf/esp-13.2.0_20230928/riscv32-esp-elf/bin/../lib/gcc/riscv32-esp-elf/13.2.0] ==> dir [/home/diego/.espressif/tools/riscv32-esp-elf/esp-13.2.0_20230928/riscv32-esp-elf/bin/../lib/gcc/riscv32-esp-elf/13.2.0]
    arg [-L/home/diego/.espressif/tools/riscv32-esp-elf/esp-13.2.0_20230928/riscv32-esp-elf/bin/../lib/gcc] ==> dir [/home/diego/.espressif/tools/riscv32-esp-elf/esp-13.2.0_20230928/riscv32-esp-elf/bin/../lib/gcc]
    arg [-L/home/diego/.espressif/tools/riscv32-esp-elf/esp-13.2.0_20230928/riscv32-esp-elf/bin/../lib/gcc/riscv32-esp-elf/13.2.0/../../../../riscv32-esp-elf/lib] ==> dir [/home/diego/.espressif/tools/riscv32-esp-elf/esp-13.2.0_20230928/riscv32-esp-elf/bin/../lib/gcc/riscv32-esp-elf/13.2.0/../../../../riscv32-esp-elf/lib]
    arg [CMakeFiles/cmTC_c1e63.dir/CMakeCCompilerABI.c.obj] ==> ignore
    arg [-lgcc] ==> lib [gcc]
    arg [-lc] ==> lib [c]
    arg [-lnosys] ==> lib [nosys]
    arg [-lc] ==> lib [c]
    arg [-lgcc] ==> lib [gcc]
    arg [--start-group] ==> ignore
    arg [-lgcc] ==> lib [gcc]
    arg [-lc] ==> lib [c]
    arg [-lnosys] ==> lib [nosys]
    arg [--end-group] ==> ignore
  collapse library dir [/home/diego/.espressif/tools/riscv32-esp-elf/esp-13.2.0_20230928/riscv32-esp-elf/bin/../lib/gcc/riscv32-esp-elf/13.2.0/rv32imc_zicsr_zifencei/ilp32] ==> [/home/diego/.espressif/tools/riscv32-esp-elf/esp-13.2.0_20230928/riscv32-esp-elf/lib/gcc/riscv32-esp-elf/13.2.0/rv32imc_zicsr_zifencei/ilp32]
  collapse library dir [/home/diego/.espressif/tools/riscv32-esp-elf/esp-13.2.0_20230928/riscv32-esp-elf/bin/../lib/gcc/riscv32-esp-elf/13.2.0/../../../../riscv32-esp-elf/lib/rv32imc_zicsr_zifencei/ilp32] ==> [/home/diego/.espressif/tools/riscv32-esp-elf/esp-13.2.0_20230928/riscv32-esp-elf/riscv32-esp-elf/lib/rv32imc_zicsr_zifencei/ilp32]
  collapse library dir [/home/diego/.espressif/tools/riscv32-esp-elf/esp-13.2.0_20230928/riscv32-esp-elf/bin/../lib/gcc/riscv32-esp-elf/13.2.0] ==> [/home/diego/.espressif/tools/riscv32-esp-elf/esp-13.2.0_20230928/riscv32-esp-elf/lib/gcc/riscv32-esp-elf/13.2.0]
  collapse library dir [/home/diego/.espressif/tools/riscv32-esp-elf/esp-13.2.0_20230928/riscv32-esp-elf/bin/../lib/gcc] ==> [/home/diego/.espressif/tools/riscv32-esp-elf/esp-13.2.0_20230928/riscv32-esp-elf/lib/gcc]
  collapse library dir [/home/diego/.espressif/tools/riscv32-esp-elf/esp-13.2.0_20230928/riscv32-esp-elf/bin/../lib/gcc/riscv32-esp-elf/13.2.0/../../../../riscv32-esp-elf/lib] ==> [/home/diego/.espressif/tools/riscv32-esp-elf/esp-13.2.0_20230928/riscv32-esp-elf/riscv32-esp-elf/lib]
  implicit libs: [gcc;c;nosys;c;gcc;gcc;c;nosys]
  implicit objs: []
  implicit dirs: [/home/diego/.espressif/tools/riscv32-esp-elf/esp-13.2.0_20230928/riscv32-esp-elf/lib/gcc/riscv32-esp-elf/13.2.0/rv32imc_zicsr_zifencei/ilp32;/home/diego/.espressif/tools/riscv32-esp-elf/esp-13.2.0_20230928/riscv32-esp-elf/riscv32-esp-elf/lib/rv32imc_zicsr_zifencei/ilp32;/home/diego/.espressif/tools/riscv32-esp-elf/esp-13.2.0_20230928/riscv32-esp-elf/lib/gcc/riscv32-esp-elf/13.2.0;/home/diego/.espressif/tools/riscv32-esp-elf/esp-13.2.0_20230928/riscv32-esp-elf/lib/gcc;/home/diego/.espressif/tools/riscv32-esp-elf/esp-13.2.0_20230928/riscv32-esp-elf/riscv32-esp-elf/lib]
  implicit fwks: []


Detecting CXX compiler ABI info compiled with the following output:
Change Dir: /home/diego/proyectos/_/viejo/cr_c/build/CMakeFiles/CMakeScratch/TryCompile-6JdKeX

Run Build Command(s):/usr/bin/ninja cmTC_90b2b && [1/2] Building CXX object CMakeFiles/cmTC_90b2b.dir/CMakeCXXCompilerABI.cpp.obj
Using built-in specs.
COLLECT_GCC=/home/diego/.espressif/tools/riscv32-esp-elf/esp-13.2.0_20230928/riscv32-esp-elf/bin/riscv32-esp-elf-g++
Target: riscv32-esp-elf
Configured with: /builds/idf/crosstool-NG/.build/riscv32-esp-elf/src/gcc/configure --build=x86_64-build_pc-linux-gnu --host=x86_64-build_pc-linux-gnu --target=riscv32-esp-elf --prefix=/builds/idf/crosstool-NG/builds/riscv32-esp-elf --exec_prefix=/builds/idf/crosstool-NG/builds/riscv32-esp-elf --with-local-prefix=/builds/idf/crosstool-NG/builds/riscv32-esp-elf/riscv32-esp-elf --with-headers=/builds/idf/crosstool-NG/builds/riscv32-esp-elf/riscv32-esp-elf/include --with-newlib --enable-threads=no --disable-shared --with-arch=rv32gc --with-abi=ilp32 --with-pkgversion='crosstool-NG esp-13.2.0_20230928' --disable-__cxa_atexit --enable-cxx-flags=-ffunction-sections --disable-libgomp --disable-libmudflap --disable-libmpx --disable-libssp --disable-libquadmath --disable-libquadmath-support --disable-libstdcxx-verbose --with-gmp=/builds/idf/crosstool-NG/.build/riscv32-esp-elf/buildtools --with-mpfr=/builds/idf/crosstool-NG/.build/riscv32-esp-elf/buildtools --with-mpc=/builds/idf/crosstool-NG/.build/riscv32-esp-elf/buildtools --with-isl=/builds/idf/crosstool-NG/.build/riscv32-esp-elf/buildtools --enable-lto --enable-target-optspace --without-long-double-128 --disable-nls --enable-multiarch --enable-languages=c,c++ --disable-libstdcxx-verbose --enable-threads=posix --enable-gcov-custom-rtio --enable-libstdcxx-time=yes
Thread model: posix
Supported LTO compression algorithms: zlib
gcc version 13.2.0 (crosstool-NG esp-13.2.0_20230928) 
COLLECT_GCC_OPTIONS='-march=rv32imc_zicsr_zifencei' '-v' '-o' 'CMakeFiles/cmTC_90b2b.dir/CMakeCXXCompilerABI.cpp.obj' '-c' '-mabi=ilp32' '-misa-spec=20191213' '-march=rv32imc_zicsr_zifencei' '-dumpdir' 'CMakeFiles/cmTC_90b2b.dir/'
 /home/diego/.espressif/tools/riscv32-esp-elf/esp-13.2.0_20230928/riscv32-esp-elf/bin/../libexec/gcc/riscv32-esp-elf/13.2.0/cc1plus -quiet -v -imultilib rv32imc_zicsr_zifencei/ilp32 -iprefix /home/diego/.espressif/tools/riscv32-esp-elf/esp-13.2.0_20230928/riscv32-esp-elf/bin/../lib/gcc/riscv32-esp-elf/13.2.0/ /usr/share/cmake-3.25/Modules/CMakeCXXCompilerABI.cpp -quiet -dumpdir CMakeFiles/cmTC_90b2b.dir/ -dumpbase CMakeCXXCompilerABI.cpp.cpp -dumpbase-ext .cpp -march=rv32imc_zicsr_zifencei -mabi=ilp32 -misa-spec=20191213 -march=rv32imc_zicsr_zifencei -version -o /tmp/ccOkXG5p.s
GNU C++17 (crosstool-NG esp-13.2.0_20230928) version 13.2.0 (riscv32-esp-elf)
	compiled by GNU C version 4.9.2, GMP version 6.2.1, MPFR version 4.1.0, MPC version 1.2.1, isl version isl-0.24-GMP

GGC heuristics: --param ggc-min-expand=100 --param ggc-min-heapsize=131072
ignoring duplicate directory "/home/diego/.espressif/tools/riscv32-esp-elf/esp-13.2.0_20230928/riscv32-esp-elf/bin/../lib/gcc/../../lib/gcc/riscv32-esp-elf/13.2.0/../../../../riscv32-esp-elf/include/c++/13.2.0"
ignoring duplicate directory "/home/diego/.espressif/tools/riscv32-esp-elf/esp-13.2.0_20230928/riscv32-esp-elf/bin/../lib/gcc/../../lib/gcc/riscv32-esp-elf/13.2.0/../../../../riscv32-esp-elf/include/c++/13.2.0/riscv32-esp-elf/rv32imc_zicsr_zifencei/ilp32"
ignoring duplicate directory "/home/diego/.espressif/tools/riscv32-esp-elf/esp-13.2.0_20230928/riscv32-esp-elf/bin/../lib/gcc/../../lib/gcc/riscv32-esp-elf/13.2.0/../../../../riscv32-esp-elf/include/c++/13.2.0/backward"
ignoring duplicate directory "/home/diego/.espressif/tools/riscv32-esp-elf/esp-13.2.0_20230928/riscv32-esp-elf/bin/../lib/gcc/../../lib/gcc/riscv32-esp-elf/13.2.0/include"
ignoring duplicate directory "/home/diego/.espressif/tools/riscv32-esp-elf/esp-13.2.0_20230928/riscv32-esp-elf/bin/../lib/gcc/../../lib/gcc/riscv32-esp-elf/13.2.0/include-fixed"
ignoring duplicate directory "/home/diego/.espressif/tools/riscv32-esp-elf/esp-13.2.0_20230928/riscv32-esp-elf/bin/../lib/gcc/../../lib/gcc/riscv32-esp-elf/13.2.0/../../../../riscv32-esp-elf/sys-include"
ignoring duplicate directory "/home/diego/.espressif/tools/riscv32-esp-elf/esp-13.2.0_20230928/riscv32-esp-elf/bin/../lib/gcc/../../lib/gcc/riscv32-esp-elf/13.2.0/../../../../riscv32-esp-elf/include"
#include "..." search starts here:
#include <...> search starts here:
 /home/diego/.espressif/tools/riscv32-esp-elf/esp-13.2.0_20230928/riscv32-esp-elf/bin/../lib/gcc/riscv32-esp-elf/13.2.0/../../../../riscv32-esp-elf/include/c++/13.2.0
 /home/diego/.espressif/tools/riscv32-esp-elf/esp-13.2.0_20230928/riscv32-esp-elf/bin/../lib/gcc/riscv32-esp-elf/13.2.0/../../../../riscv32-esp-elf/include/c++/13.2.0/riscv32-esp-elf/rv32imc_zicsr_zifencei/ilp32
 /home/diego/.espressif/tools/riscv32-esp-elf/esp-13.2.0_20230928/riscv32-esp-elf/bin/../lib/gcc/riscv32-esp-elf/13.2.0/../../../../riscv32-esp-elf/include/c++/13.2.0/backward
 /home/diego/.espressif/tools/riscv32-esp-elf/esp-13.2.0_20230928/riscv32-esp-elf/bin/../lib/gcc/riscv32-esp-elf/13.2.0/include
 /home/diego/.espressif/tools/riscv32-esp-elf/esp-13.2.0_20230928/riscv32-esp-elf/bin/../lib/gcc/riscv32-esp-elf/13.2.0/include-fixed
 /home/diego/.espressif/tools/riscv32-esp-elf/esp-13.2.0_20230928/riscv32-esp-elf/bin/../lib/gcc/riscv32-esp-elf/13.2.0/../../../../riscv32-esp-elf/sys-include
 /home/diego/.espressif/tools/riscv32-esp-elf/esp-13.2.0_20230928/riscv32-esp-elf/bin/../lib/gcc/riscv32-esp-elf/13.2.0/../../../../riscv32-esp-elf/include
End of search list.
Compiler executable checksum: 2f922d80f93cca9f059a3573788cba06
COLLECT_GCC_OPTIONS='-march=rv32imc_zicsr_zifencei' '-v' '-o' 'CMakeFiles/cmTC_90b2b.dir/CMakeCXXCompilerABI.cpp.obj' '-c' '-mabi=ilp32' '-misa-spec=20191213' '-march=rv32imc_zicsr_zifencei' '-dumpdir' 'CMakeFiles/cmTC_90b2b.dir/'
 /home/diego/.espressif/tools/riscv32-esp-elf/esp-13.2.0_20230928/riscv32-esp-elf/bin/../lib/gcc/riscv32-esp-elf/13.2.0/../../../../riscv32-esp-elf/bin/as -v --traditional-format -march=rv32imc_zicsr_zifencei -march=rv32imc_zicsr_zifencei -mabi=ilp32 -misa-spec=20191213 -o CMakeFiles/cmTC_90b2b.dir/CMakeCXXCompilerABI.cpp.obj /tmp/ccOkXG5p.s
GNU assembler version 2.41 (riscv32-esp-elf) using BFD version (crosstool-NG esp-13.2.0_20230928) 2.41
COMPILER_PATH=/home/diego/.espressif/tools/riscv32-esp-elf/esp-13.2.0_20230928/riscv32-esp-elf/bin/../libexec/gcc/riscv32-esp-elf/13.2.0/:/home/diego/.espressif/tools/riscv32-esp-elf/esp-13.2.0_20230928/riscv32-esp-elf/bin/../libexec/gcc/:/home/diego/.espressif/tools/riscv32-esp-elf/esp-13.2.0_20230928/riscv32-esp-elf/bin/../lib/gcc/riscv32-esp-elf/13.2.0/../../../../riscv32-esp-elf/bin/
LIBRARY_PATH=/home/diego/.espressif/tools/riscv32-esp-elf/esp-13.2.0_20230928/riscv32-esp-elf/bin/../lib/gcc/riscv32-esp-elf/13.2.0/rv32imc_zicsr_zifencei/ilp32/:/home/diego/.espressif/tools/riscv32-esp-elf/esp-13.2.0_20230928/riscv32-esp-elf/bin/../lib/gcc/riscv32-esp-elf/13.2.0/../../../../riscv32-esp-elf/lib/rv32imc_zicsr_zifencei/ilp32/:/home/diego/.espressif/tools/riscv32-esp-elf/esp-13.2.0_20230928/riscv32-esp-elf/bin/../lib/gcc/riscv32-esp-elf/13.2.0/:/home/diego/.espressif/tools/riscv32-esp-elf/esp-13.2.0_20230928/riscv32-esp-elf/bin/../lib/gcc/:/home/diego/.espressif/tools/riscv32-esp-elf/esp-13.2.0_20230928/riscv32-esp-elf/bin/../lib/gcc/riscv32-esp-elf/13.2.0/../../../../riscv32-esp-elf/lib/
COLLECT_GCC_OPTIONS='-march=rv32imc_zicsr_zifencei' '-v' '-o' 'CMakeFiles/cmTC_90b2b.dir/CMakeCXXCompilerABI.cpp.obj' '-c' '-mabi=ilp32' '-misa-spec=20191213' '-march=rv32imc_zicsr_zifencei' '-dumpdir' 'CMakeFiles/cmTC_90b2b.dir/CMakeCXXCompilerABI.cpp.'
[2/2] Linking CXX executable cmTC_90b2b
Using built-in specs.
Reading specs from /home/diego/.espressif/tools/riscv32-esp-elf/esp-13.2.0_20230928/riscv32-esp-elf/bin/../lib/gcc/riscv32-esp-elf/13.2.0/../../../../riscv32-esp-elf/lib/nosys.specs
rename spec link_gcc_c_sequence to nosys_link_gcc_c_sequence
COLLECT_GCC=/home/diego/.espressif/tools/riscv32-esp-elf/esp-13.2.0_20230928/riscv32-esp-elf/bin/riscv32-esp-elf-g++
COLLECT_LTO_WRAPPER=/home/diego/.espressif/tools/riscv32-esp-elf/esp-13.2.0_20230928/riscv32-esp-elf/bin/../libexec/gcc/riscv32-esp-elf/13.2.0/lto-wrapper
Target: riscv32-esp-elf
Configured with: /builds/idf/crosstool-NG/.build/riscv32-esp-elf/src/gcc/configure --build=x86_64-build_pc-linux-gnu --host=x86_64-build_pc-linux-gnu --target=riscv32-esp-elf --prefix=/builds/idf/crosstool-NG/builds/riscv32-esp-elf --exec_prefix=/builds/idf/crosstool-NG/builds/riscv32-esp-elf --with-local-prefix=/builds/idf/crosstool-NG/builds/riscv32-esp-elf/riscv32-esp-elf --with-headers=/builds/idf/crosstool-NG/builds/riscv32-esp-elf/riscv32-esp-elf/include --with-newlib --enable-threads=no --disable-shared --with-arch=rv32gc --with-abi=ilp32 --with-pkgversion='crosstool-NG esp-13.2.0_20230928' --disable-__cxa_atexit --enable-cxx-flags=-ffunction-sections --disable-libgomp --disable-libmudflap --disable-libmpx --disable-libssp --disable-libquadmath --disable-libquadmath-support --disable-libstdcxx-verbose --with-gmp=/builds/idf/crosstool-NG/.build/riscv32-esp-elf/buildtools --with-mpfr=/builds/idf/crosstool-NG/.build/riscv32-esp-elf/buildtools --with-mpc=/builds/idf/crosstool-NG/.build/riscv32-esp-elf/buildtools --with-isl=/builds/idf/crosstool-NG/.build/riscv32-esp-elf/buildtools --enable-lto --enable-target-optspace --without-long-double-128 --disable-nls --enable-multiarch --enable-languages=c,c++ --disable-libstdcxx-verbose --enable-threads=posix --enable-gcov-custom-rtio --enable-libstdcxx-time=yes
Thread model: posix
Supported LTO compression algorithms: zlib
gcc version 13.2.0 (crosstool-NG esp-13.2.0_20230928) 
COMPILER_PATH=/home/diego/.espressif/tools/riscv32-esp-elf/esp-13.2.0_20230928/riscv32-esp-elf/bin/../libexec/gcc/riscv32-esp-elf/13.2.0/:/home/diego/.espressif/tools/riscv32-esp-elf/esp-13.2.0_20230928/riscv32-esp-elf/bin/../libexec/gcc/:/home/diego/.espressif/tools/riscv32-esp-elf/esp-13.2.0_20230928/riscv32-esp-elf/bin/../lib/gcc/riscv32-esp-elf/13.2.0/../../../../riscv32-esp-elf/bin/
LIBRARY_PATH=/home/diego/.espressif/tools/riscv32-esp-elf/esp-13.2.0_20230928/riscv32-esp-elf/bin/../lib/gcc/riscv32-esp-elf/13.2.0/rv32imc_zicsr_zifencei/ilp32/:/home/diego/.espressif/tools/riscv32-esp-elf/esp-13.2.0_20230928/riscv32-esp-elf/bin/../lib/gcc/riscv32-esp-elf/13.2.0/../../../../riscv32-esp-elf/lib/rv32imc_zicsr_zifencei/ilp32/:/home/diego/.espressif/tools/riscv32-esp-elf/esp-13.2.0_20230928/riscv32-esp-elf/bin/../lib/gcc/riscv32-esp-elf/13.2.0/:/home/diego/.espressif/tools/riscv32-esp-elf/esp-13.2.0_20230928/riscv32-esp-elf/bin/../lib/gcc/:/home/diego/.espressif/tools/riscv32-esp-elf/esp-13.2.0_20230928/riscv32-esp-elf/bin/../lib/gcc/riscv32-esp-elf/13.2.0/../../../../riscv32-esp-elf/lib/
COLLECT_GCC_OPTIONS='-nostartfiles' '-march=rv32imc_zicsr_zifencei' '-specs=nosys.specs' '-v' '-o' 'cmTC_90b2b' '-mabi=ilp32' '-misa-spec=20191213' '-march=rv32imc_zicsr_zifencei' '-dumpdir' 'cmTC_90b2b.'
 /home/diego/.espressif/tools/riscv32-esp-elf/esp-13.2.0_20230928/riscv32-esp-elf/bin/../libexec/gcc/riscv32-esp-elf/13.2.0/collect2 -plugin /home/diego/.espressif/tools/riscv32-esp-elf/esp-13.2.0_20230928/riscv32-esp-elf/bin/../libexec/gcc/riscv32-esp-elf/13.2.0/liblto_plugin.so -plugin-opt=/home/diego/.espressif/tools/riscv32-esp-elf/esp-13.2.0_20230928/riscv32-esp-elf/bin/../libexec/gcc/riscv32-esp-elf/13.2.0/lto-wrapper -plugin-opt=-fresolution=/tmp/ccqXBxw6.res -plugin-opt=-pass-through=-lgcc -plugin-opt=-pass-through=-lc -plugin-opt=-pass-through=-lnosys -plugin-opt=-pass-through=-lc -plugin-opt=-pass-through=-lgcc -plugin-opt=-pass-through=-lgcc -plugin-opt=-pass-through=-lc -plugin-opt=-pass-through=-lnosys -melf32lriscv -o cmTC_90b2b -L/home/diego/.espressif/tools/riscv32-esp-elf/esp-13.2.0_20230928/riscv32-esp-elf/bin/../lib/gcc/riscv32-esp-elf/13.2.0/rv32imc_zicsr_zifencei/ilp32 -L/home/diego/.espressif/tools/riscv32-esp-elf/esp-13.2.0_20230928/riscv32-esp-elf/bin/../lib/gcc/riscv32-esp-elf/13.2.0/../../../../riscv32-esp-elf/lib/rv32imc_zicsr_zifencei/ilp32 -L/home/diego/.espressif/tools/riscv32-esp-elf/esp-13.2.0_20230928/riscv32-esp-elf/bin/../lib/gcc/riscv32-esp-elf/13.2.0 -L/home/diego/.espressif/tools/riscv32-esp-elf/esp-13.2.0_20230928/riscv32-esp-elf/bin/../lib/gcc -L/home/diego/.espressif/tools/riscv32-esp-elf/esp-13.2.0_20230928/riscv32-esp-elf/bin/../lib/gcc/riscv32-esp-elf/13.2.0/../../../../riscv32-esp-elf/lib CMakeFiles/cmTC_90b2b.dir/CMakeCXXCompilerABI.cpp.obj -lstdc++ -lm -lgcc -lc -lnosys -lc -lgcc --start-group -lgcc -lc -lnosys --end-group
/home/diego/.espressif/tools/riscv32-esp-elf/esp-13.2.0_20230928/riscv32-esp-elf/bin/../lib/gcc/riscv32-esp-elf/13.2.0/../../../../riscv32-esp-elf/bin/ld: warning: cannot find entry symbol _start; defaulting to 00010074
COLLECT_GCC_OPTIONS='-nostartfiles' '-march=rv32imc_zicsr_zifencei' '-specs=nosys.specs' '-v' '-o' 'cmTC_90b2b' '-mabi=ilp32' '-misa-spec=20191213' '-march=rv32imc_zicsr_zifencei' '-dumpdir' 'cmTC_90b2b.'



Parsed CXX implicit include dir info from above output: rv=done
  found start of include info
  found start of implicit include info
    add: [/home/diego/.espressif/tools/riscv32-esp-elf/esp-13.2.0_20230928/riscv32-esp-elf/bin/../lib/gcc/riscv32-esp-elf/13.2.0/../../../../riscv32-esp-elf/include/c++/13.2.0]
    add: [/home/diego/.espressif/tools/riscv32-esp-elf/esp-13.2.0_20230928/riscv32-esp-elf/bin/../lib/gcc/riscv32-esp-elf/13.2.0/../../../../riscv32-esp-elf/include/c++/13.2.0/riscv32-esp-elf/rv32imc_zicsr_zifencei/ilp32]
    add: [/home/diego/.espressif/tools/riscv32-esp-elf/esp-13.2.0_20230928/riscv32-esp-elf/bin/../lib/gcc/riscv32-esp-elf/13.2.0/../../../../riscv32-esp-elf/include/c++/13.2.0/backward]
    add: [/home/diego/.espressif/tools/riscv32-esp-elf/esp-13.2.0_20230928/riscv32-esp-elf/bin/../lib/gcc/riscv32-esp-elf/13.2.0/include]
    add: [/home/diego/.espressif/tools/riscv32-esp-elf/esp-13.2.0_20230928/riscv32-esp-elf/bin/../lib/gcc/riscv32-esp-elf/13.2.0/include-fixed]
    add: [/home/diego/.espressif/tools/riscv32-esp-elf/esp-13.2.0_20230928/riscv32-esp-elf/bin/../lib/gcc/riscv32-esp-elf/13.2.0/../../../../riscv32-esp-elf/sys-include]
    add: [/home/diego/.espressif/tools/riscv32-esp-elf/esp-13.2.0_20230928/riscv32-esp-elf/bin/../lib/gcc/riscv32-esp-elf/13.2.0/../../../../riscv32-esp-elf/include]
  end of search list found
  collapse include dir [/home/diego/.espressif/tools/riscv32-esp-elf/esp-13.2.0_20230928/riscv32-esp-elf/bin/../lib/gcc/riscv32-esp-elf/13.2.0/../../../../riscv32-esp-elf/include/c++/13.2.0] ==> [/home/diego/.espressif/tools/riscv32-esp-elf/esp-13.2.0_20230928/riscv32-esp-elf/riscv32-esp-elf/include/c++/13.2.0]
  collapse include dir [/home/diego/.espressif/tools/riscv32-esp-elf/esp-13.2.0_20230928/riscv32-esp-elf/bin/../lib/gcc/riscv32-esp-elf/13.2.0/../../../../riscv32-esp-elf/include/c++/13.2.0/riscv32-esp-elf/rv32imc_zicsr_zifencei/ilp32] ==> [/home/diego/.espressif/tools/riscv32-esp-elf/esp-13.2.0_20230928/riscv32-esp-elf/riscv32-esp-elf/include/c++/13.2.0/riscv32-esp-elf/rv32imc_zicsr_zifencei/ilp32]
  collapse include dir [/home/diego/.espressif/tools/riscv32-esp-elf/esp-13.2.0_20230928/riscv32-esp-elf/bin/../lib/gcc/riscv32-esp-elf/13.2.0/../../../../riscv32-esp-elf/include/c++/13.2.0/backward] ==> [/home/diego/.espressif/tools/riscv32-esp-elf/esp-13.2.0_20230928/riscv32-esp-elf/riscv32-esp-elf/include/c++/13.2.0/backward]
  collapse include dir [/home/diego/.espressif/tools/riscv32-esp-elf/esp-13.2.0_20230928/riscv32-esp-elf/bin/../lib/gcc/riscv32-esp-elf/13.2.0/include] ==> [/home/diego/.espressif/tools/riscv32-esp-elf/esp-13.2.0_20230928/riscv32-esp-elf/lib/gcc/riscv32-esp-elf/13.2.0/include]
  collapse include dir [/home/diego/.espressif/tools/riscv32-esp-elf/esp-13.2.0_20230928/riscv32-esp-elf/bin/../lib/gcc/riscv32-esp-elf/13.2.0/include-fixed] ==> [/home/diego/.espressif/tools/riscv32-esp-elf/esp-13.2.0_20230928/riscv32-esp-elf/lib/gcc/riscv32-esp-elf/13.2.0/include-fixed]
  collapse include dir [/home/diego/.espressif/tools/riscv32-esp-elf/esp-13.2.0_20230928/riscv32-esp-elf/bin/../lib/gcc/riscv32-esp-elf/13.2.0/../../../../riscv32-esp-elf/sys-include] ==> [/home/diego/.espressif/tools/riscv32-esp-elf/esp-13.2.0_20230928/riscv32-esp-elf/riscv32-esp-elf/sys-include]
  collapse include dir [/home/diego/.espressif/tools/riscv32-esp-elf/esp-13.2.0_20230928/riscv32-esp-elf/bin/../lib/gcc/riscv32-esp-elf/13.2.0/../../../../riscv32-esp-elf/include] ==> [/home/diego/.espressif/tools/riscv32-esp-elf/esp-13.2.0_20230928/riscv32-esp-elf/riscv32-esp-elf/include]
  implicit include dirs: [/home/diego/.espressif/tools/riscv32-esp-elf/esp-13.2.0_20230928/riscv32-esp-elf/riscv32-esp-elf/include/c++/13.2.0;/home/diego/.espressif/tools/riscv32-esp-elf/esp-13.2.0_20230928/riscv32-esp-elf/riscv32-esp-elf/include/c++/13.2.0/riscv32-esp-elf/rv32imc_zicsr_zifencei/ilp32;/home/diego/.espressif/tools/riscv32-esp-elf/esp-13.2.0_20230928/riscv32-esp-elf/riscv32-esp-elf/include/c++/13.2.0/backward;/home/diego/.espressif/tools/riscv32-esp-elf/esp-13.2.0_20230928/riscv32-esp-elf/lib/gcc/riscv32-esp-elf/13.2.0/include;/home/diego/.espressif/tools/riscv32-esp-elf/esp-13.2.0_20230928/riscv32-esp-elf/lib/gcc/riscv32-esp-elf/13.2.0/include-fixed;/home/diego/.espressif/tools/riscv32-esp-elf/esp-13.2.0_20230928/riscv32-esp-elf/riscv32-esp-elf/sys-include;/home/diego/.espressif/tools/riscv32-esp-elf/esp-13.2.0_20230928/riscv32-esp-elf/riscv32-esp-elf/include]


Parsed CXX implicit link information from above output:
  link line regex: [^( *|.*[/\])(riscv32-esp-elf-ld|CMAKE_LINK_STARTFILE-NOTFOUND|([^/\]+-)?ld|collect2)[^/\]*( |$)]
  ignore line: [Change Dir: /home/diego/proyectos/_/viejo/cr_c/build/CMakeFiles/CMakeScratch/TryCompile-6JdKeX]
  ignore line: []
  ignore line: [Run Build Command(s):/usr/bin/ninja cmTC_90b2b && [1/2] Building CXX object CMakeFiles/cmTC_90b2b.dir/CMakeCXXCompilerABI.cpp.obj]
  ignore line: [Using built-in specs.]
  ignore line: [COLLECT_GCC=/home/diego/.espressif/tools/riscv32-esp-elf/esp-13.2.0_20230928/riscv32-esp-elf/bin/riscv32-esp-elf-g++]
  ignore line: [Target: riscv32-esp-elf]
  ignore line: [Configured with: /builds/idf/crosstool-NG/.build/riscv32-esp-elf/src/gcc/configure --build=x86_64-build_pc-linux-gnu --host=x86_64-build_pc-linux-gnu --target=riscv32-esp-elf --prefix=/builds/idf/crosstool-NG/builds/riscv32-esp-elf --exec_prefix=/builds/idf/crosstool-NG/builds/riscv32-esp-elf --with-local-prefix=/builds/idf/crosstool-NG/builds/riscv32-esp-elf/riscv32-esp-elf --with-headers=/builds/idf/crosstool-NG/builds/riscv32-esp-elf/riscv32-esp-elf/include --with-newlib --enable-threads=no --disable-shared --with-arch=rv32gc --with-abi=ilp32 --with-pkgversion='crosstool-NG esp-13.2.0_20230928' --disable-__cxa_atexit --enable-cxx-flags=-ffunction-sections --disable-libgomp --disable-libmudflap --disable-libmpx --disable-libssp --disable-libquadmath --disable-libquadmath-support --disable-libstdcxx-verbose --with-gmp=/builds/idf/crosstool-NG/.build/riscv32-esp-elf/buildtools --with-mpfr=/builds/idf/crosstool-NG/.build/riscv32-esp-elf/buildtools --with-mpc=/builds/idf/crosstool-NG/.build/riscv32-esp-elf/buildtools --with-isl=/builds/idf/crosstool-NG/.build/riscv32-esp-elf/buildtools --enable-lto --enable-target-optspace --without-long-double-128 --disable-nls --enable-multiarch --enable-languages=c c++ --disable-libstdcxx-verbose --enable-threads=posix --enable-gcov-custom-rtio --enable-libstdcxx-time=yes]
  ignore line: [Thread model: posix]
  ignore line: [Supported LTO compression algorithms: zlib]
  ignore line: [gcc version 13.2.0 (crosstool-NG esp-13.2.0_20230928) ]
  ignore line: [COLLECT_GCC_OPTIONS='-march=rv32imc_zicsr_zifencei' '-v' '-o' 'CMakeFiles/cmTC_90b2b.dir/CMakeCXXCompilerABI.cpp.obj' '-c' '-mabi=ilp32' '-misa-spec=20191213' '-march=rv32imc_zicsr_zifencei' '-dumpdir' 'CMakeFiles/cmTC_90b2b.dir/']
  ignore line: [ /home/diego/.espressif/tools/riscv32-esp-elf/esp-13.2.0_20230928/riscv32-esp-elf/bin/../libexec/gcc/riscv32-esp-elf/13.2.0/cc1plus -quiet -v -imultilib rv32imc_zicsr_zifencei/ilp32 -iprefix /home/diego/.espressif/tools/riscv32-esp-elf/esp-13.2.0_20230928/riscv32-esp-elf/bin/../lib/gcc/riscv32-esp-elf/13.2.0/ /usr/share/cmake-3.25/Modules/CMakeCXXCompilerABI.cpp -quiet -dumpdir CMakeFiles/cmTC_90b2b.dir/ -dumpbase CMakeCXXCompilerABI.cpp.cpp -dumpbase-ext .cpp -march=rv32imc_zicsr_zifencei -mabi=ilp32 -misa-spec=20191213 -march=rv32imc_zicsr_zifencei -version -o /tmp/ccOkXG5p.s]
  ignore line: [GNU C++17 (crosstool-NG esp-13.2.0_20230928) version 13.2.0 (riscv32-esp-elf)]
  ignore line: [	compiled by GNU C version 4.9.2  GMP version 6.2.1  MPFR version 4.1.0  MPC version 1.2.1  isl version isl-0.24-GMP]
  ignore line: []
  ignore line: [GGC heuristics: --param ggc-min-expand=100 --param ggc-min-heapsize=131072]
  ignore line: [ignoring duplicate directory "/home/diego/.espressif/tools/riscv32-esp-elf/esp-13.2.0_20230928/riscv32-esp-elf/bin/../lib/gcc/../../lib/gcc/riscv32-esp-elf/13.2.0/../../../../riscv32-esp-elf/include/c++/13.2.0"]
  ignore line: [ignoring duplicate directory "/home/diego/.espressif/tools/riscv32-esp-elf/esp-13.2.0_20230928/riscv32-esp-elf/bin/../lib/gcc/../../lib/gcc/riscv32-esp-elf/13.2.0/../../../../riscv32-esp-elf/include/c++/13.2.0/riscv32-esp-elf/rv32imc_zicsr_zifencei/ilp32"]
  ignore line: [ignoring duplicate directory "/home/diego/.espressif/tools/riscv32-esp-elf/esp-13.2.0_20230928/riscv32-esp-elf/bin/../lib/gcc/../../lib/gcc/riscv32-esp-elf/13.2.0/../../../../riscv32-esp-elf/include/c++/13.2.0/backward"]
  ignore line: [ignoring duplicate directory "/home/diego/.espressif/tools/riscv32-esp-elf/esp-13.2.0_20230928/riscv32-esp-elf/bin/../lib/gcc/../../lib/gcc/riscv32-esp-elf/13.2.0/include"]
  ignore line: [ignoring duplicate directory "/home/diego/.espressif/tools/riscv32-esp-elf/esp-13.2.0_20230928/riscv32-esp-elf/bin/../lib/gcc/../../lib/gcc/riscv32-esp-elf/13.2.0/include-fixed"]
  ignore line: [ignoring duplicate directory "/home/diego/.espressif/tools/riscv32-esp-elf/esp-13.2.0_20230928/riscv32-esp-elf/bin/../lib/gcc/../../lib/gcc/riscv32-esp-elf/13.2.0/../../../../riscv32-esp-elf/sys-include"]
  ignore line: [ignoring duplicate directory "/home/diego/.espressif/tools/riscv32-esp-elf/esp-13.2.0_20230928/riscv32-esp-elf/bin/../lib/gcc/../../lib/gcc/riscv32-esp-elf/13.2.0/../../../../riscv32-esp-elf/include"]
  ignore line: [#include "..." search starts here:]
  ignore line: [#include <...> search starts here:]
  ignore line: [ /home/diego/.espressif/tools/riscv32-esp-elf/esp-13.2.0_20230928/riscv32-esp-elf/bin/../lib/gcc/riscv32-esp-elf/13.2.0/../../../../riscv32-esp-elf/include/c++/13.2.0]
  ignore line: [ /home/diego/.espressif/tools/riscv32-esp-elf/esp-13.2.0_20230928/riscv32-esp-elf/bin/../lib/gcc/riscv32-esp-elf/13.2.0/../../../../riscv32-esp-elf/include/c++/13.2.0/riscv32-esp-elf/rv32imc_zicsr_zifencei/ilp32]
  ignore line: [ /home/diego/.espressif/tools/riscv32-esp-elf/esp-13.2.0_20230928/riscv32-esp-elf/bin/../lib/gcc/riscv32-esp-elf/13.2.0/../../../../riscv32-esp-elf/include/c++/13.2.0/backward]
  ignore line: [ /home/diego/.espressif/tools/riscv32-esp-elf/esp-13.2.0_20230928/riscv32-esp-elf/bin/../lib/gcc/riscv32-esp-elf/13.2.0/include]
  ignore line: [ /home/diego/.espressif/tools/riscv32-esp-elf/esp-13.2.0_20230928/riscv32-esp-elf/bin/../lib/gcc/riscv32-esp-elf/13.2.0/include-fixed]
  ignore line: [ /home/diego/.espressif/tools/riscv32-esp-elf/esp-13.2.0_20230928/riscv32-esp-elf/bin/../lib/gcc/riscv32-esp-elf/13.2.0/../../../../riscv32-esp-elf/sys-include]
  ignore line: [ /home/diego/.espressif/tools/riscv32-esp-elf/esp-13.2.0_20230928/riscv32-esp-elf/bin/../lib/gcc/riscv32-esp-elf/13.2.0/../../../../riscv32-esp-elf/include]
  ignore line: [End of search list.]
  ignore line: [Compiler executable checksum: 2f922d80f93cca9f059a3573788cba06]
  ignore line: [COLLECT_GCC_OPTIONS='-march=rv32imc_zicsr_zifencei' '-v' '-o' 'CMakeFiles/cmTC_90b2b.dir/CMakeCXXCompilerABI.cpp.obj' '-c' '-mabi=ilp32' '-misa-spec=20191213' '-march=rv32imc_zicsr_zifencei' '-dumpdir' 'CMakeFiles/cmTC_90b2b.dir/']
  ignore line: [ /home/diego/.espressif/tools/riscv32-esp-elf/esp-13.2.0_20230928/riscv32-esp-elf/bin/../lib/gcc/riscv32-esp-elf/13.2.0/../../../../riscv32-esp-elf/bin/as -v --traditional-format -march=rv32imc_zicsr_zifencei -march=rv32imc_zicsr_zifencei -mabi=ilp32 -misa-spec=20191213 -o CMakeFiles/cmTC_90b2b.dir/CMakeCXXCompilerABI.cpp.obj /tmp/ccOkXG5p.s]
  ignore line: [GNU assembler version 2.41 (riscv32-esp-elf) using BFD version (crosstool-NG esp-13.2.0_20230928) 2.41]
  ignore line: [COMPILER_PATH=/home/diego/.espressif/tools/riscv32-esp-elf/esp-13.2.0_20230928/riscv32-esp-elf/bin/../libexec/gcc/riscv32-esp-elf/13.2.0/:/home/diego/.espressif/tools/riscv32-esp-elf/esp-13.2.0_20230928/riscv32-esp-elf/bin/../libexec/gcc/:/home/diego/.espressif/tools/riscv32-esp-elf/esp-13.2.0_20230928/riscv32-esp-elf/bin/../lib/gcc/riscv32-esp-elf/13.2.0/../../../../riscv32-esp-elf/bin/]
  ignore line: [LIBRARY_PATH=/home/diego/.espressif/tools/riscv32-esp-elf/esp-13.2.0_20230928/riscv32-esp-elf/bin/../lib/gcc/riscv32-esp-elf/13.2.0/rv32imc_zicsr_zifencei/ilp32/:/home/diego/.espressif/tools/riscv32-esp-elf/esp-13.2.0_20230928/riscv32-esp-elf/bin/../lib/gcc/riscv32-esp-elf/13.2.0/../../../../riscv32-esp-elf/lib/rv32imc_zicsr_zifencei/ilp32/:/home/diego/.espressif/tools/riscv32-esp-elf/esp-13.2.0_20230928/riscv32-esp-elf/bin/../lib/gcc/riscv32-esp-elf/13.2.0/:/home/diego/.espressif/tools/riscv32-esp-elf/esp-13.2.0_20230928/riscv32-esp-elf/bin/../lib/gcc/:/home/diego/.espressif/tools/riscv32-esp-elf/esp-13.2.0_20230928/riscv32-esp-elf/bin/../lib/gcc/riscv32-esp-elf/13.2.0/../../../../riscv32-esp-elf/lib/]
  ignore line: [COLLECT_GCC_OPTIONS='-march=rv32imc_zicsr_zifencei' '-v' '-o' 'CMakeFiles/cmTC_90b2b.dir/CMakeCXXCompilerABI.cpp.obj' '-c' '-mabi=ilp32' '-misa-spec=20191213' '-march=rv32imc_zicsr_zifencei' '-dumpdir' 'CMakeFiles/cmTC_90b2b.dir/CMakeCXXCompilerABI.cpp.']
  ignore line: [[2/2] Linking CXX executable cmTC_90b2b]
  ignore line: [Using built-in specs.]
  ignore line: [Reading specs from /home/diego/.espressif/tools/riscv32-esp-elf/esp-13.2.0_20230928/riscv32-esp-elf/bin/../lib/gcc/riscv32-esp-elf/13.2.0/../../../../riscv32-esp-elf/lib/nosys.specs]
  ignore line: [rename spec link_gcc_c_sequence to nosys_link_gcc_c_sequence]
  ignore line: [COLLECT_GCC=/home/diego/.espressif/tools/riscv32-esp-elf/esp-13.2.0_20230928/riscv32-esp-elf/bin/riscv32-esp-elf-g++]
  ignore line: [COLLECT_LTO_WRAPPER=/home/diego/.espressif/tools/riscv32-esp-elf/esp-13.2.0_20230928/riscv32-esp-elf/bin/../libexec/gcc/riscv32-esp-elf/13.2.0/lto-wrapper]
  ignore line: [Target: riscv32-esp-elf]
  ignore line: [Configured with: /builds/idf/crosstool-NG/.build/riscv32-esp-elf/src/gcc/configure --build=x86_64-build_pc-linux-gnu --host=x86_64-build_pc-linux-gnu --target=riscv32-esp-elf --prefix=/builds/idf/crosstool-NG/builds/riscv32-esp-elf --exec_prefix=/builds/idf/crosstool-NG/builds/riscv32-esp-elf --with-local-prefix=/builds/idf/crosstool-NG/builds/riscv32-esp-elf/riscv32-esp-elf --with-headers=/builds/idf/crosstool-NG/builds/riscv32-esp-elf/riscv32-esp-elf/include --with-newlib --enable-threads=no --disable-shared --with-arch=rv32gc --with-abi=ilp32 --with-pkgversion='crosstool-NG esp-13.2.0_20230928' --disable-__cxa_atexit --enable-cxx-flags=-ffunction-sections --disable-libgomp --disable-libmudflap --disable-libmpx --disable-libssp --disable-libquadmath --disable-libquadmath-support --disable-libstdcxx-verbose --with-gmp=/builds/idf/crosstool-NG/.build/riscv32-esp-elf/buildtools --with-mpfr=/builds/idf/crosstool-NG/.build/riscv32-esp-elf/buildtools --with-mpc=/builds/idf/crosstool-NG/.build/riscv32-esp-elf/buildtools --with-isl=/builds/idf/crosstool-NG/.build/riscv32-esp-elf/buildtools --enable-lto --enable-target-optspace --without-long-double-128 --disable-nls --enable-multiarch --enable-languages=c c++ --disable-libstdcxx-verbose --enable-threads=posix --enable-gcov-custom-rtio --enable-libstdcxx-time=yes]
  ignore line: [Thread model: posix]
  ignore line: [Supported LTO compression algorithms: zlib]
  ignore line: [gcc version 13.2.0 (crosstool-NG esp-13.2.0_20230928) ]
  ignore line: [COMPILER_PATH=/home/diego/.espressif/tools/riscv32-esp-elf/esp-13.2.0_20230928/riscv32-esp-elf/bin/../libexec/gcc/riscv32-esp-elf/13.2.0/:/home/diego/.espressif/tools/riscv32-esp-elf/esp-13.2.0_20230928/riscv32-esp-elf/bin/../libexec/gcc/:/home/diego/.espressif/tools/riscv32-esp-elf/esp-13.2.0_20230928/riscv32-esp-elf/bin/../lib/gcc/riscv32-esp-elf/13.2.0/../../../../riscv32-esp-elf/bin/]
  ignore line: [LIBRARY_PATH=/home/diego/.espressif/tools/riscv32-esp-elf/esp-13.2.0_20230928/riscv32-esp-elf/bin/../lib/gcc/riscv32-esp-elf/13.2.0/rv32imc_zicsr_zifencei/ilp32/:/home/diego/.espressif/tools/riscv32-esp-elf/esp-13.2.0_20230928/riscv32-esp-elf/bin/../lib/gcc/riscv32-esp-elf/13.2.0/../../../../riscv32-esp-elf/lib/rv32imc_zicsr_zifencei/ilp32/:/home/diego/.espressif/tools/riscv32-esp-elf/esp-13.2.0_20230928/riscv32-esp-elf/bin/../lib/gcc/riscv32-esp-elf/13.2.0/:/home/diego/.espressif/tools/riscv32-esp-elf/esp-13.2.0_20230928/riscv32-esp-elf/bin/../lib/gcc/:/home/diego/.espressif/tools/riscv32-esp-elf/esp-13.2.0_20230928/riscv32-esp-elf/bin/../lib/gcc/riscv32-esp-elf/13.2.0/../../../../riscv32-esp-elf/lib/]
  ignore line: [COLLECT_GCC_OPTIONS='-nostartfiles' '-march=rv32imc_zicsr_zifencei' '-specs=nosys.specs' '-v' '-o' 'cmTC_90b2b' '-mabi=ilp32' '-misa-spec=20191213' '-march=rv32imc_zicsr_zifencei' '-dumpdir' 'cmTC_90b2b.']
  link line: [ /home/diego/.espressif/tools/riscv32-esp-elf/esp-13.2.0_20230928/riscv32-esp-elf/bin/../libexec/gcc/riscv32-esp-elf/13.2.0/collect2 -plugin /home/diego/.espressif/tools/riscv32-esp-elf/esp-13.2.0_20230928/riscv32-esp-elf/bin/../libexec/gcc/riscv32-esp-elf/13.2.0/liblto_plugin.so -plugin-opt=/home/diego/.espressif/tools/riscv32-esp-elf/esp-13.2.0_20230928/riscv32-esp-elf/bin/../libexec/gcc/riscv32-esp-elf/13.2.0/lto-wrapper -plugin-opt=-fresolution=/tmp/ccqXBxw6.res -plugin-opt=-pass-through=-lgcc -plugin-opt=-pass-through=-lc -plugin-opt=-pass-through=-lnosys -plugin-opt=-pass-through=-lc -plugin-opt=-pass-through=-lgcc -plugin-opt=-pass-through=-lgcc -plugin-opt=-pass-through=-lc -plugin-opt=-pass-through=-lnosys -melf32lriscv -o cmTC_90b2b -L/home/diego/.espressif/tools/riscv32-esp-elf/esp-13.2.0_20230928/riscv32-esp-elf/bin/../lib/gcc/riscv32-esp-elf/13.2.0/rv32imc_zicsr_zifencei/ilp32 -L/home/diego/.espressif/tools/riscv32-esp-elf/esp-13.2.0_20230928/riscv32-esp-elf/bin/../lib/gcc/riscv32-esp-elf/13.2.0/../../../../riscv32-esp-elf/lib/rv32imc_zicsr_zifencei/ilp32 -L/home/diego/.espressif/tools/riscv32-esp-elf/esp-13.2.0_20230928/riscv32-esp-elf/bin/../lib/gcc/riscv32-esp-elf/13.2.0 -L/home/diego/.espressif/tools/riscv32-esp-elf/esp-13.2.0_20230928/riscv32-esp-elf/bin/../lib/gcc -L/home/diego/.espressif/tools/riscv32-esp-elf/esp-13.2.0_20230928/riscv32-esp-elf/bin/../lib/gcc/riscv32-esp-elf/13.2.0/../../../../riscv32-esp-elf/lib CMakeFiles/cmTC_90b2b.dir/CMakeCXXCompilerABI.cpp.obj -lstdc++ -lm -lgcc -lc -lnosys -lc -lgcc --start-group -lgcc -lc -lnosys --end-group]
    arg [/home/diego/.espressif/tools/riscv32-esp-elf/esp-13.2.0_20230928/riscv32-esp-elf/bin/../libexec/gcc/riscv32-esp-elf/13.2.0/collect2] ==> ignore
    arg [-plugin] ==> ignore
    arg [/home/diego/.espressif/tools/riscv32-esp-elf/esp-13.2.0_20230928/riscv32-esp-elf/bin/../libexec/gcc/riscv32-esp-elf/13.2.0/liblto_plugin.so] ==> ignore
    arg [-plugin-opt=/home/diego/.espressif/tools/riscv32-esp-elf/esp-13.2.0_20230928/riscv32-esp-elf/bin/../libexec/gcc/riscv32-esp-elf/13.2.0/lto-wrapper] ==> ignore
    arg [-plugin-opt=-fresolution=/tmp/ccqXBxw6.res] ==> ignore
    arg [-plugin-opt=-pass-through=-lgcc] ==> ignore
    arg [-plugin-opt=-pass-through=-lc] ==> ignore
    arg [-plugin-opt=-pass-through=-lnosys] ==> ignore
    arg [-plugin-opt=-pass-through=-lc] ==> ignore
    arg [-plugin-opt=-pass-through=-lgcc] ==> ignore
    arg [-plugin-opt=-pass-through=-lgcc] ==> ignore
    arg [-plugin-opt=-pass-through=-lc] ==> ignore
    arg [-plugin-opt=-pass-through=-lnosys] ==> ignore
    arg [-melf32lriscv] ==> ignore
    arg [-o] ==> ignore
    arg [cmTC_90b2b] ==> ignore
    arg [-L/home/diego/.espressif/tools/riscv32-esp-elf/esp-13.2.0_20230928/riscv32-esp-elf/bin/../lib/gcc/riscv32-esp-elf/13.2.0/rv32imc_zicsr_zifencei/ilp32] ==> dir [/home/diego/.espressif/tools/riscv32-esp-elf/esp-13.2.0_20230928/riscv32-esp-elf/bin/../lib/gcc/riscv32-esp-elf/13.2.0/rv32imc_zicsr_zifencei/ilp32]
    arg [-L/home/diego/.espressif/tools/riscv32-esp-elf/esp-13.2.0_20230928/riscv32-esp-elf/bin/../lib/gcc/riscv32-esp-elf/13.2.0/../../../../riscv32-esp-elf/lib/rv32imc_zicsr_zifencei/ilp32] ==> dir [/home/diego/.espressif/tools/riscv32-esp-elf/esp-13.2.0_20230928/riscv32-esp-elf/bin/../lib/gcc/riscv32-esp-elf/13.2.0/../../../../riscv32-esp-elf/lib/rv32imc_zicsr_zifencei/ilp32]
    arg [-L/home/diego/.espressif/tools/riscv32-esp-elf/esp-13.2.0_20230928/riscv32-esp-elf/bin/../lib/gcc/riscv32-esp-elf/13.2.0] ==> dir [/home/diego/.espressif/tools/riscv32-esp-elf/esp-13.2.0_20230928/riscv32-esp-elf/bin/../lib/gcc/riscv32-esp-elf/13.2.0]
    arg [-L/home/diego/.espressif/tools/riscv32-esp-elf/esp-13.2.0_20230928/riscv32-esp-elf/bin/../lib/gcc] ==> dir [/home/diego/.espressif/tools/riscv32-esp-elf/esp-13.2.0_20230928/riscv32-esp-elf/bin/../lib/gcc]
    arg [-L/home/diego/.espressif/tools/riscv32-esp-elf/esp-13.2.0_20230928/riscv32-esp-elf/bin/../lib/gcc/riscv32-esp-elf/13.2.0/../../../../riscv32-esp-elf/lib] ==> dir [/home/diego/.espressif/tools/riscv32-esp-elf/esp-13.2.0_20230928/riscv32-esp-elf/bin/../lib/gcc/riscv32-esp-elf/13.2.0/../../../../riscv32-esp-elf/lib]
    arg [CMakeFiles/cmTC_90b2b.dir/CMakeCXXCompilerABI.cpp.obj] ==> ignore
    arg [-lstdc++] ==> lib [stdc++]
    arg [-lm] ==> lib [m]
    arg [-lgcc] ==> lib [gcc]
    arg [-lc] ==> lib [c]
    arg [-lnosys] ==> lib [nosys]
    arg [-lc] ==> lib [c]
    arg [-lgcc] ==> lib [gcc]
    arg [--start-group] ==> ignore
    arg [-lgcc] ==> lib [gcc]
    arg [-lc] ==> lib [c]
    arg [-lnosys] ==> lib [nosys]
    arg [--end-group] ==> ignore
  collapse library dir [/home/diego/.espressif/tools/riscv32-esp-elf/esp-13.2.0_20230928/riscv32-esp-elf/bin/../lib/gcc/riscv32-esp-elf/13.2.0/rv32imc_zicsr_zifencei/ilp32] ==> [/home/diego/.espressif/tools/riscv32-esp-elf/esp-13.2.0_20230928/riscv32-esp-elf/lib/gcc/riscv32-esp-elf/13.2.0/rv32imc_zicsr_zifencei/ilp32]
  collapse library dir [/home/diego/.espressif/tools/riscv32-esp-elf/esp-13.2.0_20230928/riscv32-esp-elf/bin/../lib/gcc/riscv32-esp-elf/13.2.0/../../../../riscv32-esp-elf/lib/rv32imc_zicsr_zifencei/ilp32] ==> [/home/diego/.espressif/tools/riscv32-esp-elf/esp-13.2.0_20230928/riscv32-esp-elf/riscv32-esp-elf/lib/rv32imc_zicsr_zifencei/ilp32]
  collapse library dir [/home/diego/.espressif/tools/riscv32-esp-elf/esp-13.2.0_20230928/riscv32-esp-elf/bin/../lib/gcc/riscv32-esp-elf/13.2.0] ==> [/home/diego/.espressif/tools/riscv32-esp-elf/esp-13.2.0_20230928/riscv32-esp-elf/lib/gcc/riscv32-esp-elf/13.2.0]
  collapse library dir [/home/diego/.espressif/tools/riscv32-esp-elf/esp-13.2.0_20230928/riscv32-esp-elf/bin/../lib/gcc] ==> [/home/diego/.espressif/tools/riscv32-esp-elf/esp-13.2.0_20230928/riscv32-esp-elf/lib/gcc]
  collapse library dir [/home/diego/.espressif/tools/riscv32-esp-elf/esp-13.2.0_20230928/riscv32-esp-elf/bin/../lib/gcc/riscv32-esp-elf/13.2.0/../../../../riscv32-esp-elf/lib] ==> [/home/diego/.espressif/tools/riscv32-esp-elf/esp-13.2.0_20230928/riscv32-esp-elf/riscv32-esp-elf/lib]
  implicit libs: [stdc++;m;gcc;c;nosys;c;gcc;gcc;c;nosys]
  implicit objs: []
  implicit dirs: [/home/diego/.espressif/tools/riscv32-esp-elf/esp-13.2.0_20230928/riscv32-esp-elf/lib/gcc/riscv32-esp-elf/13.2.0/rv32imc_zicsr_zifencei/ilp32;/home/diego/.espressif/tools/riscv32-esp-elf/esp-13.2.0_20230928/riscv32-esp-elf/riscv32-esp-elf/lib/rv32imc_zicsr_zifencei/ilp32;/home/diego/.espressif/tools/riscv32-esp-elf/esp-13.2.0_20230928/riscv32-esp-elf/lib/gcc/riscv32-esp-elf/13.2.0;/home/diego/.espressif/tools/riscv32-esp-elf/esp-13.2.0_20230928/riscv32-esp-elf/lib/gcc;/home/diego/.espressif/tools/riscv32-esp-elf/esp-13.2.0_20230928/riscv32-esp-elf/riscv32-esp-elf/lib]
  implicit fwks: []


Determining if the include file sys/types.h exists passed with the following output:
Change Dir: /home/diego/proyectos/_/viejo/cr_c/build/CMakeFiles/CMakeScratch/TryCompile-CMmRt4

Run Build Command(s):/usr/bin/ninja cmTC_034e3 && [1/2] Building C object CMakeFiles/cmTC_034e3.dir/CheckIncludeFile.c.obj
[2/2] Linking C executable cmTC_034e3
/home/diego/.espressif/tools/riscv32-esp-elf/esp-13.2.0_20230928/riscv32-esp-elf/bin/../lib/gcc/riscv32-esp-elf/13.2.0/../../../../riscv32-esp-elf/bin/ld: warning: cannot find entry symbol _start; defaulting to 00010074



Determining if the include file stdint.h exists passed with the following output:
Change Dir: /home/diego/proyectos/_/viejo/cr_c/build/CMakeFiles/CMakeScratch/TryCompile-ox10MT

Run Build Command(s):/usr/bin/ninja cmTC_9a8e4 && [1/2] Building C object CMakeFiles/cmTC_9a8e4.dir/CheckIncludeFile.c.obj
[2/2] Linking C executable cmTC_9a8e4
/home/diego/.espressif/tools/riscv32-esp-elf/esp-13.2.0_20230928/riscv32-esp-elf/bin/../lib/gcc/riscv32-esp-elf/13.2.0/../../../../riscv32-esp-elf/bin/ld: warning: cannot find entry symbol _start; defaulting to 00010074



Determining if the include file stddef.h exists passed with the following output:
Change Dir: /home/diego/proyectos/_/viejo/cr_c/build/CMakeFiles/CMakeScratch/TryCompile-LgktUB

Run Build Command(s):/usr/bin/ninja cmTC_de4f9 && [1/2] Building C object CMakeFiles/cmTC_de4f9.dir/CheckIncludeFile.c.obj
[2/2] Linking C executable cmTC_de4f9
/home/diego/.espressif/tools/riscv32-esp-elf/esp-13.2.0_20230928/riscv32-esp-elf/bin/../lib/gcc/riscv32-esp-elf/13.2.0/../../../../riscv32-esp-elf/bin/ld: warning: cannot find entry symbol _start; defaulting to 00010074



Determining size of time_t passed with the following output:
Change Dir: /home/diego/proyectos/_/viejo/cr_c/build/CMakeFiles/CMakeScratch/TryCompile-DrupEz

Run Build Command(s):/usr/bin/ninja cmTC_ec3a9 && [1/2] Building C object CMakeFiles/cmTC_ec3a9.dir/TIME_T_SIZE.c.obj
[2/2] Linking C executable cmTC_ec3a9
/home/diego/.espressif/tools/riscv32-esp-elf/esp-13.2.0_20230928/riscv32-esp-elf/bin/../lib/gcc/riscv32-esp-elf/13.2.0/../../../../riscv32-esp-elf/bin/ld: warning: cannot find entry symbol _start; defaulting to 00010094



Performing C SOURCE FILE Test C_COMPILER_SUPPORTS_WFORMAT_SIGNEDNESS succeeded with the following output:
Change Dir: /home/diego/proyectos/_/viejo/cr_c/build/CMakeFiles/CMakeScratch/TryCompile-tOiKGM

Run Build Command(s):/usr/bin/ninja cmTC_63ac3 && [1/2] Building C object CMakeFiles/cmTC_63ac3.dir/src.c.obj
[2/2] Linking C executable cmTC_63ac3
/home/diego/.espressif/tools/riscv32-esp-elf/esp-13.2.0_20230928/riscv32-esp-elf/bin/../lib/gcc/riscv32-esp-elf/13.2.0/../../../../riscv32-esp-elf/bin/ld: warning: cannot find entry symbol _start; defaulting to 00010074


Source file was:
int main(void) { return 0; }

The target system is: Generic -  - 
The host system is: Linux - 6.1.0-10-amd64 - x86_64
Compiling the C compiler identification source file "CMakeCCompilerId.c" succeeded.
Compiler: /home/diego/.espressif/tools/riscv32-esp-elf/esp-13.2.0_20230928/riscv32-esp-elf/bin/riscv32-esp-elf-gcc 
Build flags: -march=rv32imc_zicsr_zifencei;
Id flags:  

The output was:
0
/home/diego/.espressif/tools/riscv32-esp-elf/esp-13.2.0_20230928/riscv32-esp-elf/bin/../lib/gcc/riscv32-esp-elf/13.2.0/../../../../riscv32-esp-elf/bin/ld: /home/diego/.espressif/tools/riscv32-esp-elf/esp-13.2.0_20230928/riscv32-esp-elf/bin/../lib/gcc/riscv32-esp-elf/13.2.0/../../../../riscv32-esp-elf/lib/rv32imc_zicsr_zifencei/ilp32/libc.a(libc_a-closer.o): in function `_close_r':
/builds/idf/crosstool-NG/.build/riscv32-esp-elf/src/newlib/newlib/libc/reent/closer.c:47:(.text+0x14): warning: _close is not implemented and will always fail
/home/diego/.espressif/tools/riscv32-esp-elf/esp-13.2.0_20230928/riscv32-esp-elf/bin/../lib/gcc/riscv32-esp-elf/13.2.0/../../../../riscv32-esp-elf/bin/ld: /home/diego/.espressif/tools/riscv32-esp-elf/esp-13.2.0_20230928/riscv32-esp-elf/bin/../lib/gcc/riscv32-esp-elf/13.2.0/../../../../riscv32-esp-elf/lib/rv32imc_zicsr_zifencei/ilp32/libc.a(libc_a-lseekr.o): in function `_lseek_r':
/builds/idf/crosstool-NG/.build/riscv32-esp-elf/src/newlib/newlib/libc/reent/lseekr.c:49:(.text+0x18): warning: _lseek is not implemented and will always fail
/home/diego/.espressif/tools/riscv32-esp-elf/esp-13.2.0_20230928/riscv32-esp-elf/bin/../lib/gcc/riscv32-esp-elf/13.2.0/../../../../riscv32-esp-elf/bin/ld: /home/diego/.espressif/tools/riscv32-esp-elf/esp-13.2.0_20230928/riscv32-esp-elf/bin/../lib/gcc/riscv32-esp-elf/13.2.0/../../../../riscv32-esp-elf/lib/rv32imc_zicsr_zifencei/ilp32/libc.a(libc_a-readr.o): in function `_read_r':
/builds/idf/crosstool-NG/.build/riscv32-esp-elf/src/newlib/newlib/libc/reent/readr.c:49:(.text+0x18): warning: _read is not implemented and will always fail
/home/diego/.espressif/tools/riscv32-esp-elf/esp-13.2.0_20230928/riscv32-esp-elf/bin/../lib/gcc/riscv32-esp-elf/13.2.0/../../../../riscv32-esp-elf/bin/ld: /home/diego/.espressif/tools/riscv32-esp-elf/esp-13.2.0_20230928/riscv32-esp-elf/bin/../lib/gcc/riscv32-esp-elf/13.2.0/../../../../riscv32-esp-elf/lib/rv32imc_zicsr_zifencei/ilp32/libc.a(libc_a-writer.o): in function `_write_r':
/builds/idf/crosstool-NG/.build/riscv32-esp-elf/src/newlib/newlib/libc/reent/writer.c:49:(.text+0x18): warning: _write is not implemented and will always fail
/home/diego/.espressif/tools/riscv32-esp-elf/esp-13.2.0_20230928/riscv32-esp-elf/bin/../lib/gcc/riscv32-esp-elf/13.2.0/../../../../riscv32-esp-elf/bin/ld: /home/diego/.espressif/tools/riscv32-esp-elf/esp-13.2.0_20230928/riscv32-esp-elf/bin/../lib/gcc/riscv32-esp-elf/13.2.0/../../../../riscv32-esp-elf/lib/rv32imc_zicsr_zifencei/ilp32/libc.a(libc_a-fclose.o): in function `fclose':
/builds/idf/crosstool-NG/.build/riscv32-esp-elf/src/newlib/newlib/libc/stdio/fclose.c:125:(.text+0x118): warning: __getreent is not implemented and will always fail
/home/diego/.espressif/tools/riscv32-esp-elf/esp-13.2.0_20230928/riscv32-esp-elf/bin/../lib/gcc/riscv32-esp-elf/13.2.0/../../../../riscv32-esp-elf/bin/ld: /home/diego/.espressif/tools/riscv32-esp-elf/esp-13.2.0_20230928/riscv32-esp-elf/bin/../lib/gcc/riscv32-esp-elf/13.2.0/../../../../riscv32-esp-elf/lib/rv32imc_zicsr_zifencei/ilp32/libc.a(libc_a-findfp.o): in function `__sfp':
/builds/idf/crosstool-NG/.build/riscv32-esp-elf/src/newlib/newlib/libc/stdio/findfp.c:180:(.text+0x1ee): warning: pthread_setcancelstate is not implemented and will always fail


Compilation of the C compiler identification source "CMakeCCompilerId.c" produced "a.out"

The C compiler identification is GNU, found in "/home/diego/proyectos/_/viejo/cr_c/build/CMakeFiles/3.25.1/CompilerIdC/a.out"

Compiling the CXX compiler identification source file "CMakeCXXCompilerId.cpp" succeeded.
Compiler: /home/diego/.espressif/tools/riscv32-esp-elf/esp-13.2.0_20230928/riscv32-esp-elf/bin/riscv32-esp-elf-g++ 
Build flags: -march=rv32imc_zicsr_zifencei;
Id flags:  

The output was:
0
/home/diego/.espressif/tools/riscv32-esp-elf/esp-13.2.0_20230928/riscv32-esp-elf/bin/../lib/gcc/riscv32-esp-elf/13.2.0/../../../../riscv32-esp-elf/bin/ld: /home/diego/.espressif/tools/riscv32-esp-elf/esp-13.2.0_20230928/riscv32-esp-elf/bin/../lib/gcc/riscv32-esp-elf/13.2.0/../../../../riscv32-esp-elf/lib/rv32imc_zicsr_zifencei/ilp32/libc.a(libc_a-closer.o): in function `_close_r':
/builds/idf/crosstool-NG/.build/riscv32-esp-elf/src/newlib/newlib/libc/reent/closer.c:47:(.text+0x14): warning: _close is not implemented and will always fail
/home/diego/.espressif/tools/riscv32-esp-elf/esp-13.2.0_20230928/riscv32-esp-elf/bin/../lib/gcc/riscv32-esp-elf/13.2.0/../../../../riscv32-esp-elf/bin/ld: /home/diego/.espressif/tools/riscv32-esp-elf/esp-13.2.0_20230928/riscv32-esp-elf/bin/../lib/gcc/riscv32-esp-elf/13.2.0/../../../../riscv32-esp-elf/lib/rv32imc_zicsr_zifencei/ilp32/libc.a(libc_a-lseekr.o): in function `_lseek_r':
/builds/idf/crosstool-NG/.build/riscv32-esp-elf/src/newlib/newlib/libc/reent/lseekr.c:49:(.text+0x18): warning: _lseek is not implemented and will always fail
/home/diego/.espressif/tools/riscv32-esp-elf/esp-13.2.0_20230928/riscv32-esp-elf/bin/../lib/gcc/riscv32-esp-elf/13.2.0/../../../../riscv32-esp-elf/bin/ld: /home/diego/.espressif/tools/riscv32-esp-elf/esp-13.2.0_20230928/riscv32-esp-elf/bin/../lib/gcc/riscv32-esp-elf/13.2.0/../../../../riscv32-esp-elf/lib/rv32imc_zicsr_zifencei/ilp32/libc.a(libc_a-readr.o): in function `_read_r':
/builds/idf/crosstool-NG/.build/riscv32-esp-elf/src/newlib/newlib/libc/reent/readr.c:49:(.text+0x18): warning: _read is not implemented and will always fail
/home/diego/.espressif/tools/riscv32-esp-elf/esp-13.2.0_20230928/riscv32-esp-elf/bin/../lib/gcc/riscv32-esp-elf/13.2.0/../../../../riscv32-esp-elf/bin/ld: /home/diego/.espressif/tools/riscv32-esp-elf/esp-13.2.0_20230928/riscv32-esp-elf/bin/../lib/gcc/riscv32-esp-elf/13.2.0/../../../../riscv32-esp-elf/lib/rv32imc_zicsr_zifencei/ilp32/libc.a(libc_a-writer.o): in function `_write_r':
/builds/idf/crosstool-NG/.build/riscv32-esp-elf/src/newlib/newlib/libc/reent/writer.c:49:(.text+0x18): warning: _write is not implemented and will always fail
/home/diego/.espressif/tools/riscv32-esp-elf/esp-13.2.0_20230928/riscv32-esp-elf/bin/../lib/gcc/riscv32-esp-elf/13.2.0/../../../../riscv32-esp-elf/bin/ld: /home/diego/.espressif/tools/riscv32-esp-elf/esp-13.2.0_20230928/riscv32-esp-elf/bin/../lib/gcc/riscv32-esp-elf/13.2.0/../../../../riscv32-esp-elf/lib/rv32imc_zicsr_zifencei/ilp32/libc.a(libc_a-fclose.o): in function `fclose':
/builds/idf/crosstool-NG/.build/riscv32-esp-elf/src/newlib/newlib/libc/stdio/fclose.c:125:(.text+0x118): warning: __getreent is not implemented and will always fail
/home/diego/.espressif/tools/riscv32-esp-elf/esp-13.2.0_20230928/riscv32-esp-elf/bin/../lib/gcc/riscv32-esp-elf/13.2.0/../../../../riscv32-esp-elf/bin/ld: /home/diego/.espressif/tools/riscv32-esp-elf/esp-13.2.0_20230928/riscv32-esp-elf/bin/../lib/gcc/riscv32-esp-elf/13.2.0/../../../../riscv32-esp-elf/lib/rv32imc_zicsr_zifencei/ilp32/libc.a(libc_a-findfp.o): in function `__sfp':
/builds/idf/crosstool-NG/.build/riscv32-esp-elf/src/newlib/newlib/libc/stdio/findfp.c:180:(.text+0x1ee): warning: pthread_setcancelstate is not implemented and will always fail


Compilation of the CXX compiler identification source "CMakeCXXCompilerId.cpp" produced "a.out"

The CXX compiler identification is GNU, found in "/home/diego/proyectos/_/viejo/cr_c/build/CMakeFiles/3.25.1/CompilerIdCXX/a.out"

Checking whether the ASM compiler is GNU using "--version" matched "(GNU assembler)|(GCC)|(Free Software Foundation)":
riscv32-esp-elf-gcc (crosstool-NG esp-13.2.0_20230928) 13.2.0
Copyright (C) 2023 Free Software Foundation, Inc.
This is free software; see the source for copying conditions.  There is NO
warranty; not even for MERCHANTABILITY or FITNESS FOR A PARTICULAR PURPOSE.

Detecting C compiler ABI info compiled with the following output:
Change Dir: /home/diego/proyectos/_/viejo/cr_c/build/CMakeFiles/CMakeScratch/TryCompile-MLZ37X

Run Build Command(s):/usr/bin/ninja cmTC_a8401 && [1/2] Building C object CMakeFiles/cmTC_a8401.dir/CMakeCCompilerABI.c.obj
Using built-in specs.
COLLECT_GCC=/home/diego/.espressif/tools/riscv32-esp-elf/esp-13.2.0_20230928/riscv32-esp-elf/bin/riscv32-esp-elf-gcc
Target: riscv32-esp-elf
Configured with: /builds/idf/crosstool-NG/.build/riscv32-esp-elf/src/gcc/configure --build=x86_64-build_pc-linux-gnu --host=x86_64-build_pc-linux-gnu --target=riscv32-esp-elf --prefix=/builds/idf/crosstool-NG/builds/riscv32-esp-elf --exec_prefix=/builds/idf/crosstool-NG/builds/riscv32-esp-elf --with-local-prefix=/builds/idf/crosstool-NG/builds/riscv32-esp-elf/riscv32-esp-elf --with-headers=/builds/idf/crosstool-NG/builds/riscv32-esp-elf/riscv32-esp-elf/include --with-newlib --enable-threads=no --disable-shared --with-arch=rv32gc --with-abi=ilp32 --with-pkgversion='crosstool-NG esp-13.2.0_20230928' --disable-__cxa_atexit --enable-cxx-flags=-ffunction-sections --disable-libgomp --disable-libmudflap --disable-libmpx --disable-libssp --disable-libquadmath --disable-libquadmath-support --disable-libstdcxx-verbose --with-gmp=/builds/idf/crosstool-NG/.build/riscv32-esp-elf/buildtools --with-mpfr=/builds/idf/crosstool-NG/.build/riscv32-esp-elf/buildtools --with-mpc=/builds/idf/crosstool-NG/.build/riscv32-esp-elf/buildtools --with-isl=/builds/idf/crosstool-NG/.build/riscv32-esp-elf/buildtools --enable-lto --enable-target-optspace --without-long-double-128 --disable-nls --enable-multiarch --enable-languages=c,c++ --disable-libstdcxx-verbose --enable-threads=posix --enable-gcov-custom-rtio --enable-libstdcxx-time=yes
Thread model: posix
Supported LTO compression algorithms: zlib
gcc version 13.2.0 (crosstool-NG esp-13.2.0_20230928) 
COLLECT_GCC_OPTIONS='-march=rv32imc_zicsr_zifencei' '-v' '-o' 'CMakeFiles/cmTC_a8401.dir/CMakeCCompilerABI.c.obj' '-c' '-mabi=ilp32' '-misa-spec=20191213' '-march=rv32imc_zicsr_zifencei' '-dumpdir' 'CMakeFiles/cmTC_a8401.dir/'
 /home/diego/.espressif/tools/riscv32-esp-elf/esp-13.2.0_20230928/riscv32-esp-elf/bin/../libexec/gcc/riscv32-esp-elf/13.2.0/cc1 -quiet -v -imultilib rv32imc_zicsr_zifencei/ilp32 -iprefix /home/diego/.espressif/tools/riscv32-esp-elf/esp-13.2.0_20230928/riscv32-esp-elf/bin/../lib/gcc/riscv32-esp-elf/13.2.0/ /usr/share/cmake-3.25/Modules/CMakeCCompilerABI.c -quiet -dumpdir CMakeFiles/cmTC_a8401.dir/ -dumpbase CMakeCCompilerABI.c.c -dumpbase-ext .c -march=rv32imc_zicsr_zifencei -mabi=ilp32 -misa-spec=20191213 -march=rv32imc_zicsr_zifencei -version -o /tmp/cc4ulfQ7.s
GNU C17 (crosstool-NG esp-13.2.0_20230928) version 13.2.0 (riscv32-esp-elf)
	compiled by GNU C version 4.9.2, GMP version 6.2.1, MPFR version 4.1.0, MPC version 1.2.1, isl version isl-0.24-GMP

GGC heuristics: --param ggc-min-expand=100 --param ggc-min-heapsize=131072
ignoring duplicate directory "/home/diego/.espressif/tools/riscv32-esp-elf/esp-13.2.0_20230928/riscv32-esp-elf/bin/../lib/gcc/../../lib/gcc/riscv32-esp-elf/13.2.0/include"
ignoring duplicate directory "/home/diego/.espressif/tools/riscv32-esp-elf/esp-13.2.0_20230928/riscv32-esp-elf/bin/../lib/gcc/../../lib/gcc/riscv32-esp-elf/13.2.0/include-fixed"
ignoring duplicate directory "/home/diego/.espressif/tools/riscv32-esp-elf/esp-13.2.0_20230928/riscv32-esp-elf/bin/../lib/gcc/../../lib/gcc/riscv32-esp-elf/13.2.0/../../../../riscv32-esp-elf/sys-include"
ignoring duplicate directory "/home/diego/.espressif/tools/riscv32-esp-elf/esp-13.2.0_20230928/riscv32-esp-elf/bin/../lib/gcc/../../lib/gcc/riscv32-esp-elf/13.2.0/../../../../riscv32-esp-elf/include"
#include "..." search starts here:
#include <...> search starts here:
 /home/diego/.espressif/tools/riscv32-esp-elf/esp-13.2.0_20230928/riscv32-esp-elf/bin/../lib/gcc/riscv32-esp-elf/13.2.0/include
 /home/diego/.espressif/tools/riscv32-esp-elf/esp-13.2.0_20230928/riscv32-esp-elf/bin/../lib/gcc/riscv32-esp-elf/13.2.0/include-fixed
 /home/diego/.espressif/tools/riscv32-esp-elf/esp-13.2.0_20230928/riscv32-esp-elf/bin/../lib/gcc/riscv32-esp-elf/13.2.0/../../../../riscv32-esp-elf/sys-include
 /home/diego/.espressif/tools/riscv32-esp-elf/esp-13.2.0_20230928/riscv32-esp-elf/bin/../lib/gcc/riscv32-esp-elf/13.2.0/../../../../riscv32-esp-elf/include
End of search list.
Compiler executable checksum: 77495f34f76e3c762dece7c39ed79778
COLLECT_GCC_OPTIONS='-march=rv32imc_zicsr_zifencei' '-v' '-o' 'CMakeFiles/cmTC_a8401.dir/CMakeCCompilerABI.c.obj' '-c' '-mabi=ilp32' '-misa-spec=20191213' '-march=rv32imc_zicsr_zifencei' '-dumpdir' 'CMakeFiles/cmTC_a8401.dir/'
 /home/diego/.espressif/tools/riscv32-esp-elf/esp-13.2.0_20230928/riscv32-esp-elf/bin/../lib/gcc/riscv32-esp-elf/13.2.0/../../../../riscv32-esp-elf/bin/as -v --traditional-format -march=rv32imc_zicsr_zifencei -march=rv32imc_zicsr_zifencei -mabi=ilp32 -misa-spec=20191213 -o CMakeFiles/cmTC_a8401.dir/CMakeCCompilerABI.c.obj /tmp/cc4ulfQ7.s
GNU assembler version 2.41 (riscv32-esp-elf) using BFD version (crosstool-NG esp-13.2.0_20230928) 2.41
COMPILER_PATH=/home/diego/.espressif/tools/riscv32-esp-elf/esp-13.2.0_20230928/riscv32-esp-elf/bin/../libexec/gcc/riscv32-esp-elf/13.2.0/:/home/diego/.espressif/tools/riscv32-esp-elf/esp-13.2.0_20230928/riscv32-esp-elf/bin/../libexec/gcc/:/home/diego/.espressif/tools/riscv32-esp-elf/esp-13.2.0_20230928/riscv32-esp-elf/bin/../lib/gcc/riscv32-esp-elf/13.2.0/../../../../riscv32-esp-elf/bin/
LIBRARY_PATH=/home/diego/.espressif/tools/riscv32-esp-elf/esp-13.2.0_20230928/riscv32-esp-elf/bin/../lib/gcc/riscv32-esp-elf/13.2.0/rv32imc_zicsr_zifencei/ilp32/:/home/diego/.espressif/tools/riscv32-esp-elf/esp-13.2.0_20230928/riscv32-esp-elf/bin/../lib/gcc/riscv32-esp-elf/13.2.0/../../../../riscv32-esp-elf/lib/rv32imc_zicsr_zifencei/ilp32/:/home/diego/.espressif/tools/riscv32-esp-elf/esp-13.2.0_20230928/riscv32-esp-elf/bin/../lib/gcc/riscv32-esp-elf/13.2.0/:/home/diego/.espressif/tools/riscv32-esp-elf/esp-13.2.0_20230928/riscv32-esp-elf/bin/../lib/gcc/:/home/diego/.espressif/tools/riscv32-esp-elf/esp-13.2.0_20230928/riscv32-esp-elf/bin/../lib/gcc/riscv32-esp-elf/13.2.0/../../../../riscv32-esp-elf/lib/
COLLECT_GCC_OPTIONS='-march=rv32imc_zicsr_zifencei' '-v' '-o' 'CMakeFiles/cmTC_a8401.dir/CMakeCCompilerABI.c.obj' '-c' '-mabi=ilp32' '-misa-spec=20191213' '-march=rv32imc_zicsr_zifencei' '-dumpdir' 'CMakeFiles/cmTC_a8401.dir/CMakeCCompilerABI.c.'
[2/2] Linking C executable cmTC_a8401
Using built-in specs.
Reading specs from /home/diego/.espressif/tools/riscv32-esp-elf/esp-13.2.0_20230928/riscv32-esp-elf/bin/../lib/gcc/riscv32-esp-elf/13.2.0/../../../../riscv32-esp-elf/lib/nosys.specs
rename spec link_gcc_c_sequence to nosys_link_gcc_c_sequence
COLLECT_GCC=/home/diego/.espressif/tools/riscv32-esp-elf/esp-13.2.0_20230928/riscv32-esp-elf/bin/riscv32-esp-elf-gcc
COLLECT_LTO_WRAPPER=/home/diego/.espressif/tools/riscv32-esp-elf/esp-13.2.0_20230928/riscv32-esp-elf/bin/../libexec/gcc/riscv32-esp-elf/13.2.0/lto-wrapper
Target: riscv32-esp-elf
Configured with: /builds/idf/crosstool-NG/.build/riscv32-esp-elf/src/gcc/configure --build=x86_64-build_pc-linux-gnu --host=x86_64-build_pc-linux-gnu --target=riscv32-esp-elf --prefix=/builds/idf/crosstool-NG/builds/riscv32-esp-elf --exec_prefix=/builds/idf/crosstool-NG/builds/riscv32-esp-elf --with-local-prefix=/builds/idf/crosstool-NG/builds/riscv32-esp-elf/riscv32-esp-elf --with-headers=/builds/idf/crosstool-NG/builds/riscv32-esp-elf/riscv32-esp-elf/include --with-newlib --enable-threads=no --disable-shared --with-arch=rv32gc --with-abi=ilp32 --with-pkgversion='crosstool-NG esp-13.2.0_20230928' --disable-__cxa_atexit --enable-cxx-flags=-ffunction-sections --disable-libgomp --disable-libmudflap --disable-libmpx --disable-libssp --disable-libquadmath --disable-libquadmath-support --disable-libstdcxx-verbose --with-gmp=/builds/idf/crosstool-NG/.build/riscv32-esp-elf/buildtools --with-mpfr=/builds/idf/crosstool-NG/.build/riscv32-esp-elf/buildtools --with-mpc=/builds/idf/crosstool-NG/.build/riscv32-esp-elf/buildtools --with-isl=/builds/idf/crosstool-NG/.build/riscv32-esp-elf/buildtools --enable-lto --enable-target-optspace --without-long-double-128 --disable-nls --enable-multiarch --enable-languages=c,c++ --disable-libstdcxx-verbose --enable-threads=posix --enable-gcov-custom-rtio --enable-libstdcxx-time=yes
Thread model: posix
Supported LTO compression algorithms: zlib
gcc version 13.2.0 (crosstool-NG esp-13.2.0_20230928) 
COMPILER_PATH=/home/diego/.espressif/tools/riscv32-esp-elf/esp-13.2.0_20230928/riscv32-esp-elf/bin/../libexec/gcc/riscv32-esp-elf/13.2.0/:/home/diego/.espressif/tools/riscv32-esp-elf/esp-13.2.0_20230928/riscv32-esp-elf/bin/../libexec/gcc/:/home/diego/.espressif/tools/riscv32-esp-elf/esp-13.2.0_20230928/riscv32-esp-elf/bin/../lib/gcc/riscv32-esp-elf/13.2.0/../../../../riscv32-esp-elf/bin/
LIBRARY_PATH=/home/diego/.espressif/tools/riscv32-esp-elf/esp-13.2.0_20230928/riscv32-esp-elf/bin/../lib/gcc/riscv32-esp-elf/13.2.0/rv32imc_zicsr_zifencei/ilp32/:/home/diego/.espressif/tools/riscv32-esp-elf/esp-13.2.0_20230928/riscv32-esp-elf/bin/../lib/gcc/riscv32-esp-elf/13.2.0/../../../../riscv32-esp-elf/lib/rv32imc_zicsr_zifencei/ilp32/:/home/diego/.espressif/tools/riscv32-esp-elf/esp-13.2.0_20230928/riscv32-esp-elf/bin/../lib/gcc/riscv32-esp-elf/13.2.0/:/home/diego/.espressif/tools/riscv32-esp-elf/esp-13.2.0_20230928/riscv32-esp-elf/bin/../lib/gcc/:/home/diego/.espressif/tools/riscv32-esp-elf/esp-13.2.0_20230928/riscv32-esp-elf/bin/../lib/gcc/riscv32-esp-elf/13.2.0/../../../../riscv32-esp-elf/lib/
COLLECT_GCC_OPTIONS='-nostartfiles' '-march=rv32imc_zicsr_zifencei' '-specs=nosys.specs' '-v' '-o' 'cmTC_a8401' '-mabi=ilp32' '-misa-spec=20191213' '-march=rv32imc_zicsr_zifencei' '-dumpdir' 'cmTC_a8401.'
 /home/diego/.espressif/tools/riscv32-esp-elf/esp-13.2.0_20230928/riscv32-esp-elf/bin/../libexec/gcc/riscv32-esp-elf/13.2.0/collect2 -plugin /home/diego/.espressif/tools/riscv32-esp-elf/esp-13.2.0_20230928/riscv32-esp-elf/bin/../libexec/gcc/riscv32-esp-elf/13.2.0/liblto_plugin.so -plugin-opt=/home/diego/.espressif/tools/riscv32-esp-elf/esp-13.2.0_20230928/riscv32-esp-elf/bin/../libexec/gcc/riscv32-esp-elf/13.2.0/lto-wrapper -plugin-opt=-fresolution=/tmp/cctVpQMB.res -plugin-opt=-pass-through=-lgcc -plugin-opt=-pass-through=-lc -plugin-opt=-pass-through=-lnosys -plugin-opt=-pass-through=-lc -plugin-opt=-pass-through=-lgcc -plugin-opt=-pass-through=-lgcc -plugin-opt=-pass-through=-lc -plugin-opt=-pass-through=-lnosys -melf32lriscv -o cmTC_a8401 -L/home/diego/.espressif/tools/riscv32-esp-elf/esp-13.2.0_20230928/riscv32-esp-elf/bin/../lib/gcc/riscv32-esp-elf/13.2.0/rv32imc_zicsr_zifencei/ilp32 -L/home/diego/.espressif/tools/riscv32-esp-elf/esp-13.2.0_20230928/riscv32-esp-elf/bin/../lib/gcc/riscv32-esp-elf/13.2.0/../../../../riscv32-esp-elf/lib/rv32imc_zicsr_zifencei/ilp32 -L/home/diego/.espressif/tools/riscv32-esp-elf/esp-13.2.0_20230928/riscv32-esp-elf/bin/../lib/gcc/riscv32-esp-elf/13.2.0 -L/home/diego/.espressif/tools/riscv32-esp-elf/esp-13.2.0_20230928/riscv32-esp-elf/bin/../lib/gcc -L/home/diego/.espressif/tools/riscv32-esp-elf/esp-13.2.0_20230928/riscv32-esp-elf/bin/../lib/gcc/riscv32-esp-elf/13.2.0/../../../../riscv32-esp-elf/lib CMakeFiles/cmTC_a8401.dir/CMakeCCompilerABI.c.obj -lgcc -lc -lnosys -lc -lgcc --start-group -lgcc -lc -lnosys --end-group
/home/diego/.espressif/tools/riscv32-esp-elf/esp-13.2.0_20230928/riscv32-esp-elf/bin/../lib/gcc/riscv32-esp-elf/13.2.0/../../../../riscv32-esp-elf/bin/ld: warning: cannot find entry symbol _start; defaulting to 00010074
COLLECT_GCC_OPTIONS='-nostartfiles' '-march=rv32imc_zicsr_zifencei' '-specs=nosys.specs' '-v' '-o' 'cmTC_a8401' '-mabi=ilp32' '-misa-spec=20191213' '-march=rv32imc_zicsr_zifencei' '-dumpdir' 'cmTC_a8401.'



Parsed C implicit include dir info from above output: rv=done
  found start of include info
  found start of implicit include info
    add: [/home/diego/.espressif/tools/riscv32-esp-elf/esp-13.2.0_20230928/riscv32-esp-elf/bin/../lib/gcc/riscv32-esp-elf/13.2.0/include]
    add: [/home/diego/.espressif/tools/riscv32-esp-elf/esp-13.2.0_20230928/riscv32-esp-elf/bin/../lib/gcc/riscv32-esp-elf/13.2.0/include-fixed]
    add: [/home/diego/.espressif/tools/riscv32-esp-elf/esp-13.2.0_20230928/riscv32-esp-elf/bin/../lib/gcc/riscv32-esp-elf/13.2.0/../../../../riscv32-esp-elf/sys-include]
    add: [/home/diego/.espressif/tools/riscv32-esp-elf/esp-13.2.0_20230928/riscv32-esp-elf/bin/../lib/gcc/riscv32-esp-elf/13.2.0/../../../../riscv32-esp-elf/include]
  end of search list found
  collapse include dir [/home/diego/.espressif/tools/riscv32-esp-elf/esp-13.2.0_20230928/riscv32-esp-elf/bin/../lib/gcc/riscv32-esp-elf/13.2.0/include] ==> [/home/diego/.espressif/tools/riscv32-esp-elf/esp-13.2.0_20230928/riscv32-esp-elf/lib/gcc/riscv32-esp-elf/13.2.0/include]
  collapse include dir [/home/diego/.espressif/tools/riscv32-esp-elf/esp-13.2.0_20230928/riscv32-esp-elf/bin/../lib/gcc/riscv32-esp-elf/13.2.0/include-fixed] ==> [/home/diego/.espressif/tools/riscv32-esp-elf/esp-13.2.0_20230928/riscv32-esp-elf/lib/gcc/riscv32-esp-elf/13.2.0/include-fixed]
  collapse include dir [/home/diego/.espressif/tools/riscv32-esp-elf/esp-13.2.0_20230928/riscv32-esp-elf/bin/../lib/gcc/riscv32-esp-elf/13.2.0/../../../../riscv32-esp-elf/sys-include] ==> [/home/diego/.espressif/tools/riscv32-esp-elf/esp-13.2.0_20230928/riscv32-esp-elf/riscv32-esp-elf/sys-include]
  collapse include dir [/home/diego/.espressif/tools/riscv32-esp-elf/esp-13.2.0_20230928/riscv32-esp-elf/bin/../lib/gcc/riscv32-esp-elf/13.2.0/../../../../riscv32-esp-elf/include] ==> [/home/diego/.espressif/tools/riscv32-esp-elf/esp-13.2.0_20230928/riscv32-esp-elf/riscv32-esp-elf/include]
  implicit include dirs: [/home/diego/.espressif/tools/riscv32-esp-elf/esp-13.2.0_20230928/riscv32-esp-elf/lib/gcc/riscv32-esp-elf/13.2.0/include;/home/diego/.espressif/tools/riscv32-esp-elf/esp-13.2.0_20230928/riscv32-esp-elf/lib/gcc/riscv32-esp-elf/13.2.0/include-fixed;/home/diego/.espressif/tools/riscv32-esp-elf/esp-13.2.0_20230928/riscv32-esp-elf/riscv32-esp-elf/sys-include;/home/diego/.espressif/tools/riscv32-esp-elf/esp-13.2.0_20230928/riscv32-esp-elf/riscv32-esp-elf/include]


Parsed C implicit link information from above output:
  link line regex: [^( *|.*[/\])(riscv32-esp-elf-ld|CMAKE_LINK_STARTFILE-NOTFOUND|([^/\]+-)?ld|collect2)[^/\]*( |$)]
  ignore line: [Change Dir: /home/diego/proyectos/_/viejo/cr_c/build/CMakeFiles/CMakeScratch/TryCompile-MLZ37X]
  ignore line: []
  ignore line: [Run Build Command(s):/usr/bin/ninja cmTC_a8401 && [1/2] Building C object CMakeFiles/cmTC_a8401.dir/CMakeCCompilerABI.c.obj]
  ignore line: [Using built-in specs.]
  ignore line: [COLLECT_GCC=/home/diego/.espressif/tools/riscv32-esp-elf/esp-13.2.0_20230928/riscv32-esp-elf/bin/riscv32-esp-elf-gcc]
  ignore line: [Target: riscv32-esp-elf]
  ignore line: [Configured with: /builds/idf/crosstool-NG/.build/riscv32-esp-elf/src/gcc/configure --build=x86_64-build_pc-linux-gnu --host=x86_64-build_pc-linux-gnu --target=riscv32-esp-elf --prefix=/builds/idf/crosstool-NG/builds/riscv32-esp-elf --exec_prefix=/builds/idf/crosstool-NG/builds/riscv32-esp-elf --with-local-prefix=/builds/idf/crosstool-NG/builds/riscv32-esp-elf/riscv32-esp-elf --with-headers=/builds/idf/crosstool-NG/builds/riscv32-esp-elf/riscv32-esp-elf/include --with-newlib --enable-threads=no --disable-shared --with-arch=rv32gc --with-abi=ilp32 --with-pkgversion='crosstool-NG esp-13.2.0_20230928' --disable-__cxa_atexit --enable-cxx-flags=-ffunction-sections --disable-libgomp --disable-libmudflap --disable-libmpx --disable-libssp --disable-libquadmath --disable-libquadmath-support --disable-libstdcxx-verbose --with-gmp=/builds/idf/crosstool-NG/.build/riscv32-esp-elf/buildtools --with-mpfr=/builds/idf/crosstool-NG/.build/riscv32-esp-elf/buildtools --with-mpc=/builds/idf/crosstool-NG/.build/riscv32-esp-elf/buildtools --with-isl=/builds/idf/crosstool-NG/.build/riscv32-esp-elf/buildtools --enable-lto --enable-target-optspace --without-long-double-128 --disable-nls --enable-multiarch --enable-languages=c c++ --disable-libstdcxx-verbose --enable-threads=posix --enable-gcov-custom-rtio --enable-libstdcxx-time=yes]
  ignore line: [Thread model: posix]
  ignore line: [Supported LTO compression algorithms: zlib]
  ignore line: [gcc version 13.2.0 (crosstool-NG esp-13.2.0_20230928) ]
  ignore line: [COLLECT_GCC_OPTIONS='-march=rv32imc_zicsr_zifencei' '-v' '-o' 'CMakeFiles/cmTC_a8401.dir/CMakeCCompilerABI.c.obj' '-c' '-mabi=ilp32' '-misa-spec=20191213' '-march=rv32imc_zicsr_zifencei' '-dumpdir' 'CMakeFiles/cmTC_a8401.dir/']
  ignore line: [ /home/diego/.espressif/tools/riscv32-esp-elf/esp-13.2.0_20230928/riscv32-esp-elf/bin/../libexec/gcc/riscv32-esp-elf/13.2.0/cc1 -quiet -v -imultilib rv32imc_zicsr_zifencei/ilp32 -iprefix /home/diego/.espressif/tools/riscv32-esp-elf/esp-13.2.0_20230928/riscv32-esp-elf/bin/../lib/gcc/riscv32-esp-elf/13.2.0/ /usr/share/cmake-3.25/Modules/CMakeCCompilerABI.c -quiet -dumpdir CMakeFiles/cmTC_a8401.dir/ -dumpbase CMakeCCompilerABI.c.c -dumpbase-ext .c -march=rv32imc_zicsr_zifencei -mabi=ilp32 -misa-spec=20191213 -march=rv32imc_zicsr_zifencei -version -o /tmp/cc4ulfQ7.s]
  ignore line: [GNU C17 (crosstool-NG esp-13.2.0_20230928) version 13.2.0 (riscv32-esp-elf)]
  ignore line: [	compiled by GNU C version 4.9.2  GMP version 6.2.1  MPFR version 4.1.0  MPC version 1.2.1  isl version isl-0.24-GMP]
  ignore line: []
  ignore line: [GGC heuristics: --param ggc-min-expand=100 --param ggc-min-heapsize=131072]
  ignore line: [ignoring duplicate directory "/home/diego/.espressif/tools/riscv32-esp-elf/esp-13.2.0_20230928/riscv32-esp-elf/bin/../lib/gcc/../../lib/gcc/riscv32-esp-elf/13.2.0/include"]
  ignore line: [ignoring duplicate directory "/home/diego/.espressif/tools/riscv32-esp-elf/esp-13.2.0_20230928/riscv32-esp-elf/bin/../lib/gcc/../../lib/gcc/riscv32-esp-elf/13.2.0/include-fixed"]
  ignore line: [ignoring duplicate directory "/home/diego/.espressif/tools/riscv32-esp-elf/esp-13.2.0_20230928/riscv32-esp-elf/bin/../lib/gcc/../../lib/gcc/riscv32-esp-elf/13.2.0/../../../../riscv32-esp-elf/sys-include"]
  ignore line: [ignoring duplicate directory "/home/diego/.espressif/tools/riscv32-esp-elf/esp-13.2.0_20230928/riscv32-esp-elf/bin/../lib/gcc/../../lib/gcc/riscv32-esp-elf/13.2.0/../../../../riscv32-esp-elf/include"]
  ignore line: [#include "..." search starts here:]
  ignore line: [#include <...> search starts here:]
  ignore line: [ /home/diego/.espressif/tools/riscv32-esp-elf/esp-13.2.0_20230928/riscv32-esp-elf/bin/../lib/gcc/riscv32-esp-elf/13.2.0/include]
  ignore line: [ /home/diego/.espressif/tools/riscv32-esp-elf/esp-13.2.0_20230928/riscv32-esp-elf/bin/../lib/gcc/riscv32-esp-elf/13.2.0/include-fixed]
  ignore line: [ /home/diego/.espressif/tools/riscv32-esp-elf/esp-13.2.0_20230928/riscv32-esp-elf/bin/../lib/gcc/riscv32-esp-elf/13.2.0/../../../../riscv32-esp-elf/sys-include]
  ignore line: [ /home/diego/.espressif/tools/riscv32-esp-elf/esp-13.2.0_20230928/riscv32-esp-elf/bin/../lib/gcc/riscv32-esp-elf/13.2.0/../../../../riscv32-esp-elf/include]
  ignore line: [End of search list.]
  ignore line: [Compiler executable checksum: 77495f34f76e3c762dece7c39ed79778]
  ignore line: [COLLECT_GCC_OPTIONS='-march=rv32imc_zicsr_zifencei' '-v' '-o' 'CMakeFiles/cmTC_a8401.dir/CMakeCCompilerABI.c.obj' '-c' '-mabi=ilp32' '-misa-spec=20191213' '-march=rv32imc_zicsr_zifencei' '-dumpdir' 'CMakeFiles/cmTC_a8401.dir/']
  ignore line: [ /home/diego/.espressif/tools/riscv32-esp-elf/esp-13.2.0_20230928/riscv32-esp-elf/bin/../lib/gcc/riscv32-esp-elf/13.2.0/../../../../riscv32-esp-elf/bin/as -v --traditional-format -march=rv32imc_zicsr_zifencei -march=rv32imc_zicsr_zifencei -mabi=ilp32 -misa-spec=20191213 -o CMakeFiles/cmTC_a8401.dir/CMakeCCompilerABI.c.obj /tmp/cc4ulfQ7.s]
  ignore line: [GNU assembler version 2.41 (riscv32-esp-elf) using BFD version (crosstool-NG esp-13.2.0_20230928) 2.41]
  ignore line: [COMPILER_PATH=/home/diego/.espressif/tools/riscv32-esp-elf/esp-13.2.0_20230928/riscv32-esp-elf/bin/../libexec/gcc/riscv32-esp-elf/13.2.0/:/home/diego/.espressif/tools/riscv32-esp-elf/esp-13.2.0_20230928/riscv32-esp-elf/bin/../libexec/gcc/:/home/diego/.espressif/tools/riscv32-esp-elf/esp-13.2.0_20230928/riscv32-esp-elf/bin/../lib/gcc/riscv32-esp-elf/13.2.0/../../../../riscv32-esp-elf/bin/]
  ignore line: [LIBRARY_PATH=/home/diego/.espressif/tools/riscv32-esp-elf/esp-13.2.0_20230928/riscv32-esp-elf/bin/../lib/gcc/riscv32-esp-elf/13.2.0/rv32imc_zicsr_zifencei/ilp32/:/home/diego/.espressif/tools/riscv32-esp-elf/esp-13.2.0_20230928/riscv32-esp-elf/bin/../lib/gcc/riscv32-esp-elf/13.2.0/../../../../riscv32-esp-elf/lib/rv32imc_zicsr_zifencei/ilp32/:/home/diego/.espressif/tools/riscv32-esp-elf/esp-13.2.0_20230928/riscv32-esp-elf/bin/../lib/gcc/riscv32-esp-elf/13.2.0/:/home/diego/.espressif/tools/riscv32-esp-elf/esp-13.2.0_20230928/riscv32-esp-elf/bin/../lib/gcc/:/home/diego/.espressif/tools/riscv32-esp-elf/esp-13.2.0_20230928/riscv32-esp-elf/bin/../lib/gcc/riscv32-esp-elf/13.2.0/../../../../riscv32-esp-elf/lib/]
  ignore line: [COLLECT_GCC_OPTIONS='-march=rv32imc_zicsr_zifencei' '-v' '-o' 'CMakeFiles/cmTC_a8401.dir/CMakeCCompilerABI.c.obj' '-c' '-mabi=ilp32' '-misa-spec=20191213' '-march=rv32imc_zicsr_zifencei' '-dumpdir' 'CMakeFiles/cmTC_a8401.dir/CMakeCCompilerABI.c.']
  ignore line: [[2/2] Linking C executable cmTC_a8401]
  ignore line: [Using built-in specs.]
  ignore line: [Reading specs from /home/diego/.espressif/tools/riscv32-esp-elf/esp-13.2.0_20230928/riscv32-esp-elf/bin/../lib/gcc/riscv32-esp-elf/13.2.0/../../../../riscv32-esp-elf/lib/nosys.specs]
  ignore line: [rename spec link_gcc_c_sequence to nosys_link_gcc_c_sequence]
  ignore line: [COLLECT_GCC=/home/diego/.espressif/tools/riscv32-esp-elf/esp-13.2.0_20230928/riscv32-esp-elf/bin/riscv32-esp-elf-gcc]
  ignore line: [COLLECT_LTO_WRAPPER=/home/diego/.espressif/tools/riscv32-esp-elf/esp-13.2.0_20230928/riscv32-esp-elf/bin/../libexec/gcc/riscv32-esp-elf/13.2.0/lto-wrapper]
  ignore line: [Target: riscv32-esp-elf]
  ignore line: [Configured with: /builds/idf/crosstool-NG/.build/riscv32-esp-elf/src/gcc/configure --build=x86_64-build_pc-linux-gnu --host=x86_64-build_pc-linux-gnu --target=riscv32-esp-elf --prefix=/builds/idf/crosstool-NG/builds/riscv32-esp-elf --exec_prefix=/builds/idf/crosstool-NG/builds/riscv32-esp-elf --with-local-prefix=/builds/idf/crosstool-NG/builds/riscv32-esp-elf/riscv32-esp-elf --with-headers=/builds/idf/crosstool-NG/builds/riscv32-esp-elf/riscv32-esp-elf/include --with-newlib --enable-threads=no --disable-shared --with-arch=rv32gc --with-abi=ilp32 --with-pkgversion='crosstool-NG esp-13.2.0_20230928' --disable-__cxa_atexit --enable-cxx-flags=-ffunction-sections --disable-libgomp --disable-libmudflap --disable-libmpx --disable-libssp --disable-libquadmath --disable-libquadmath-support --disable-libstdcxx-verbose --with-gmp=/builds/idf/crosstool-NG/.build/riscv32-esp-elf/buildtools --with-mpfr=/builds/idf/crosstool-NG/.build/riscv32-esp-elf/buildtools --with-mpc=/builds/idf/crosstool-NG/.build/riscv32-esp-elf/buildtools --with-isl=/builds/idf/crosstool-NG/.build/riscv32-esp-elf/buildtools --enable-lto --enable-target-optspace --without-long-double-128 --disable-nls --enable-multiarch --enable-languages=c c++ --disable-libstdcxx-verbose --enable-threads=posix --enable-gcov-custom-rtio --enable-libstdcxx-time=yes]
  ignore line: [Thread model: posix]
  ignore line: [Supported LTO compression algorithms: zlib]
  ignore line: [gcc version 13.2.0 (crosstool-NG esp-13.2.0_20230928) ]
  ignore line: [COMPILER_PATH=/home/diego/.espressif/tools/riscv32-esp-elf/esp-13.2.0_20230928/riscv32-esp-elf/bin/../libexec/gcc/riscv32-esp-elf/13.2.0/:/home/diego/.espressif/tools/riscv32-esp-elf/esp-13.2.0_20230928/riscv32-esp-elf/bin/../libexec/gcc/:/home/diego/.espressif/tools/riscv32-esp-elf/esp-13.2.0_20230928/riscv32-esp-elf/bin/../lib/gcc/riscv32-esp-elf/13.2.0/../../../../riscv32-esp-elf/bin/]
  ignore line: [LIBRARY_PATH=/home/diego/.espressif/tools/riscv32-esp-elf/esp-13.2.0_20230928/riscv32-esp-elf/bin/../lib/gcc/riscv32-esp-elf/13.2.0/rv32imc_zicsr_zifencei/ilp32/:/home/diego/.espressif/tools/riscv32-esp-elf/esp-13.2.0_20230928/riscv32-esp-elf/bin/../lib/gcc/riscv32-esp-elf/13.2.0/../../../../riscv32-esp-elf/lib/rv32imc_zicsr_zifencei/ilp32/:/home/diego/.espressif/tools/riscv32-esp-elf/esp-13.2.0_20230928/riscv32-esp-elf/bin/../lib/gcc/riscv32-esp-elf/13.2.0/:/home/diego/.espressif/tools/riscv32-esp-elf/esp-13.2.0_20230928/riscv32-esp-elf/bin/../lib/gcc/:/home/diego/.espressif/tools/riscv32-esp-elf/esp-13.2.0_20230928/riscv32-esp-elf/bin/../lib/gcc/riscv32-esp-elf/13.2.0/../../../../riscv32-esp-elf/lib/]
  ignore line: [COLLECT_GCC_OPTIONS='-nostartfiles' '-march=rv32imc_zicsr_zifencei' '-specs=nosys.specs' '-v' '-o' 'cmTC_a8401' '-mabi=ilp32' '-misa-spec=20191213' '-march=rv32imc_zicsr_zifencei' '-dumpdir' 'cmTC_a8401.']
  link line: [ /home/diego/.espressif/tools/riscv32-esp-elf/esp-13.2.0_20230928/riscv32-esp-elf/bin/../libexec/gcc/riscv32-esp-elf/13.2.0/collect2 -plugin /home/diego/.espressif/tools/riscv32-esp-elf/esp-13.2.0_20230928/riscv32-esp-elf/bin/../libexec/gcc/riscv32-esp-elf/13.2.0/liblto_plugin.so -plugin-opt=/home/diego/.espressif/tools/riscv32-esp-elf/esp-13.2.0_20230928/riscv32-esp-elf/bin/../libexec/gcc/riscv32-esp-elf/13.2.0/lto-wrapper -plugin-opt=-fresolution=/tmp/cctVpQMB.res -plugin-opt=-pass-through=-lgcc -plugin-opt=-pass-through=-lc -plugin-opt=-pass-through=-lnosys -plugin-opt=-pass-through=-lc -plugin-opt=-pass-through=-lgcc -plugin-opt=-pass-through=-lgcc -plugin-opt=-pass-through=-lc -plugin-opt=-pass-through=-lnosys -melf32lriscv -o cmTC_a8401 -L/home/diego/.espressif/tools/riscv32-esp-elf/esp-13.2.0_20230928/riscv32-esp-elf/bin/../lib/gcc/riscv32-esp-elf/13.2.0/rv32imc_zicsr_zifencei/ilp32 -L/home/diego/.espressif/tools/riscv32-esp-elf/esp-13.2.0_20230928/riscv32-esp-elf/bin/../lib/gcc/riscv32-esp-elf/13.2.0/../../../../riscv32-esp-elf/lib/rv32imc_zicsr_zifencei/ilp32 -L/home/diego/.espressif/tools/riscv32-esp-elf/esp-13.2.0_20230928/riscv32-esp-elf/bin/../lib/gcc/riscv32-esp-elf/13.2.0 -L/home/diego/.espressif/tools/riscv32-esp-elf/esp-13.2.0_20230928/riscv32-esp-elf/bin/../lib/gcc -L/home/diego/.espressif/tools/riscv32-esp-elf/esp-13.2.0_20230928/riscv32-esp-elf/bin/../lib/gcc/riscv32-esp-elf/13.2.0/../../../../riscv32-esp-elf/lib CMakeFiles/cmTC_a8401.dir/CMakeCCompilerABI.c.obj -lgcc -lc -lnosys -lc -lgcc --start-group -lgcc -lc -lnosys --end-group]
    arg [/home/diego/.espressif/tools/riscv32-esp-elf/esp-13.2.0_20230928/riscv32-esp-elf/bin/../libexec/gcc/riscv32-esp-elf/13.2.0/collect2] ==> ignore
    arg [-plugin] ==> ignore
    arg [/home/diego/.espressif/tools/riscv32-esp-elf/esp-13.2.0_20230928/riscv32-esp-elf/bin/../libexec/gcc/riscv32-esp-elf/13.2.0/liblto_plugin.so] ==> ignore
    arg [-plugin-opt=/home/diego/.espressif/tools/riscv32-esp-elf/esp-13.2.0_20230928/riscv32-esp-elf/bin/../libexec/gcc/riscv32-esp-elf/13.2.0/lto-wrapper] ==> ignore
    arg [-plugin-opt=-fresolution=/tmp/cctVpQMB.res] ==> ignore
    arg [-plugin-opt=-pass-through=-lgcc] ==> ignore
    arg [-plugin-opt=-pass-through=-lc] ==> ignore
    arg [-plugin-opt=-pass-through=-lnosys] ==> ignore
    arg [-plugin-opt=-pass-through=-lc] ==> ignore
    arg [-plugin-opt=-pass-through=-lgcc] ==> ignore
    arg [-plugin-opt=-pass-through=-lgcc] ==> ignore
    arg [-plugin-opt=-pass-through=-lc] ==> ignore
    arg [-plugin-opt=-pass-through=-lnosys] ==> ignore
    arg [-melf32lriscv] ==> ignore
    arg [-o] ==> ignore
    arg [cmTC_a8401] ==> ignore
    arg [-L/home/diego/.espressif/tools/riscv32-esp-elf/esp-13.2.0_20230928/riscv32-esp-elf/bin/../lib/gcc/riscv32-esp-elf/13.2.0/rv32imc_zicsr_zifencei/ilp32] ==> dir [/home/diego/.espressif/tools/riscv32-esp-elf/esp-13.2.0_20230928/riscv32-esp-elf/bin/../lib/gcc/riscv32-esp-elf/13.2.0/rv32imc_zicsr_zifencei/ilp32]
    arg [-L/home/diego/.espressif/tools/riscv32-esp-elf/esp-13.2.0_20230928/riscv32-esp-elf/bin/../lib/gcc/riscv32-esp-elf/13.2.0/../../../../riscv32-esp-elf/lib/rv32imc_zicsr_zifencei/ilp32] ==> dir [/home/diego/.espressif/tools/riscv32-esp-elf/esp-13.2.0_20230928/riscv32-esp-elf/bin/../lib/gcc/riscv32-esp-elf/13.2.0/../../../../riscv32-esp-elf/lib/rv32imc_zicsr_zifencei/ilp32]
    arg [-L/home/diego/.espressif/tools/riscv32-esp-elf/esp-13.2.0_20230928/riscv32-esp-elf/bin/../lib/gcc/riscv32-esp-elf/13.2.0] ==> dir [/home/diego/.espressif/tools/riscv32-esp-elf/esp-13.2.0_20230928/riscv32-esp-elf/bin/../lib/gcc/riscv32-esp-elf/13.2.0]
    arg [-L/home/diego/.espressif/tools/riscv32-esp-elf/esp-13.2.0_20230928/riscv32-esp-elf/bin/../lib/gcc] ==> dir [/home/diego/.espressif/tools/riscv32-esp-elf/esp-13.2.0_20230928/riscv32-esp-elf/bin/../lib/gcc]
    arg [-L/home/diego/.espressif/tools/riscv32-esp-elf/esp-13.2.0_20230928/riscv32-esp-elf/bin/../lib/gcc/riscv32-esp-elf/13.2.0/../../../../riscv32-esp-elf/lib] ==> dir [/home/diego/.espressif/tools/riscv32-esp-elf/esp-13.2.0_20230928/riscv32-esp-elf/bin/../lib/gcc/riscv32-esp-elf/13.2.0/../../../../riscv32-esp-elf/lib]
    arg [CMakeFiles/cmTC_a8401.dir/CMakeCCompilerABI.c.obj] ==> ignore
    arg [-lgcc] ==> lib [gcc]
    arg [-lc] ==> lib [c]
    arg [-lnosys] ==> lib [nosys]
    arg [-lc] ==> lib [c]
    arg [-lgcc] ==> lib [gcc]
    arg [--start-group] ==> ignore
    arg [-lgcc] ==> lib [gcc]
    arg [-lc] ==> lib [c]
    arg [-lnosys] ==> lib [nosys]
    arg [--end-group] ==> ignore
  collapse library dir [/home/diego/.espressif/tools/riscv32-esp-elf/esp-13.2.0_20230928/riscv32-esp-elf/bin/../lib/gcc/riscv32-esp-elf/13.2.0/rv32imc_zicsr_zifencei/ilp32] ==> [/home/diego/.espressif/tools/riscv32-esp-elf/esp-13.2.0_20230928/riscv32-esp-elf/lib/gcc/riscv32-esp-elf/13.2.0/rv32imc_zicsr_zifencei/ilp32]
  collapse library dir [/home/diego/.espressif/tools/riscv32-esp-elf/esp-13.2.0_20230928/riscv32-esp-elf/bin/../lib/gcc/riscv32-esp-elf/13.2.0/../../../../riscv32-esp-elf/lib/rv32imc_zicsr_zifencei/ilp32] ==> [/home/diego/.espressif/tools/riscv32-esp-elf/esp-13.2.0_20230928/riscv32-esp-elf/riscv32-esp-elf/lib/rv32imc_zicsr_zifencei/ilp32]
  collapse library dir [/home/diego/.espressif/tools/riscv32-esp-elf/esp-13.2.0_20230928/riscv32-esp-elf/bin/../lib/gcc/riscv32-esp-elf/13.2.0] ==> [/home/diego/.espressif/tools/riscv32-esp-elf/esp-13.2.0_20230928/riscv32-esp-elf/lib/gcc/riscv32-esp-elf/13.2.0]
  collapse library dir [/home/diego/.espressif/tools/riscv32-esp-elf/esp-13.2.0_20230928/riscv32-esp-elf/bin/../lib/gcc] ==> [/home/diego/.espressif/tools/riscv32-esp-elf/esp-13.2.0_20230928/riscv32-esp-elf/lib/gcc]
  collapse library dir [/home/diego/.espressif/tools/riscv32-esp-elf/esp-13.2.0_20230928/riscv32-esp-elf/bin/../lib/gcc/riscv32-esp-elf/13.2.0/../../../../riscv32-esp-elf/lib] ==> [/home/diego/.espressif/tools/riscv32-esp-elf/esp-13.2.0_20230928/riscv32-esp-elf/riscv32-esp-elf/lib]
  implicit libs: [gcc;c;nosys;c;gcc;gcc;c;nosys]
  implicit objs: []
  implicit dirs: [/home/diego/.espressif/tools/riscv32-esp-elf/esp-13.2.0_20230928/riscv32-esp-elf/lib/gcc/riscv32-esp-elf/13.2.0/rv32imc_zicsr_zifencei/ilp32;/home/diego/.espressif/tools/riscv32-esp-elf/esp-13.2.0_20230928/riscv32-esp-elf/riscv32-esp-elf/lib/rv32imc_zicsr_zifencei/ilp32;/home/diego/.espressif/tools/riscv32-esp-elf/esp-13.2.0_20230928/riscv32-esp-elf/lib/gcc/riscv32-esp-elf/13.2.0;/home/diego/.espressif/tools/riscv32-esp-elf/esp-13.2.0_20230928/riscv32-esp-elf/lib/gcc;/home/diego/.espressif/tools/riscv32-esp-elf/esp-13.2.0_20230928/riscv32-esp-elf/riscv32-esp-elf/lib]
  implicit fwks: []


Detecting CXX compiler ABI info compiled with the following output:
Change Dir: /home/diego/proyectos/_/viejo/cr_c/build/CMakeFiles/CMakeScratch/TryCompile-8GD1bF

Run Build Command(s):/usr/bin/ninja cmTC_cd260 && [1/2] Building CXX object CMakeFiles/cmTC_cd260.dir/CMakeCXXCompilerABI.cpp.obj
Using built-in specs.
COLLECT_GCC=/home/diego/.espressif/tools/riscv32-esp-elf/esp-13.2.0_20230928/riscv32-esp-elf/bin/riscv32-esp-elf-g++
Target: riscv32-esp-elf
Configured with: /builds/idf/crosstool-NG/.build/riscv32-esp-elf/src/gcc/configure --build=x86_64-build_pc-linux-gnu --host=x86_64-build_pc-linux-gnu --target=riscv32-esp-elf --prefix=/builds/idf/crosstool-NG/builds/riscv32-esp-elf --exec_prefix=/builds/idf/crosstool-NG/builds/riscv32-esp-elf --with-local-prefix=/builds/idf/crosstool-NG/builds/riscv32-esp-elf/riscv32-esp-elf --with-headers=/builds/idf/crosstool-NG/builds/riscv32-esp-elf/riscv32-esp-elf/include --with-newlib --enable-threads=no --disable-shared --with-arch=rv32gc --with-abi=ilp32 --with-pkgversion='crosstool-NG esp-13.2.0_20230928' --disable-__cxa_atexit --enable-cxx-flags=-ffunction-sections --disable-libgomp --disable-libmudflap --disable-libmpx --disable-libssp --disable-libquadmath --disable-libquadmath-support --disable-libstdcxx-verbose --with-gmp=/builds/idf/crosstool-NG/.build/riscv32-esp-elf/buildtools --with-mpfr=/builds/idf/crosstool-NG/.build/riscv32-esp-elf/buildtools --with-mpc=/builds/idf/crosstool-NG/.build/riscv32-esp-elf/buildtools --with-isl=/builds/idf/crosstool-NG/.build/riscv32-esp-elf/buildtools --enable-lto --enable-target-optspace --without-long-double-128 --disable-nls --enable-multiarch --enable-languages=c,c++ --disable-libstdcxx-verbose --enable-threads=posix --enable-gcov-custom-rtio --enable-libstdcxx-time=yes
Thread model: posix
Supported LTO compression algorithms: zlib
gcc version 13.2.0 (crosstool-NG esp-13.2.0_20230928) 
COLLECT_GCC_OPTIONS='-march=rv32imc_zicsr_zifencei' '-v' '-o' 'CMakeFiles/cmTC_cd260.dir/CMakeCXXCompilerABI.cpp.obj' '-c' '-mabi=ilp32' '-misa-spec=20191213' '-march=rv32imc_zicsr_zifencei' '-dumpdir' 'CMakeFiles/cmTC_cd260.dir/'
 /home/diego/.espressif/tools/riscv32-esp-elf/esp-13.2.0_20230928/riscv32-esp-elf/bin/../libexec/gcc/riscv32-esp-elf/13.2.0/cc1plus -quiet -v -imultilib rv32imc_zicsr_zifencei/ilp32 -iprefix /home/diego/.espressif/tools/riscv32-esp-elf/esp-13.2.0_20230928/riscv32-esp-elf/bin/../lib/gcc/riscv32-esp-elf/13.2.0/ /usr/share/cmake-3.25/Modules/CMakeCXXCompilerABI.cpp -quiet -dumpdir CMakeFiles/cmTC_cd260.dir/ -dumpbase CMakeCXXCompilerABI.cpp.cpp -dumpbase-ext .cpp -march=rv32imc_zicsr_zifencei -mabi=ilp32 -misa-spec=20191213 -march=rv32imc_zicsr_zifencei -version -o /tmp/ccjnVDgA.s
GNU C++17 (crosstool-NG esp-13.2.0_20230928) version 13.2.0 (riscv32-esp-elf)
	compiled by GNU C version 4.9.2, GMP version 6.2.1, MPFR version 4.1.0, MPC version 1.2.1, isl version isl-0.24-GMP

GGC heuristics: --param ggc-min-expand=100 --param ggc-min-heapsize=131072
ignoring duplicate directory "/home/diego/.espressif/tools/riscv32-esp-elf/esp-13.2.0_20230928/riscv32-esp-elf/bin/../lib/gcc/../../lib/gcc/riscv32-esp-elf/13.2.0/../../../../riscv32-esp-elf/include/c++/13.2.0"
ignoring duplicate directory "/home/diego/.espressif/tools/riscv32-esp-elf/esp-13.2.0_20230928/riscv32-esp-elf/bin/../lib/gcc/../../lib/gcc/riscv32-esp-elf/13.2.0/../../../../riscv32-esp-elf/include/c++/13.2.0/riscv32-esp-elf/rv32imc_zicsr_zifencei/ilp32"
ignoring duplicate directory "/home/diego/.espressif/tools/riscv32-esp-elf/esp-13.2.0_20230928/riscv32-esp-elf/bin/../lib/gcc/../../lib/gcc/riscv32-esp-elf/13.2.0/../../../../riscv32-esp-elf/include/c++/13.2.0/backward"
ignoring duplicate directory "/home/diego/.espressif/tools/riscv32-esp-elf/esp-13.2.0_20230928/riscv32-esp-elf/bin/../lib/gcc/../../lib/gcc/riscv32-esp-elf/13.2.0/include"
ignoring duplicate directory "/home/diego/.espressif/tools/riscv32-esp-elf/esp-13.2.0_20230928/riscv32-esp-elf/bin/../lib/gcc/../../lib/gcc/riscv32-esp-elf/13.2.0/include-fixed"
ignoring duplicate directory "/home/diego/.espressif/tools/riscv32-esp-elf/esp-13.2.0_20230928/riscv32-esp-elf/bin/../lib/gcc/../../lib/gcc/riscv32-esp-elf/13.2.0/../../../../riscv32-esp-elf/sys-include"
ignoring duplicate directory "/home/diego/.espressif/tools/riscv32-esp-elf/esp-13.2.0_20230928/riscv32-esp-elf/bin/../lib/gcc/../../lib/gcc/riscv32-esp-elf/13.2.0/../../../../riscv32-esp-elf/include"
#include "..." search starts here:
#include <...> search starts here:
 /home/diego/.espressif/tools/riscv32-esp-elf/esp-13.2.0_20230928/riscv32-esp-elf/bin/../lib/gcc/riscv32-esp-elf/13.2.0/../../../../riscv32-esp-elf/include/c++/13.2.0
 /home/diego/.espressif/tools/riscv32-esp-elf/esp-13.2.0_20230928/riscv32-esp-elf/bin/../lib/gcc/riscv32-esp-elf/13.2.0/../../../../riscv32-esp-elf/include/c++/13.2.0/riscv32-esp-elf/rv32imc_zicsr_zifencei/ilp32
 /home/diego/.espressif/tools/riscv32-esp-elf/esp-13.2.0_20230928/riscv32-esp-elf/bin/../lib/gcc/riscv32-esp-elf/13.2.0/../../../../riscv32-esp-elf/include/c++/13.2.0/backward
 /home/diego/.espressif/tools/riscv32-esp-elf/esp-13.2.0_20230928/riscv32-esp-elf/bin/../lib/gcc/riscv32-esp-elf/13.2.0/include
 /home/diego/.espressif/tools/riscv32-esp-elf/esp-13.2.0_20230928/riscv32-esp-elf/bin/../lib/gcc/riscv32-esp-elf/13.2.0/include-fixed
 /home/diego/.espressif/tools/riscv32-esp-elf/esp-13.2.0_20230928/riscv32-esp-elf/bin/../lib/gcc/riscv32-esp-elf/13.2.0/../../../../riscv32-esp-elf/sys-include
 /home/diego/.espressif/tools/riscv32-esp-elf/esp-13.2.0_20230928/riscv32-esp-elf/bin/../lib/gcc/riscv32-esp-elf/13.2.0/../../../../riscv32-esp-elf/include
End of search list.
Compiler executable checksum: 2f922d80f93cca9f059a3573788cba06
COLLECT_GCC_OPTIONS='-march=rv32imc_zicsr_zifencei' '-v' '-o' 'CMakeFiles/cmTC_cd260.dir/CMakeCXXCompilerABI.cpp.obj' '-c' '-mabi=ilp32' '-misa-spec=20191213' '-march=rv32imc_zicsr_zifencei' '-dumpdir' 'CMakeFiles/cmTC_cd260.dir/'
 /home/diego/.espressif/tools/riscv32-esp-elf/esp-13.2.0_20230928/riscv32-esp-elf/bin/../lib/gcc/riscv32-esp-elf/13.2.0/../../../../riscv32-esp-elf/bin/as -v --traditional-format -march=rv32imc_zicsr_zifencei -march=rv32imc_zicsr_zifencei -mabi=ilp32 -misa-spec=20191213 -o CMakeFiles/cmTC_cd260.dir/CMakeCXXCompilerABI.cpp.obj /tmp/ccjnVDgA.s
GNU assembler version 2.41 (riscv32-esp-elf) using BFD version (crosstool-NG esp-13.2.0_20230928) 2.41
COMPILER_PATH=/home/diego/.espressif/tools/riscv32-esp-elf/esp-13.2.0_20230928/riscv32-esp-elf/bin/../libexec/gcc/riscv32-esp-elf/13.2.0/:/home/diego/.espressif/tools/riscv32-esp-elf/esp-13.2.0_20230928/riscv32-esp-elf/bin/../libexec/gcc/:/home/diego/.espressif/tools/riscv32-esp-elf/esp-13.2.0_20230928/riscv32-esp-elf/bin/../lib/gcc/riscv32-esp-elf/13.2.0/../../../../riscv32-esp-elf/bin/
LIBRARY_PATH=/home/diego/.espressif/tools/riscv32-esp-elf/esp-13.2.0_20230928/riscv32-esp-elf/bin/../lib/gcc/riscv32-esp-elf/13.2.0/rv32imc_zicsr_zifencei/ilp32/:/home/diego/.espressif/tools/riscv32-esp-elf/esp-13.2.0_20230928/riscv32-esp-elf/bin/../lib/gcc/riscv32-esp-elf/13.2.0/../../../../riscv32-esp-elf/lib/rv32imc_zicsr_zifencei/ilp32/:/home/diego/.espressif/tools/riscv32-esp-elf/esp-13.2.0_20230928/riscv32-esp-elf/bin/../lib/gcc/riscv32-esp-elf/13.2.0/:/home/diego/.espressif/tools/riscv32-esp-elf/esp-13.2.0_20230928/riscv32-esp-elf/bin/../lib/gcc/:/home/diego/.espressif/tools/riscv32-esp-elf/esp-13.2.0_20230928/riscv32-esp-elf/bin/../lib/gcc/riscv32-esp-elf/13.2.0/../../../../riscv32-esp-elf/lib/
COLLECT_GCC_OPTIONS='-march=rv32imc_zicsr_zifencei' '-v' '-o' 'CMakeFiles/cmTC_cd260.dir/CMakeCXXCompilerABI.cpp.obj' '-c' '-mabi=ilp32' '-misa-spec=20191213' '-march=rv32imc_zicsr_zifencei' '-dumpdir' 'CMakeFiles/cmTC_cd260.dir/CMakeCXXCompilerABI.cpp.'
[2/2] Linking CXX executable cmTC_cd260
Using built-in specs.
Reading specs from /home/diego/.espressif/tools/riscv32-esp-elf/esp-13.2.0_20230928/riscv32-esp-elf/bin/../lib/gcc/riscv32-esp-elf/13.2.0/../../../../riscv32-esp-elf/lib/nosys.specs
rename spec link_gcc_c_sequence to nosys_link_gcc_c_sequence
COLLECT_GCC=/home/diego/.espressif/tools/riscv32-esp-elf/esp-13.2.0_20230928/riscv32-esp-elf/bin/riscv32-esp-elf-g++
COLLECT_LTO_WRAPPER=/home/diego/.espressif/tools/riscv32-esp-elf/esp-13.2.0_20230928/riscv32-esp-elf/bin/../libexec/gcc/riscv32-esp-elf/13.2.0/lto-wrapper
Target: riscv32-esp-elf
Configured with: /builds/idf/crosstool-NG/.build/riscv32-esp-elf/src/gcc/configure --build=x86_64-build_pc-linux-gnu --host=x86_64-build_pc-linux-gnu --target=riscv32-esp-elf --prefix=/builds/idf/crosstool-NG/builds/riscv32-esp-elf --exec_prefix=/builds/idf/crosstool-NG/builds/riscv32-esp-elf --with-local-prefix=/builds/idf/crosstool-NG/builds/riscv32-esp-elf/riscv32-esp-elf --with-headers=/builds/idf/crosstool-NG/builds/riscv32-esp-elf/riscv32-esp-elf/include --with-newlib --enable-threads=no --disable-shared --with-arch=rv32gc --with-abi=ilp32 --with-pkgversion='crosstool-NG esp-13.2.0_20230928' --disable-__cxa_atexit --enable-cxx-flags=-ffunction-sections --disable-libgomp --disable-libmudflap --disable-libmpx --disable-libssp --disable-libquadmath --disable-libquadmath-support --disable-libstdcxx-verbose --with-gmp=/builds/idf/crosstool-NG/.build/riscv32-esp-elf/buildtools --with-mpfr=/builds/idf/crosstool-NG/.build/riscv32-esp-elf/buildtools --with-mpc=/builds/idf/crosstool-NG/.build/riscv32-esp-elf/buildtools --with-isl=/builds/idf/crosstool-NG/.build/riscv32-esp-elf/buildtools --enable-lto --enable-target-optspace --without-long-double-128 --disable-nls --enable-multiarch --enable-languages=c,c++ --disable-libstdcxx-verbose --enable-threads=posix --enable-gcov-custom-rtio --enable-libstdcxx-time=yes
Thread model: posix
Supported LTO compression algorithms: zlib
gcc version 13.2.0 (crosstool-NG esp-13.2.0_20230928) 
COMPILER_PATH=/home/diego/.espressif/tools/riscv32-esp-elf/esp-13.2.0_20230928/riscv32-esp-elf/bin/../libexec/gcc/riscv32-esp-elf/13.2.0/:/home/diego/.espressif/tools/riscv32-esp-elf/esp-13.2.0_20230928/riscv32-esp-elf/bin/../libexec/gcc/:/home/diego/.espressif/tools/riscv32-esp-elf/esp-13.2.0_20230928/riscv32-esp-elf/bin/../lib/gcc/riscv32-esp-elf/13.2.0/../../../../riscv32-esp-elf/bin/
LIBRARY_PATH=/home/diego/.espressif/tools/riscv32-esp-elf/esp-13.2.0_20230928/riscv32-esp-elf/bin/../lib/gcc/riscv32-esp-elf/13.2.0/rv32imc_zicsr_zifencei/ilp32/:/home/diego/.espressif/tools/riscv32-esp-elf/esp-13.2.0_20230928/riscv32-esp-elf/bin/../lib/gcc/riscv32-esp-elf/13.2.0/../../../../riscv32-esp-elf/lib/rv32imc_zicsr_zifencei/ilp32/:/home/diego/.espressif/tools/riscv32-esp-elf/esp-13.2.0_20230928/riscv32-esp-elf/bin/../lib/gcc/riscv32-esp-elf/13.2.0/:/home/diego/.espressif/tools/riscv32-esp-elf/esp-13.2.0_20230928/riscv32-esp-elf/bin/../lib/gcc/:/home/diego/.espressif/tools/riscv32-esp-elf/esp-13.2.0_20230928/riscv32-esp-elf/bin/../lib/gcc/riscv32-esp-elf/13.2.0/../../../../riscv32-esp-elf/lib/
COLLECT_GCC_OPTIONS='-nostartfiles' '-march=rv32imc_zicsr_zifencei' '-specs=nosys.specs' '-v' '-o' 'cmTC_cd260' '-mabi=ilp32' '-misa-spec=20191213' '-march=rv32imc_zicsr_zifencei' '-dumpdir' 'cmTC_cd260.'
 /home/diego/.espressif/tools/riscv32-esp-elf/esp-13.2.0_20230928/riscv32-esp-elf/bin/../libexec/gcc/riscv32-esp-elf/13.2.0/collect2 -plugin /home/diego/.espressif/tools/riscv32-esp-elf/esp-13.2.0_20230928/riscv32-esp-elf/bin/../libexec/gcc/riscv32-esp-elf/13.2.0/liblto_plugin.so -plugin-opt=/home/diego/.espressif/tools/riscv32-esp-elf/esp-13.2.0_20230928/riscv32-esp-elf/bin/../libexec/gcc/riscv32-esp-elf/13.2.0/lto-wrapper -plugin-opt=-fresolution=/tmp/cckTxYTh.res -plugin-opt=-pass-through=-lgcc -plugin-opt=-pass-through=-lc -plugin-opt=-pass-through=-lnosys -plugin-opt=-pass-through=-lc -plugin-opt=-pass-through=-lgcc -plugin-opt=-pass-through=-lgcc -plugin-opt=-pass-through=-lc -plugin-opt=-pass-through=-lnosys -melf32lriscv -o cmTC_cd260 -L/home/diego/.espressif/tools/riscv32-esp-elf/esp-13.2.0_20230928/riscv32-esp-elf/bin/../lib/gcc/riscv32-esp-elf/13.2.0/rv32imc_zicsr_zifencei/ilp32 -L/home/diego/.espressif/tools/riscv32-esp-elf/esp-13.2.0_20230928/riscv32-esp-elf/bin/../lib/gcc/riscv32-esp-elf/13.2.0/../../../../riscv32-esp-elf/lib/rv32imc_zicsr_zifencei/ilp32 -L/home/diego/.espressif/tools/riscv32-esp-elf/esp-13.2.0_20230928/riscv32-esp-elf/bin/../lib/gcc/riscv32-esp-elf/13.2.0 -L/home/diego/.espressif/tools/riscv32-esp-elf/esp-13.2.0_20230928/riscv32-esp-elf/bin/../lib/gcc -L/home/diego/.espressif/tools/riscv32-esp-elf/esp-13.2.0_20230928/riscv32-esp-elf/bin/../lib/gcc/riscv32-esp-elf/13.2.0/../../../../riscv32-esp-elf/lib CMakeFiles/cmTC_cd260.dir/CMakeCXXCompilerABI.cpp.obj -lstdc++ -lm -lgcc -lc -lnosys -lc -lgcc --start-group -lgcc -lc -lnosys --end-group
/home/diego/.espressif/tools/riscv32-esp-elf/esp-13.2.0_20230928/riscv32-esp-elf/bin/../lib/gcc/riscv32-esp-elf/13.2.0/../../../../riscv32-esp-elf/bin/ld: warning: cannot find entry symbol _start; defaulting to 00010074
COLLECT_GCC_OPTIONS='-nostartfiles' '-march=rv32imc_zicsr_zifencei' '-specs=nosys.specs' '-v' '-o' 'cmTC_cd260' '-mabi=ilp32' '-misa-spec=20191213' '-march=rv32imc_zicsr_zifencei' '-dumpdir' 'cmTC_cd260.'



Parsed CXX implicit include dir info from above output: rv=done
  found start of include info
  found start of implicit include info
    add: [/home/diego/.espressif/tools/riscv32-esp-elf/esp-13.2.0_20230928/riscv32-esp-elf/bin/../lib/gcc/riscv32-esp-elf/13.2.0/../../../../riscv32-esp-elf/include/c++/13.2.0]
    add: [/home/diego/.espressif/tools/riscv32-esp-elf/esp-13.2.0_20230928/riscv32-esp-elf/bin/../lib/gcc/riscv32-esp-elf/13.2.0/../../../../riscv32-esp-elf/include/c++/13.2.0/riscv32-esp-elf/rv32imc_zicsr_zifencei/ilp32]
    add: [/home/diego/.espressif/tools/riscv32-esp-elf/esp-13.2.0_20230928/riscv32-esp-elf/bin/../lib/gcc/riscv32-esp-elf/13.2.0/../../../../riscv32-esp-elf/include/c++/13.2.0/backward]
    add: [/home/diego/.espressif/tools/riscv32-esp-elf/esp-13.2.0_20230928/riscv32-esp-elf/bin/../lib/gcc/riscv32-esp-elf/13.2.0/include]
    add: [/home/diego/.espressif/tools/riscv32-esp-elf/esp-13.2.0_20230928/riscv32-esp-elf/bin/../lib/gcc/riscv32-esp-elf/13.2.0/include-fixed]
    add: [/home/diego/.espressif/tools/riscv32-esp-elf/esp-13.2.0_20230928/riscv32-esp-elf/bin/../lib/gcc/riscv32-esp-elf/13.2.0/../../../../riscv32-esp-elf/sys-include]
    add: [/home/diego/.espressif/tools/riscv32-esp-elf/esp-13.2.0_20230928/riscv32-esp-elf/bin/../lib/gcc/riscv32-esp-elf/13.2.0/../../../../riscv32-esp-elf/include]
  end of search list found
  collapse include dir [/home/diego/.espressif/tools/riscv32-esp-elf/esp-13.2.0_20230928/riscv32-esp-elf/bin/../lib/gcc/riscv32-esp-elf/13.2.0/../../../../riscv32-esp-elf/include/c++/13.2.0] ==> [/home/diego/.espressif/tools/riscv32-esp-elf/esp-13.2.0_20230928/riscv32-esp-elf/riscv32-esp-elf/include/c++/13.2.0]
  collapse include dir [/home/diego/.espressif/tools/riscv32-esp-elf/esp-13.2.0_20230928/riscv32-esp-elf/bin/../lib/gcc/riscv32-esp-elf/13.2.0/../../../../riscv32-esp-elf/include/c++/13.2.0/riscv32-esp-elf/rv32imc_zicsr_zifencei/ilp32] ==> [/home/diego/.espressif/tools/riscv32-esp-elf/esp-13.2.0_20230928/riscv32-esp-elf/riscv32-esp-elf/include/c++/13.2.0/riscv32-esp-elf/rv32imc_zicsr_zifencei/ilp32]
  collapse include dir [/home/diego/.espressif/tools/riscv32-esp-elf/esp-13.2.0_20230928/riscv32-esp-elf/bin/../lib/gcc/riscv32-esp-elf/13.2.0/../../../../riscv32-esp-elf/include/c++/13.2.0/backward] ==> [/home/diego/.espressif/tools/riscv32-esp-elf/esp-13.2.0_20230928/riscv32-esp-elf/riscv32-esp-elf/include/c++/13.2.0/backward]
  collapse include dir [/home/diego/.espressif/tools/riscv32-esp-elf/esp-13.2.0_20230928/riscv32-esp-elf/bin/../lib/gcc/riscv32-esp-elf/13.2.0/include] ==> [/home/diego/.espressif/tools/riscv32-esp-elf/esp-13.2.0_20230928/riscv32-esp-elf/lib/gcc/riscv32-esp-elf/13.2.0/include]
  collapse include dir [/home/diego/.espressif/tools/riscv32-esp-elf/esp-13.2.0_20230928/riscv32-esp-elf/bin/../lib/gcc/riscv32-esp-elf/13.2.0/include-fixed] ==> [/home/diego/.espressif/tools/riscv32-esp-elf/esp-13.2.0_20230928/riscv32-esp-elf/lib/gcc/riscv32-esp-elf/13.2.0/include-fixed]
  collapse include dir [/home/diego/.espressif/tools/riscv32-esp-elf/esp-13.2.0_20230928/riscv32-esp-elf/bin/../lib/gcc/riscv32-esp-elf/13.2.0/../../../../riscv32-esp-elf/sys-include] ==> [/home/diego/.espressif/tools/riscv32-esp-elf/esp-13.2.0_20230928/riscv32-esp-elf/riscv32-esp-elf/sys-include]
  collapse include dir [/home/diego/.espressif/tools/riscv32-esp-elf/esp-13.2.0_20230928/riscv32-esp-elf/bin/../lib/gcc/riscv32-esp-elf/13.2.0/../../../../riscv32-esp-elf/include] ==> [/home/diego/.espressif/tools/riscv32-esp-elf/esp-13.2.0_20230928/riscv32-esp-elf/riscv32-esp-elf/include]
  implicit include dirs: [/home/diego/.espressif/tools/riscv32-esp-elf/esp-13.2.0_20230928/riscv32-esp-elf/riscv32-esp-elf/include/c++/13.2.0;/home/diego/.espressif/tools/riscv32-esp-elf/esp-13.2.0_20230928/riscv32-esp-elf/riscv32-esp-elf/include/c++/13.2.0/riscv32-esp-elf/rv32imc_zicsr_zifencei/ilp32;/home/diego/.espressif/tools/riscv32-esp-elf/esp-13.2.0_20230928/riscv32-esp-elf/riscv32-esp-elf/include/c++/13.2.0/backward;/home/diego/.espressif/tools/riscv32-esp-elf/esp-13.2.0_20230928/riscv32-esp-elf/lib/gcc/riscv32-esp-elf/13.2.0/include;/home/diego/.espressif/tools/riscv32-esp-elf/esp-13.2.0_20230928/riscv32-esp-elf/lib/gcc/riscv32-esp-elf/13.2.0/include-fixed;/home/diego/.espressif/tools/riscv32-esp-elf/esp-13.2.0_20230928/riscv32-esp-elf/riscv32-esp-elf/sys-include;/home/diego/.espressif/tools/riscv32-esp-elf/esp-13.2.0_20230928/riscv32-esp-elf/riscv32-esp-elf/include]


Parsed CXX implicit link information from above output:
  link line regex: [^( *|.*[/\])(riscv32-esp-elf-ld|CMAKE_LINK_STARTFILE-NOTFOUND|([^/\]+-)?ld|collect2)[^/\]*( |$)]
  ignore line: [Change Dir: /home/diego/proyectos/_/viejo/cr_c/build/CMakeFiles/CMakeScratch/TryCompile-8GD1bF]
  ignore line: []
  ignore line: [Run Build Command(s):/usr/bin/ninja cmTC_cd260 && [1/2] Building CXX object CMakeFiles/cmTC_cd260.dir/CMakeCXXCompilerABI.cpp.obj]
  ignore line: [Using built-in specs.]
  ignore line: [COLLECT_GCC=/home/diego/.espressif/tools/riscv32-esp-elf/esp-13.2.0_20230928/riscv32-esp-elf/bin/riscv32-esp-elf-g++]
  ignore line: [Target: riscv32-esp-elf]
  ignore line: [Configured with: /builds/idf/crosstool-NG/.build/riscv32-esp-elf/src/gcc/configure --build=x86_64-build_pc-linux-gnu --host=x86_64-build_pc-linux-gnu --target=riscv32-esp-elf --prefix=/builds/idf/crosstool-NG/builds/riscv32-esp-elf --exec_prefix=/builds/idf/crosstool-NG/builds/riscv32-esp-elf --with-local-prefix=/builds/idf/crosstool-NG/builds/riscv32-esp-elf/riscv32-esp-elf --with-headers=/builds/idf/crosstool-NG/builds/riscv32-esp-elf/riscv32-esp-elf/include --with-newlib --enable-threads=no --disable-shared --with-arch=rv32gc --with-abi=ilp32 --with-pkgversion='crosstool-NG esp-13.2.0_20230928' --disable-__cxa_atexit --enable-cxx-flags=-ffunction-sections --disable-libgomp --disable-libmudflap --disable-libmpx --disable-libssp --disable-libquadmath --disable-libquadmath-support --disable-libstdcxx-verbose --with-gmp=/builds/idf/crosstool-NG/.build/riscv32-esp-elf/buildtools --with-mpfr=/builds/idf/crosstool-NG/.build/riscv32-esp-elf/buildtools --with-mpc=/builds/idf/crosstool-NG/.build/riscv32-esp-elf/buildtools --with-isl=/builds/idf/crosstool-NG/.build/riscv32-esp-elf/buildtools --enable-lto --enable-target-optspace --without-long-double-128 --disable-nls --enable-multiarch --enable-languages=c c++ --disable-libstdcxx-verbose --enable-threads=posix --enable-gcov-custom-rtio --enable-libstdcxx-time=yes]
  ignore line: [Thread model: posix]
  ignore line: [Supported LTO compression algorithms: zlib]
  ignore line: [gcc version 13.2.0 (crosstool-NG esp-13.2.0_20230928) ]
  ignore line: [COLLECT_GCC_OPTIONS='-march=rv32imc_zicsr_zifencei' '-v' '-o' 'CMakeFiles/cmTC_cd260.dir/CMakeCXXCompilerABI.cpp.obj' '-c' '-mabi=ilp32' '-misa-spec=20191213' '-march=rv32imc_zicsr_zifencei' '-dumpdir' 'CMakeFiles/cmTC_cd260.dir/']
  ignore line: [ /home/diego/.espressif/tools/riscv32-esp-elf/esp-13.2.0_20230928/riscv32-esp-elf/bin/../libexec/gcc/riscv32-esp-elf/13.2.0/cc1plus -quiet -v -imultilib rv32imc_zicsr_zifencei/ilp32 -iprefix /home/diego/.espressif/tools/riscv32-esp-elf/esp-13.2.0_20230928/riscv32-esp-elf/bin/../lib/gcc/riscv32-esp-elf/13.2.0/ /usr/share/cmake-3.25/Modules/CMakeCXXCompilerABI.cpp -quiet -dumpdir CMakeFiles/cmTC_cd260.dir/ -dumpbase CMakeCXXCompilerABI.cpp.cpp -dumpbase-ext .cpp -march=rv32imc_zicsr_zifencei -mabi=ilp32 -misa-spec=20191213 -march=rv32imc_zicsr_zifencei -version -o /tmp/ccjnVDgA.s]
  ignore line: [GNU C++17 (crosstool-NG esp-13.2.0_20230928) version 13.2.0 (riscv32-esp-elf)]
  ignore line: [	compiled by GNU C version 4.9.2  GMP version 6.2.1  MPFR version 4.1.0  MPC version 1.2.1  isl version isl-0.24-GMP]
  ignore line: []
  ignore line: [GGC heuristics: --param ggc-min-expand=100 --param ggc-min-heapsize=131072]
  ignore line: [ignoring duplicate directory "/home/diego/.espressif/tools/riscv32-esp-elf/esp-13.2.0_20230928/riscv32-esp-elf/bin/../lib/gcc/../../lib/gcc/riscv32-esp-elf/13.2.0/../../../../riscv32-esp-elf/include/c++/13.2.0"]
  ignore line: [ignoring duplicate directory "/home/diego/.espressif/tools/riscv32-esp-elf/esp-13.2.0_20230928/riscv32-esp-elf/bin/../lib/gcc/../../lib/gcc/riscv32-esp-elf/13.2.0/../../../../riscv32-esp-elf/include/c++/13.2.0/riscv32-esp-elf/rv32imc_zicsr_zifencei/ilp32"]
  ignore line: [ignoring duplicate directory "/home/diego/.espressif/tools/riscv32-esp-elf/esp-13.2.0_20230928/riscv32-esp-elf/bin/../lib/gcc/../../lib/gcc/riscv32-esp-elf/13.2.0/../../../../riscv32-esp-elf/include/c++/13.2.0/backward"]
  ignore line: [ignoring duplicate directory "/home/diego/.espressif/tools/riscv32-esp-elf/esp-13.2.0_20230928/riscv32-esp-elf/bin/../lib/gcc/../../lib/gcc/riscv32-esp-elf/13.2.0/include"]
  ignore line: [ignoring duplicate directory "/home/diego/.espressif/tools/riscv32-esp-elf/esp-13.2.0_20230928/riscv32-esp-elf/bin/../lib/gcc/../../lib/gcc/riscv32-esp-elf/13.2.0/include-fixed"]
  ignore line: [ignoring duplicate directory "/home/diego/.espressif/tools/riscv32-esp-elf/esp-13.2.0_20230928/riscv32-esp-elf/bin/../lib/gcc/../../lib/gcc/riscv32-esp-elf/13.2.0/../../../../riscv32-esp-elf/sys-include"]
  ignore line: [ignoring duplicate directory "/home/diego/.espressif/tools/riscv32-esp-elf/esp-13.2.0_20230928/riscv32-esp-elf/bin/../lib/gcc/../../lib/gcc/riscv32-esp-elf/13.2.0/../../../../riscv32-esp-elf/include"]
  ignore line: [#include "..." search starts here:]
  ignore line: [#include <...> search starts here:]
  ignore line: [ /home/diego/.espressif/tools/riscv32-esp-elf/esp-13.2.0_20230928/riscv32-esp-elf/bin/../lib/gcc/riscv32-esp-elf/13.2.0/../../../../riscv32-esp-elf/include/c++/13.2.0]
  ignore line: [ /home/diego/.espressif/tools/riscv32-esp-elf/esp-13.2.0_20230928/riscv32-esp-elf/bin/../lib/gcc/riscv32-esp-elf/13.2.0/../../../../riscv32-esp-elf/include/c++/13.2.0/riscv32-esp-elf/rv32imc_zicsr_zifencei/ilp32]
  ignore line: [ /home/diego/.espressif/tools/riscv32-esp-elf/esp-13.2.0_20230928/riscv32-esp-elf/bin/../lib/gcc/riscv32-esp-elf/13.2.0/../../../../riscv32-esp-elf/include/c++/13.2.0/backward]
  ignore line: [ /home/diego/.espressif/tools/riscv32-esp-elf/esp-13.2.0_20230928/riscv32-esp-elf/bin/../lib/gcc/riscv32-esp-elf/13.2.0/include]
  ignore line: [ /home/diego/.espressif/tools/riscv32-esp-elf/esp-13.2.0_20230928/riscv32-esp-elf/bin/../lib/gcc/riscv32-esp-elf/13.2.0/include-fixed]
  ignore line: [ /home/diego/.espressif/tools/riscv32-esp-elf/esp-13.2.0_20230928/riscv32-esp-elf/bin/../lib/gcc/riscv32-esp-elf/13.2.0/../../../../riscv32-esp-elf/sys-include]
  ignore line: [ /home/diego/.espressif/tools/riscv32-esp-elf/esp-13.2.0_20230928/riscv32-esp-elf/bin/../lib/gcc/riscv32-esp-elf/13.2.0/../../../../riscv32-esp-elf/include]
  ignore line: [End of search list.]
  ignore line: [Compiler executable checksum: 2f922d80f93cca9f059a3573788cba06]
  ignore line: [COLLECT_GCC_OPTIONS='-march=rv32imc_zicsr_zifencei' '-v' '-o' 'CMakeFiles/cmTC_cd260.dir/CMakeCXXCompilerABI.cpp.obj' '-c' '-mabi=ilp32' '-misa-spec=20191213' '-march=rv32imc_zicsr_zifencei' '-dumpdir' 'CMakeFiles/cmTC_cd260.dir/']
  ignore line: [ /home/diego/.espressif/tools/riscv32-esp-elf/esp-13.2.0_20230928/riscv32-esp-elf/bin/../lib/gcc/riscv32-esp-elf/13.2.0/../../../../riscv32-esp-elf/bin/as -v --traditional-format -march=rv32imc_zicsr_zifencei -march=rv32imc_zicsr_zifencei -mabi=ilp32 -misa-spec=20191213 -o CMakeFiles/cmTC_cd260.dir/CMakeCXXCompilerABI.cpp.obj /tmp/ccjnVDgA.s]
  ignore line: [GNU assembler version 2.41 (riscv32-esp-elf) using BFD version (crosstool-NG esp-13.2.0_20230928) 2.41]
  ignore line: [COMPILER_PATH=/home/diego/.espressif/tools/riscv32-esp-elf/esp-13.2.0_20230928/riscv32-esp-elf/bin/../libexec/gcc/riscv32-esp-elf/13.2.0/:/home/diego/.espressif/tools/riscv32-esp-elf/esp-13.2.0_20230928/riscv32-esp-elf/bin/../libexec/gcc/:/home/diego/.espressif/tools/riscv32-esp-elf/esp-13.2.0_20230928/riscv32-esp-elf/bin/../lib/gcc/riscv32-esp-elf/13.2.0/../../../../riscv32-esp-elf/bin/]
  ignore line: [LIBRARY_PATH=/home/diego/.espressif/tools/riscv32-esp-elf/esp-13.2.0_20230928/riscv32-esp-elf/bin/../lib/gcc/riscv32-esp-elf/13.2.0/rv32imc_zicsr_zifencei/ilp32/:/home/diego/.espressif/tools/riscv32-esp-elf/esp-13.2.0_20230928/riscv32-esp-elf/bin/../lib/gcc/riscv32-esp-elf/13.2.0/../../../../riscv32-esp-elf/lib/rv32imc_zicsr_zifencei/ilp32/:/home/diego/.espressif/tools/riscv32-esp-elf/esp-13.2.0_20230928/riscv32-esp-elf/bin/../lib/gcc/riscv32-esp-elf/13.2.0/:/home/diego/.espressif/tools/riscv32-esp-elf/esp-13.2.0_20230928/riscv32-esp-elf/bin/../lib/gcc/:/home/diego/.espressif/tools/riscv32-esp-elf/esp-13.2.0_20230928/riscv32-esp-elf/bin/../lib/gcc/riscv32-esp-elf/13.2.0/../../../../riscv32-esp-elf/lib/]
  ignore line: [COLLECT_GCC_OPTIONS='-march=rv32imc_zicsr_zifencei' '-v' '-o' 'CMakeFiles/cmTC_cd260.dir/CMakeCXXCompilerABI.cpp.obj' '-c' '-mabi=ilp32' '-misa-spec=20191213' '-march=rv32imc_zicsr_zifencei' '-dumpdir' 'CMakeFiles/cmTC_cd260.dir/CMakeCXXCompilerABI.cpp.']
  ignore line: [[2/2] Linking CXX executable cmTC_cd260]
  ignore line: [Using built-in specs.]
  ignore line: [Reading specs from /home/diego/.espressif/tools/riscv32-esp-elf/esp-13.2.0_20230928/riscv32-esp-elf/bin/../lib/gcc/riscv32-esp-elf/13.2.0/../../../../riscv32-esp-elf/lib/nosys.specs]
  ignore line: [rename spec link_gcc_c_sequence to nosys_link_gcc_c_sequence]
  ignore line: [COLLECT_GCC=/home/diego/.espressif/tools/riscv32-esp-elf/esp-13.2.0_20230928/riscv32-esp-elf/bin/riscv32-esp-elf-g++]
  ignore line: [COLLECT_LTO_WRAPPER=/home/diego/.espressif/tools/riscv32-esp-elf/esp-13.2.0_20230928/riscv32-esp-elf/bin/../libexec/gcc/riscv32-esp-elf/13.2.0/lto-wrapper]
  ignore line: [Target: riscv32-esp-elf]
  ignore line: [Configured with: /builds/idf/crosstool-NG/.build/riscv32-esp-elf/src/gcc/configure --build=x86_64-build_pc-linux-gnu --host=x86_64-build_pc-linux-gnu --target=riscv32-esp-elf --prefix=/builds/idf/crosstool-NG/builds/riscv32-esp-elf --exec_prefix=/builds/idf/crosstool-NG/builds/riscv32-esp-elf --with-local-prefix=/builds/idf/crosstool-NG/builds/riscv32-esp-elf/riscv32-esp-elf --with-headers=/builds/idf/crosstool-NG/builds/riscv32-esp-elf/riscv32-esp-elf/include --with-newlib --enable-threads=no --disable-shared --with-arch=rv32gc --with-abi=ilp32 --with-pkgversion='crosstool-NG esp-13.2.0_20230928' --disable-__cxa_atexit --enable-cxx-flags=-ffunction-sections --disable-libgomp --disable-libmudflap --disable-libmpx --disable-libssp --disable-libquadmath --disable-libquadmath-support --disable-libstdcxx-verbose --with-gmp=/builds/idf/crosstool-NG/.build/riscv32-esp-elf/buildtools --with-mpfr=/builds/idf/crosstool-NG/.build/riscv32-esp-elf/buildtools --with-mpc=/builds/idf/crosstool-NG/.build/riscv32-esp-elf/buildtools --with-isl=/builds/idf/crosstool-NG/.build/riscv32-esp-elf/buildtools --enable-lto --enable-target-optspace --without-long-double-128 --disable-nls --enable-multiarch --enable-languages=c c++ --disable-libstdcxx-verbose --enable-threads=posix --enable-gcov-custom-rtio --enable-libstdcxx-time=yes]
  ignore line: [Thread model: posix]
  ignore line: [Supported LTO compression algorithms: zlib]
  ignore line: [gcc version 13.2.0 (crosstool-NG esp-13.2.0_20230928) ]
  ignore line: [COMPILER_PATH=/home/diego/.espressif/tools/riscv32-esp-elf/esp-13.2.0_20230928/riscv32-esp-elf/bin/../libexec/gcc/riscv32-esp-elf/13.2.0/:/home/diego/.espressif/tools/riscv32-esp-elf/esp-13.2.0_20230928/riscv32-esp-elf/bin/../libexec/gcc/:/home/diego/.espressif/tools/riscv32-esp-elf/esp-13.2.0_20230928/riscv32-esp-elf/bin/../lib/gcc/riscv32-esp-elf/13.2.0/../../../../riscv32-esp-elf/bin/]
  ignore line: [LIBRARY_PATH=/home/diego/.espressif/tools/riscv32-esp-elf/esp-13.2.0_20230928/riscv32-esp-elf/bin/../lib/gcc/riscv32-esp-elf/13.2.0/rv32imc_zicsr_zifencei/ilp32/:/home/diego/.espressif/tools/riscv32-esp-elf/esp-13.2.0_20230928/riscv32-esp-elf/bin/../lib/gcc/riscv32-esp-elf/13.2.0/../../../../riscv32-esp-elf/lib/rv32imc_zicsr_zifencei/ilp32/:/home/diego/.espressif/tools/riscv32-esp-elf/esp-13.2.0_20230928/riscv32-esp-elf/bin/../lib/gcc/riscv32-esp-elf/13.2.0/:/home/diego/.espressif/tools/riscv32-esp-elf/esp-13.2.0_20230928/riscv32-esp-elf/bin/../lib/gcc/:/home/diego/.espressif/tools/riscv32-esp-elf/esp-13.2.0_20230928/riscv32-esp-elf/bin/../lib/gcc/riscv32-esp-elf/13.2.0/../../../../riscv32-esp-elf/lib/]
  ignore line: [COLLECT_GCC_OPTIONS='-nostartfiles' '-march=rv32imc_zicsr_zifencei' '-specs=nosys.specs' '-v' '-o' 'cmTC_cd260' '-mabi=ilp32' '-misa-spec=20191213' '-march=rv32imc_zicsr_zifencei' '-dumpdir' 'cmTC_cd260.']
  link line: [ /home/diego/.espressif/tools/riscv32-esp-elf/esp-13.2.0_20230928/riscv32-esp-elf/bin/../libexec/gcc/riscv32-esp-elf/13.2.0/collect2 -plugin /home/diego/.espressif/tools/riscv32-esp-elf/esp-13.2.0_20230928/riscv32-esp-elf/bin/../libexec/gcc/riscv32-esp-elf/13.2.0/liblto_plugin.so -plugin-opt=/home/diego/.espressif/tools/riscv32-esp-elf/esp-13.2.0_20230928/riscv32-esp-elf/bin/../libexec/gcc/riscv32-esp-elf/13.2.0/lto-wrapper -plugin-opt=-fresolution=/tmp/cckTxYTh.res -plugin-opt=-pass-through=-lgcc -plugin-opt=-pass-through=-lc -plugin-opt=-pass-through=-lnosys -plugin-opt=-pass-through=-lc -plugin-opt=-pass-through=-lgcc -plugin-opt=-pass-through=-lgcc -plugin-opt=-pass-through=-lc -plugin-opt=-pass-through=-lnosys -melf32lriscv -o cmTC_cd260 -L/home/diego/.espressif/tools/riscv32-esp-elf/esp-13.2.0_20230928/riscv32-esp-elf/bin/../lib/gcc/riscv32-esp-elf/13.2.0/rv32imc_zicsr_zifencei/ilp32 -L/home/diego/.espressif/tools/riscv32-esp-elf/esp-13.2.0_20230928/riscv32-esp-elf/bin/../lib/gcc/riscv32-esp-elf/13.2.0/../../../../riscv32-esp-elf/lib/rv32imc_zicsr_zifencei/ilp32 -L/home/diego/.espressif/tools/riscv32-esp-elf/esp-13.2.0_20230928/riscv32-esp-elf/bin/../lib/gcc/riscv32-esp-elf/13.2.0 -L/home/diego/.espressif/tools/riscv32-esp-elf/esp-13.2.0_20230928/riscv32-esp-elf/bin/../lib/gcc -L/home/diego/.espressif/tools/riscv32-esp-elf/esp-13.2.0_20230928/riscv32-esp-elf/bin/../lib/gcc/riscv32-esp-elf/13.2.0/../../../../riscv32-esp-elf/lib CMakeFiles/cmTC_cd260.dir/CMakeCXXCompilerABI.cpp.obj -lstdc++ -lm -lgcc -lc -lnosys -lc -lgcc --start-group -lgcc -lc -lnosys --end-group]
    arg [/home/diego/.espressif/tools/riscv32-esp-elf/esp-13.2.0_20230928/riscv32-esp-elf/bin/../libexec/gcc/riscv32-esp-elf/13.2.0/collect2] ==> ignore
    arg [-plugin] ==> ignore
    arg [/home/diego/.espressif/tools/riscv32-esp-elf/esp-13.2.0_20230928/riscv32-esp-elf/bin/../libexec/gcc/riscv32-esp-elf/13.2.0/liblto_plugin.so] ==> ignore
    arg [-plugin-opt=/home/diego/.espressif/tools/riscv32-esp-elf/esp-13.2.0_20230928/riscv32-esp-elf/bin/../libexec/gcc/riscv32-esp-elf/13.2.0/lto-wrapper] ==> ignore
    arg [-plugin-opt=-fresolution=/tmp/cckTxYTh.res] ==> ignore
    arg [-plugin-opt=-pass-through=-lgcc] ==> ignore
    arg [-plugin-opt=-pass-through=-lc] ==> ignore
    arg [-plugin-opt=-pass-through=-lnosys] ==> ignore
    arg [-plugin-opt=-pass-through=-lc] ==> ignore
    arg [-plugin-opt=-pass-through=-lgcc] ==> ignore
    arg [-plugin-opt=-pass-through=-lgcc] ==> ignore
    arg [-plugin-opt=-pass-through=-lc] ==> ignore
    arg [-plugin-opt=-pass-through=-lnosys] ==> ignore
    arg [-melf32lriscv] ==> ignore
    arg [-o] ==> ignore
    arg [cmTC_cd260] ==> ignore
    arg [-L/home/diego/.espressif/tools/riscv32-esp-elf/esp-13.2.0_20230928/riscv32-esp-elf/bin/../lib/gcc/riscv32-esp-elf/13.2.0/rv32imc_zicsr_zifencei/ilp32] ==> dir [/home/diego/.espressif/tools/riscv32-esp-elf/esp-13.2.0_20230928/riscv32-esp-elf/bin/../lib/gcc/riscv32-esp-elf/13.2.0/rv32imc_zicsr_zifencei/ilp32]
    arg [-L/home/diego/.espressif/tools/riscv32-esp-elf/esp-13.2.0_20230928/riscv32-esp-elf/bin/../lib/gcc/riscv32-esp-elf/13.2.0/../../../../riscv32-esp-elf/lib/rv32imc_zicsr_zifencei/ilp32] ==> dir [/home/diego/.espressif/tools/riscv32-esp-elf/esp-13.2.0_20230928/riscv32-esp-elf/bin/../lib/gcc/riscv32-esp-elf/13.2.0/../../../../riscv32-esp-elf/lib/rv32imc_zicsr_zifencei/ilp32]
    arg [-L/home/diego/.espressif/tools/riscv32-esp-elf/esp-13.2.0_20230928/riscv32-esp-elf/bin/../lib/gcc/riscv32-esp-elf/13.2.0] ==> dir [/home/diego/.espressif/tools/riscv32-esp-elf/esp-13.2.0_20230928/riscv32-esp-elf/bin/../lib/gcc/riscv32-esp-elf/13.2.0]
    arg [-L/home/diego/.espressif/tools/riscv32-esp-elf/esp-13.2.0_20230928/riscv32-esp-elf/bin/../lib/gcc] ==> dir [/home/diego/.espressif/tools/riscv32-esp-elf/esp-13.2.0_20230928/riscv32-esp-elf/bin/../lib/gcc]
    arg [-L/home/diego/.espressif/tools/riscv32-esp-elf/esp-13.2.0_20230928/riscv32-esp-elf/bin/../lib/gcc/riscv32-esp-elf/13.2.0/../../../../riscv32-esp-elf/lib] ==> dir [/home/diego/.espressif/tools/riscv32-esp-elf/esp-13.2.0_20230928/riscv32-esp-elf/bin/../lib/gcc/riscv32-esp-elf/13.2.0/../../../../riscv32-esp-elf/lib]
    arg [CMakeFiles/cmTC_cd260.dir/CMakeCXXCompilerABI.cpp.obj] ==> ignore
    arg [-lstdc++] ==> lib [stdc++]
    arg [-lm] ==> lib [m]
    arg [-lgcc] ==> lib [gcc]
    arg [-lc] ==> lib [c]
    arg [-lnosys] ==> lib [nosys]
    arg [-lc] ==> lib [c]
    arg [-lgcc] ==> lib [gcc]
    arg [--start-group] ==> ignore
    arg [-lgcc] ==> lib [gcc]
    arg [-lc] ==> lib [c]
    arg [-lnosys] ==> lib [nosys]
    arg [--end-group] ==> ignore
  collapse library dir [/home/diego/.espressif/tools/riscv32-esp-elf/esp-13.2.0_20230928/riscv32-esp-elf/bin/../lib/gcc/riscv32-esp-elf/13.2.0/rv32imc_zicsr_zifencei/ilp32] ==> [/home/diego/.espressif/tools/riscv32-esp-elf/esp-13.2.0_20230928/riscv32-esp-elf/lib/gcc/riscv32-esp-elf/13.2.0/rv32imc_zicsr_zifencei/ilp32]
  collapse library dir [/home/diego/.espressif/tools/riscv32-esp-elf/esp-13.2.0_20230928/riscv32-esp-elf/bin/../lib/gcc/riscv32-esp-elf/13.2.0/../../../../riscv32-esp-elf/lib/rv32imc_zicsr_zifencei/ilp32] ==> [/home/diego/.espressif/tools/riscv32-esp-elf/esp-13.2.0_20230928/riscv32-esp-elf/riscv32-esp-elf/lib/rv32imc_zicsr_zifencei/ilp32]
  collapse library dir [/home/diego/.espressif/tools/riscv32-esp-elf/esp-13.2.0_20230928/riscv32-esp-elf/bin/../lib/gcc/riscv32-esp-elf/13.2.0] ==> [/home/diego/.espressif/tools/riscv32-esp-elf/esp-13.2.0_20230928/riscv32-esp-elf/lib/gcc/riscv32-esp-elf/13.2.0]
  collapse library dir [/home/diego/.espressif/tools/riscv32-esp-elf/esp-13.2.0_20230928/riscv32-esp-elf/bin/../lib/gcc] ==> [/home/diego/.espressif/tools/riscv32-esp-elf/esp-13.2.0_20230928/riscv32-esp-elf/lib/gcc]
  collapse library dir [/home/diego/.espressif/tools/riscv32-esp-elf/esp-13.2.0_20230928/riscv32-esp-elf/bin/../lib/gcc/riscv32-esp-elf/13.2.0/../../../../riscv32-esp-elf/lib] ==> [/home/diego/.espressif/tools/riscv32-esp-elf/esp-13.2.0_20230928/riscv32-esp-elf/riscv32-esp-elf/lib]
  implicit libs: [stdc++;m;gcc;c;nosys;c;gcc;gcc;c;nosys]
  implicit objs: []
  implicit dirs: [/home/diego/.espressif/tools/riscv32-esp-elf/esp-13.2.0_20230928/riscv32-esp-elf/lib/gcc/riscv32-esp-elf/13.2.0/rv32imc_zicsr_zifencei/ilp32;/home/diego/.espressif/tools/riscv32-esp-elf/esp-13.2.0_20230928/riscv32-esp-elf/riscv32-esp-elf/lib/rv32imc_zicsr_zifencei/ilp32;/home/diego/.espressif/tools/riscv32-esp-elf/esp-13.2.0_20230928/riscv32-esp-elf/lib/gcc/riscv32-esp-elf/13.2.0;/home/diego/.espressif/tools/riscv32-esp-elf/esp-13.2.0_20230928/riscv32-esp-elf/lib/gcc;/home/diego/.espressif/tools/riscv32-esp-elf/esp-13.2.0_20230928/riscv32-esp-elf/riscv32-esp-elf/lib]
  implicit fwks: []


The target system is: Generic -  - 
The host system is: Linux - 6.1.0-10-amd64 - x86_64
Compiling the C compiler identification source file "CMakeCCompilerId.c" succeeded.
Compiler: /home/diego/.espressif/tools/riscv32-esp-elf/esp-13.2.0_20230928/riscv32-esp-elf/bin/riscv32-esp-elf-gcc 
Build flags: -march=rv32imc_zicsr_zifencei;
Id flags:  

The output was:
0
/home/diego/.espressif/tools/riscv32-esp-elf/esp-13.2.0_20230928/riscv32-esp-elf/bin/../lib/gcc/riscv32-esp-elf/13.2.0/../../../../riscv32-esp-elf/bin/ld: /home/diego/.espressif/tools/riscv32-esp-elf/esp-13.2.0_20230928/riscv32-esp-elf/bin/../lib/gcc/riscv32-esp-elf/13.2.0/../../../../riscv32-esp-elf/lib/rv32imc_zicsr_zifencei/ilp32/libc.a(libc_a-closer.o): in function `_close_r':
/builds/idf/crosstool-NG/.build/riscv32-esp-elf/src/newlib/newlib/libc/reent/closer.c:47:(.text+0x14): warning: _close is not implemented and will always fail
/home/diego/.espressif/tools/riscv32-esp-elf/esp-13.2.0_20230928/riscv32-esp-elf/bin/../lib/gcc/riscv32-esp-elf/13.2.0/../../../../riscv32-esp-elf/bin/ld: /home/diego/.espressif/tools/riscv32-esp-elf/esp-13.2.0_20230928/riscv32-esp-elf/bin/../lib/gcc/riscv32-esp-elf/13.2.0/../../../../riscv32-esp-elf/lib/rv32imc_zicsr_zifencei/ilp32/libc.a(libc_a-lseekr.o): in function `_lseek_r':
/builds/idf/crosstool-NG/.build/riscv32-esp-elf/src/newlib/newlib/libc/reent/lseekr.c:49:(.text+0x18): warning: _lseek is not implemented and will always fail
/home/diego/.espressif/tools/riscv32-esp-elf/esp-13.2.0_20230928/riscv32-esp-elf/bin/../lib/gcc/riscv32-esp-elf/13.2.0/../../../../riscv32-esp-elf/bin/ld: /home/diego/.espressif/tools/riscv32-esp-elf/esp-13.2.0_20230928/riscv32-esp-elf/bin/../lib/gcc/riscv32-esp-elf/13.2.0/../../../../riscv32-esp-elf/lib/rv32imc_zicsr_zifencei/ilp32/libc.a(libc_a-readr.o): in function `_read_r':
/builds/idf/crosstool-NG/.build/riscv32-esp-elf/src/newlib/newlib/libc/reent/readr.c:49:(.text+0x18): warning: _read is not implemented and will always fail
/home/diego/.espressif/tools/riscv32-esp-elf/esp-13.2.0_20230928/riscv32-esp-elf/bin/../lib/gcc/riscv32-esp-elf/13.2.0/../../../../riscv32-esp-elf/bin/ld: /home/diego/.espressif/tools/riscv32-esp-elf/esp-13.2.0_20230928/riscv32-esp-elf/bin/../lib/gcc/riscv32-esp-elf/13.2.0/../../../../riscv32-esp-elf/lib/rv32imc_zicsr_zifencei/ilp32/libc.a(libc_a-writer.o): in function `_write_r':
/builds/idf/crosstool-NG/.build/riscv32-esp-elf/src/newlib/newlib/libc/reent/writer.c:49:(.text+0x18): warning: _write is not implemented and will always fail
/home/diego/.espressif/tools/riscv32-esp-elf/esp-13.2.0_20230928/riscv32-esp-elf/bin/../lib/gcc/riscv32-esp-elf/13.2.0/../../../../riscv32-esp-elf/bin/ld: /home/diego/.espressif/tools/riscv32-esp-elf/esp-13.2.0_20230928/riscv32-esp-elf/bin/../lib/gcc/riscv32-esp-elf/13.2.0/../../../../riscv32-esp-elf/lib/rv32imc_zicsr_zifencei/ilp32/libc.a(libc_a-fclose.o): in function `fclose':
/builds/idf/crosstool-NG/.build/riscv32-esp-elf/src/newlib/newlib/libc/stdio/fclose.c:125:(.text+0x118): warning: __getreent is not implemented and will always fail
/home/diego/.espressif/tools/riscv32-esp-elf/esp-13.2.0_20230928/riscv32-esp-elf/bin/../lib/gcc/riscv32-esp-elf/13.2.0/../../../../riscv32-esp-elf/bin/ld: /home/diego/.espressif/tools/riscv32-esp-elf/esp-13.2.0_20230928/riscv32-esp-elf/bin/../lib/gcc/riscv32-esp-elf/13.2.0/../../../../riscv32-esp-elf/lib/rv32imc_zicsr_zifencei/ilp32/libc.a(libc_a-findfp.o): in function `__sfp':
/builds/idf/crosstool-NG/.build/riscv32-esp-elf/src/newlib/newlib/libc/stdio/findfp.c:180:(.text+0x1ee): warning: pthread_setcancelstate is not implemented and will always fail


Compilation of the C compiler identification source "CMakeCCompilerId.c" produced "a.out"

The C compiler identification is GNU, found in "/home/diego/proyectos/_/viejo/cr_c/build/CMakeFiles/3.25.1/CompilerIdC/a.out"

Compiling the CXX compiler identification source file "CMakeCXXCompilerId.cpp" succeeded.
Compiler: /home/diego/.espressif/tools/riscv32-esp-elf/esp-13.2.0_20230928/riscv32-esp-elf/bin/riscv32-esp-elf-g++ 
Build flags: -march=rv32imc_zicsr_zifencei;
Id flags:  

The output was:
0
/home/diego/.espressif/tools/riscv32-esp-elf/esp-13.2.0_20230928/riscv32-esp-elf/bin/../lib/gcc/riscv32-esp-elf/13.2.0/../../../../riscv32-esp-elf/bin/ld: /home/diego/.espressif/tools/riscv32-esp-elf/esp-13.2.0_20230928/riscv32-esp-elf/bin/../lib/gcc/riscv32-esp-elf/13.2.0/../../../../riscv32-esp-elf/lib/rv32imc_zicsr_zifencei/ilp32/libc.a(libc_a-closer.o): in function `_close_r':
/builds/idf/crosstool-NG/.build/riscv32-esp-elf/src/newlib/newlib/libc/reent/closer.c:47:(.text+0x14): warning: _close is not implemented and will always fail
/home/diego/.espressif/tools/riscv32-esp-elf/esp-13.2.0_20230928/riscv32-esp-elf/bin/../lib/gcc/riscv32-esp-elf/13.2.0/../../../../riscv32-esp-elf/bin/ld: /home/diego/.espressif/tools/riscv32-esp-elf/esp-13.2.0_20230928/riscv32-esp-elf/bin/../lib/gcc/riscv32-esp-elf/13.2.0/../../../../riscv32-esp-elf/lib/rv32imc_zicsr_zifencei/ilp32/libc.a(libc_a-lseekr.o): in function `_lseek_r':
/builds/idf/crosstool-NG/.build/riscv32-esp-elf/src/newlib/newlib/libc/reent/lseekr.c:49:(.text+0x18): warning: _lseek is not implemented and will always fail
/home/diego/.espressif/tools/riscv32-esp-elf/esp-13.2.0_20230928/riscv32-esp-elf/bin/../lib/gcc/riscv32-esp-elf/13.2.0/../../../../riscv32-esp-elf/bin/ld: /home/diego/.espressif/tools/riscv32-esp-elf/esp-13.2.0_20230928/riscv32-esp-elf/bin/../lib/gcc/riscv32-esp-elf/13.2.0/../../../../riscv32-esp-elf/lib/rv32imc_zicsr_zifencei/ilp32/libc.a(libc_a-readr.o): in function `_read_r':
/builds/idf/crosstool-NG/.build/riscv32-esp-elf/src/newlib/newlib/libc/reent/readr.c:49:(.text+0x18): warning: _read is not implemented and will always fail
/home/diego/.espressif/tools/riscv32-esp-elf/esp-13.2.0_20230928/riscv32-esp-elf/bin/../lib/gcc/riscv32-esp-elf/13.2.0/../../../../riscv32-esp-elf/bin/ld: /home/diego/.espressif/tools/riscv32-esp-elf/esp-13.2.0_20230928/riscv32-esp-elf/bin/../lib/gcc/riscv32-esp-elf/13.2.0/../../../../riscv32-esp-elf/lib/rv32imc_zicsr_zifencei/ilp32/libc.a(libc_a-writer.o): in function `_write_r':
/builds/idf/crosstool-NG/.build/riscv32-esp-elf/src/newlib/newlib/libc/reent/writer.c:49:(.text+0x18): warning: _write is not implemented and will always fail
/home/diego/.espressif/tools/riscv32-esp-elf/esp-13.2.0_20230928/riscv32-esp-elf/bin/../lib/gcc/riscv32-esp-elf/13.2.0/../../../../riscv32-esp-elf/bin/ld: /home/diego/.espressif/tools/riscv32-esp-elf/esp-13.2.0_20230928/riscv32-esp-elf/bin/../lib/gcc/riscv32-esp-elf/13.2.0/../../../../riscv32-esp-elf/lib/rv32imc_zicsr_zifencei/ilp32/libc.a(libc_a-fclose.o): in function `fclose':
/builds/idf/crosstool-NG/.build/riscv32-esp-elf/src/newlib/newlib/libc/stdio/fclose.c:125:(.text+0x118): warning: __getreent is not implemented and will always fail
/home/diego/.espressif/tools/riscv32-esp-elf/esp-13.2.0_20230928/riscv32-esp-elf/bin/../lib/gcc/riscv32-esp-elf/13.2.0/../../../../riscv32-esp-elf/bin/ld: /home/diego/.espressif/tools/riscv32-esp-elf/esp-13.2.0_20230928/riscv32-esp-elf/bin/../lib/gcc/riscv32-esp-elf/13.2.0/../../../../riscv32-esp-elf/lib/rv32imc_zicsr_zifencei/ilp32/libc.a(libc_a-findfp.o): in function `__sfp':
/builds/idf/crosstool-NG/.build/riscv32-esp-elf/src/newlib/newlib/libc/stdio/findfp.c:180:(.text+0x1ee): warning: pthread_setcancelstate is not implemented and will always fail


Compilation of the CXX compiler identification source "CMakeCXXCompilerId.cpp" produced "a.out"

The CXX compiler identification is GNU, found in "/home/diego/proyectos/_/viejo/cr_c/build/CMakeFiles/3.25.1/CompilerIdCXX/a.out"

Checking whether the ASM compiler is GNU using "--version" matched "(GNU assembler)|(GCC)|(Free Software Foundation)":
riscv32-esp-elf-gcc (crosstool-NG esp-13.2.0_20230928) 13.2.0
Copyright (C) 2023 Free Software Foundation, Inc.
This is free software; see the source for copying conditions.  There is NO
warranty; not even for MERCHANTABILITY or FITNESS FOR A PARTICULAR PURPOSE.

Detecting C compiler ABI info compiled with the following output:
Change Dir: /home/diego/proyectos/_/viejo/cr_c/build/CMakeFiles/CMakeScratch/TryCompile-D2KlQf

Run Build Command(s):/usr/bin/ninja cmTC_fc717 && [1/2] Building C object CMakeFiles/cmTC_fc717.dir/CMakeCCompilerABI.c.obj
Using built-in specs.
COLLECT_GCC=/home/diego/.espressif/tools/riscv32-esp-elf/esp-13.2.0_20230928/riscv32-esp-elf/bin/riscv32-esp-elf-gcc
Target: riscv32-esp-elf
Configured with: /builds/idf/crosstool-NG/.build/riscv32-esp-elf/src/gcc/configure --build=x86_64-build_pc-linux-gnu --host=x86_64-build_pc-linux-gnu --target=riscv32-esp-elf --prefix=/builds/idf/crosstool-NG/builds/riscv32-esp-elf --exec_prefix=/builds/idf/crosstool-NG/builds/riscv32-esp-elf --with-local-prefix=/builds/idf/crosstool-NG/builds/riscv32-esp-elf/riscv32-esp-elf --with-headers=/builds/idf/crosstool-NG/builds/riscv32-esp-elf/riscv32-esp-elf/include --with-newlib --enable-threads=no --disable-shared --with-arch=rv32gc --with-abi=ilp32 --with-pkgversion='crosstool-NG esp-13.2.0_20230928' --disable-__cxa_atexit --enable-cxx-flags=-ffunction-sections --disable-libgomp --disable-libmudflap --disable-libmpx --disable-libssp --disable-libquadmath --disable-libquadmath-support --disable-libstdcxx-verbose --with-gmp=/builds/idf/crosstool-NG/.build/riscv32-esp-elf/buildtools --with-mpfr=/builds/idf/crosstool-NG/.build/riscv32-esp-elf/buildtools --with-mpc=/builds/idf/crosstool-NG/.build/riscv32-esp-elf/buildtools --with-isl=/builds/idf/crosstool-NG/.build/riscv32-esp-elf/buildtools --enable-lto --enable-target-optspace --without-long-double-128 --disable-nls --enable-multiarch --enable-languages=c,c++ --disable-libstdcxx-verbose --enable-threads=posix --enable-gcov-custom-rtio --enable-libstdcxx-time=yes
Thread model: posix
Supported LTO compression algorithms: zlib
gcc version 13.2.0 (crosstool-NG esp-13.2.0_20230928) 
COLLECT_GCC_OPTIONS='-march=rv32imc_zicsr_zifencei' '-v' '-o' 'CMakeFiles/cmTC_fc717.dir/CMakeCCompilerABI.c.obj' '-c' '-mabi=ilp32' '-misa-spec=20191213' '-march=rv32imc_zicsr_zifencei' '-dumpdir' 'CMakeFiles/cmTC_fc717.dir/'
 /home/diego/.espressif/tools/riscv32-esp-elf/esp-13.2.0_20230928/riscv32-esp-elf/bin/../libexec/gcc/riscv32-esp-elf/13.2.0/cc1 -quiet -v -imultilib rv32imc_zicsr_zifencei/ilp32 -iprefix /home/diego/.espressif/tools/riscv32-esp-elf/esp-13.2.0_20230928/riscv32-esp-elf/bin/../lib/gcc/riscv32-esp-elf/13.2.0/ /usr/share/cmake-3.25/Modules/CMakeCCompilerABI.c -quiet -dumpdir CMakeFiles/cmTC_fc717.dir/ -dumpbase CMakeCCompilerABI.c.c -dumpbase-ext .c -march=rv32imc_zicsr_zifencei -mabi=ilp32 -misa-spec=20191213 -march=rv32imc_zicsr_zifencei -version -o /tmp/cc2Q5uSN.s
GNU C17 (crosstool-NG esp-13.2.0_20230928) version 13.2.0 (riscv32-esp-elf)
	compiled by GNU C version 4.9.2, GMP version 6.2.1, MPFR version 4.1.0, MPC version 1.2.1, isl version isl-0.24-GMP

GGC heuristics: --param ggc-min-expand=100 --param ggc-min-heapsize=131072
ignoring duplicate directory "/home/diego/.espressif/tools/riscv32-esp-elf/esp-13.2.0_20230928/riscv32-esp-elf/bin/../lib/gcc/../../lib/gcc/riscv32-esp-elf/13.2.0/include"
ignoring duplicate directory "/home/diego/.espressif/tools/riscv32-esp-elf/esp-13.2.0_20230928/riscv32-esp-elf/bin/../lib/gcc/../../lib/gcc/riscv32-esp-elf/13.2.0/include-fixed"
ignoring duplicate directory "/home/diego/.espressif/tools/riscv32-esp-elf/esp-13.2.0_20230928/riscv32-esp-elf/bin/../lib/gcc/../../lib/gcc/riscv32-esp-elf/13.2.0/../../../../riscv32-esp-elf/sys-include"
ignoring duplicate directory "/home/diego/.espressif/tools/riscv32-esp-elf/esp-13.2.0_20230928/riscv32-esp-elf/bin/../lib/gcc/../../lib/gcc/riscv32-esp-elf/13.2.0/../../../../riscv32-esp-elf/include"
#include "..." search starts here:
#include <...> search starts here:
 /home/diego/.espressif/tools/riscv32-esp-elf/esp-13.2.0_20230928/riscv32-esp-elf/bin/../lib/gcc/riscv32-esp-elf/13.2.0/include
 /home/diego/.espressif/tools/riscv32-esp-elf/esp-13.2.0_20230928/riscv32-esp-elf/bin/../lib/gcc/riscv32-esp-elf/13.2.0/include-fixed
 /home/diego/.espressif/tools/riscv32-esp-elf/esp-13.2.0_20230928/riscv32-esp-elf/bin/../lib/gcc/riscv32-esp-elf/13.2.0/../../../../riscv32-esp-elf/sys-include
 /home/diego/.espressif/tools/riscv32-esp-elf/esp-13.2.0_20230928/riscv32-esp-elf/bin/../lib/gcc/riscv32-esp-elf/13.2.0/../../../../riscv32-esp-elf/include
End of search list.
Compiler executable checksum: 77495f34f76e3c762dece7c39ed79778
COLLECT_GCC_OPTIONS='-march=rv32imc_zicsr_zifencei' '-v' '-o' 'CMakeFiles/cmTC_fc717.dir/CMakeCCompilerABI.c.obj' '-c' '-mabi=ilp32' '-misa-spec=20191213' '-march=rv32imc_zicsr_zifencei' '-dumpdir' 'CMakeFiles/cmTC_fc717.dir/'
 /home/diego/.espressif/tools/riscv32-esp-elf/esp-13.2.0_20230928/riscv32-esp-elf/bin/../lib/gcc/riscv32-esp-elf/13.2.0/../../../../riscv32-esp-elf/bin/as -v --traditional-format -march=rv32imc_zicsr_zifencei -march=rv32imc_zicsr_zifencei -mabi=ilp32 -misa-spec=20191213 -o CMakeFiles/cmTC_fc717.dir/CMakeCCompilerABI.c.obj /tmp/cc2Q5uSN.s
GNU assembler version 2.41 (riscv32-esp-elf) using BFD version (crosstool-NG esp-13.2.0_20230928) 2.41
COMPILER_PATH=/home/diego/.espressif/tools/riscv32-esp-elf/esp-13.2.0_20230928/riscv32-esp-elf/bin/../libexec/gcc/riscv32-esp-elf/13.2.0/:/home/diego/.espressif/tools/riscv32-esp-elf/esp-13.2.0_20230928/riscv32-esp-elf/bin/../libexec/gcc/:/home/diego/.espressif/tools/riscv32-esp-elf/esp-13.2.0_20230928/riscv32-esp-elf/bin/../lib/gcc/riscv32-esp-elf/13.2.0/../../../../riscv32-esp-elf/bin/
LIBRARY_PATH=/home/diego/.espressif/tools/riscv32-esp-elf/esp-13.2.0_20230928/riscv32-esp-elf/bin/../lib/gcc/riscv32-esp-elf/13.2.0/rv32imc_zicsr_zifencei/ilp32/:/home/diego/.espressif/tools/riscv32-esp-elf/esp-13.2.0_20230928/riscv32-esp-elf/bin/../lib/gcc/riscv32-esp-elf/13.2.0/../../../../riscv32-esp-elf/lib/rv32imc_zicsr_zifencei/ilp32/:/home/diego/.espressif/tools/riscv32-esp-elf/esp-13.2.0_20230928/riscv32-esp-elf/bin/../lib/gcc/riscv32-esp-elf/13.2.0/:/home/diego/.espressif/tools/riscv32-esp-elf/esp-13.2.0_20230928/riscv32-esp-elf/bin/../lib/gcc/:/home/diego/.espressif/tools/riscv32-esp-elf/esp-13.2.0_20230928/riscv32-esp-elf/bin/../lib/gcc/riscv32-esp-elf/13.2.0/../../../../riscv32-esp-elf/lib/
COLLECT_GCC_OPTIONS='-march=rv32imc_zicsr_zifencei' '-v' '-o' 'CMakeFiles/cmTC_fc717.dir/CMakeCCompilerABI.c.obj' '-c' '-mabi=ilp32' '-misa-spec=20191213' '-march=rv32imc_zicsr_zifencei' '-dumpdir' 'CMakeFiles/cmTC_fc717.dir/CMakeCCompilerABI.c.'
[2/2] Linking C executable cmTC_fc717
Using built-in specs.
Reading specs from /home/diego/.espressif/tools/riscv32-esp-elf/esp-13.2.0_20230928/riscv32-esp-elf/bin/../lib/gcc/riscv32-esp-elf/13.2.0/../../../../riscv32-esp-elf/lib/nosys.specs
rename spec link_gcc_c_sequence to nosys_link_gcc_c_sequence
COLLECT_GCC=/home/diego/.espressif/tools/riscv32-esp-elf/esp-13.2.0_20230928/riscv32-esp-elf/bin/riscv32-esp-elf-gcc
COLLECT_LTO_WRAPPER=/home/diego/.espressif/tools/riscv32-esp-elf/esp-13.2.0_20230928/riscv32-esp-elf/bin/../libexec/gcc/riscv32-esp-elf/13.2.0/lto-wrapper
Target: riscv32-esp-elf
Configured with: /builds/idf/crosstool-NG/.build/riscv32-esp-elf/src/gcc/configure --build=x86_64-build_pc-linux-gnu --host=x86_64-build_pc-linux-gnu --target=riscv32-esp-elf --prefix=/builds/idf/crosstool-NG/builds/riscv32-esp-elf --exec_prefix=/builds/idf/crosstool-NG/builds/riscv32-esp-elf --with-local-prefix=/builds/idf/crosstool-NG/builds/riscv32-esp-elf/riscv32-esp-elf --with-headers=/builds/idf/crosstool-NG/builds/riscv32-esp-elf/riscv32-esp-elf/include --with-newlib --enable-threads=no --disable-shared --with-arch=rv32gc --with-abi=ilp32 --with-pkgversion='crosstool-NG esp-13.2.0_20230928' --disable-__cxa_atexit --enable-cxx-flags=-ffunction-sections --disable-libgomp --disable-libmudflap --disable-libmpx --disable-libssp --disable-libquadmath --disable-libquadmath-support --disable-libstdcxx-verbose --with-gmp=/builds/idf/crosstool-NG/.build/riscv32-esp-elf/buildtools --with-mpfr=/builds/idf/crosstool-NG/.build/riscv32-esp-elf/buildtools --with-mpc=/builds/idf/crosstool-NG/.build/riscv32-esp-elf/buildtools --with-isl=/builds/idf/crosstool-NG/.build/riscv32-esp-elf/buildtools --enable-lto --enable-target-optspace --without-long-double-128 --disable-nls --enable-multiarch --enable-languages=c,c++ --disable-libstdcxx-verbose --enable-threads=posix --enable-gcov-custom-rtio --enable-libstdcxx-time=yes
Thread model: posix
Supported LTO compression algorithms: zlib
gcc version 13.2.0 (crosstool-NG esp-13.2.0_20230928) 
COMPILER_PATH=/home/diego/.espressif/tools/riscv32-esp-elf/esp-13.2.0_20230928/riscv32-esp-elf/bin/../libexec/gcc/riscv32-esp-elf/13.2.0/:/home/diego/.espressif/tools/riscv32-esp-elf/esp-13.2.0_20230928/riscv32-esp-elf/bin/../libexec/gcc/:/home/diego/.espressif/tools/riscv32-esp-elf/esp-13.2.0_20230928/riscv32-esp-elf/bin/../lib/gcc/riscv32-esp-elf/13.2.0/../../../../riscv32-esp-elf/bin/
LIBRARY_PATH=/home/diego/.espressif/tools/riscv32-esp-elf/esp-13.2.0_20230928/riscv32-esp-elf/bin/../lib/gcc/riscv32-esp-elf/13.2.0/rv32imc_zicsr_zifencei/ilp32/:/home/diego/.espressif/tools/riscv32-esp-elf/esp-13.2.0_20230928/riscv32-esp-elf/bin/../lib/gcc/riscv32-esp-elf/13.2.0/../../../../riscv32-esp-elf/lib/rv32imc_zicsr_zifencei/ilp32/:/home/diego/.espressif/tools/riscv32-esp-elf/esp-13.2.0_20230928/riscv32-esp-elf/bin/../lib/gcc/riscv32-esp-elf/13.2.0/:/home/diego/.espressif/tools/riscv32-esp-elf/esp-13.2.0_20230928/riscv32-esp-elf/bin/../lib/gcc/:/home/diego/.espressif/tools/riscv32-esp-elf/esp-13.2.0_20230928/riscv32-esp-elf/bin/../lib/gcc/riscv32-esp-elf/13.2.0/../../../../riscv32-esp-elf/lib/
COLLECT_GCC_OPTIONS='-nostartfiles' '-march=rv32imc_zicsr_zifencei' '-specs=nosys.specs' '-v' '-o' 'cmTC_fc717' '-mabi=ilp32' '-misa-spec=20191213' '-march=rv32imc_zicsr_zifencei' '-dumpdir' 'cmTC_fc717.'
 /home/diego/.espressif/tools/riscv32-esp-elf/esp-13.2.0_20230928/riscv32-esp-elf/bin/../libexec/gcc/riscv32-esp-elf/13.2.0/collect2 -plugin /home/diego/.espressif/tools/riscv32-esp-elf/esp-13.2.0_20230928/riscv32-esp-elf/bin/../libexec/gcc/riscv32-esp-elf/13.2.0/liblto_plugin.so -plugin-opt=/home/diego/.espressif/tools/riscv32-esp-elf/esp-13.2.0_20230928/riscv32-esp-elf/bin/../libexec/gcc/riscv32-esp-elf/13.2.0/lto-wrapper -plugin-opt=-fresolution=/tmp/ccxgQcUG.res -plugin-opt=-pass-through=-lgcc -plugin-opt=-pass-through=-lc -plugin-opt=-pass-through=-lnosys -plugin-opt=-pass-through=-lc -plugin-opt=-pass-through=-lgcc -plugin-opt=-pass-through=-lgcc -plugin-opt=-pass-through=-lc -plugin-opt=-pass-through=-lnosys -melf32lriscv -o cmTC_fc717 -L/home/diego/.espressif/tools/riscv32-esp-elf/esp-13.2.0_20230928/riscv32-esp-elf/bin/../lib/gcc/riscv32-esp-elf/13.2.0/rv32imc_zicsr_zifencei/ilp32 -L/home/diego/.espressif/tools/riscv32-esp-elf/esp-13.2.0_20230928/riscv32-esp-elf/bin/../lib/gcc/riscv32-esp-elf/13.2.0/../../../../riscv32-esp-elf/lib/rv32imc_zicsr_zifencei/ilp32 -L/home/diego/.espressif/tools/riscv32-esp-elf/esp-13.2.0_20230928/riscv32-esp-elf/bin/../lib/gcc/riscv32-esp-elf/13.2.0 -L/home/diego/.espressif/tools/riscv32-esp-elf/esp-13.2.0_20230928/riscv32-esp-elf/bin/../lib/gcc -L/home/diego/.espressif/tools/riscv32-esp-elf/esp-13.2.0_20230928/riscv32-esp-elf/bin/../lib/gcc/riscv32-esp-elf/13.2.0/../../../../riscv32-esp-elf/lib CMakeFiles/cmTC_fc717.dir/CMakeCCompilerABI.c.obj -lgcc -lc -lnosys -lc -lgcc --start-group -lgcc -lc -lnosys --end-group
/home/diego/.espressif/tools/riscv32-esp-elf/esp-13.2.0_20230928/riscv32-esp-elf/bin/../lib/gcc/riscv32-esp-elf/13.2.0/../../../../riscv32-esp-elf/bin/ld: warning: cannot find entry symbol _start; defaulting to 00010074
COLLECT_GCC_OPTIONS='-nostartfiles' '-march=rv32imc_zicsr_zifencei' '-specs=nosys.specs' '-v' '-o' 'cmTC_fc717' '-mabi=ilp32' '-misa-spec=20191213' '-march=rv32imc_zicsr_zifencei' '-dumpdir' 'cmTC_fc717.'



Parsed C implicit include dir info from above output: rv=done
  found start of include info
  found start of implicit include info
    add: [/home/diego/.espressif/tools/riscv32-esp-elf/esp-13.2.0_20230928/riscv32-esp-elf/bin/../lib/gcc/riscv32-esp-elf/13.2.0/include]
    add: [/home/diego/.espressif/tools/riscv32-esp-elf/esp-13.2.0_20230928/riscv32-esp-elf/bin/../lib/gcc/riscv32-esp-elf/13.2.0/include-fixed]
    add: [/home/diego/.espressif/tools/riscv32-esp-elf/esp-13.2.0_20230928/riscv32-esp-elf/bin/../lib/gcc/riscv32-esp-elf/13.2.0/../../../../riscv32-esp-elf/sys-include]
    add: [/home/diego/.espressif/tools/riscv32-esp-elf/esp-13.2.0_20230928/riscv32-esp-elf/bin/../lib/gcc/riscv32-esp-elf/13.2.0/../../../../riscv32-esp-elf/include]
  end of search list found
  collapse include dir [/home/diego/.espressif/tools/riscv32-esp-elf/esp-13.2.0_20230928/riscv32-esp-elf/bin/../lib/gcc/riscv32-esp-elf/13.2.0/include] ==> [/home/diego/.espressif/tools/riscv32-esp-elf/esp-13.2.0_20230928/riscv32-esp-elf/lib/gcc/riscv32-esp-elf/13.2.0/include]
  collapse include dir [/home/diego/.espressif/tools/riscv32-esp-elf/esp-13.2.0_20230928/riscv32-esp-elf/bin/../lib/gcc/riscv32-esp-elf/13.2.0/include-fixed] ==> [/home/diego/.espressif/tools/riscv32-esp-elf/esp-13.2.0_20230928/riscv32-esp-elf/lib/gcc/riscv32-esp-elf/13.2.0/include-fixed]
  collapse include dir [/home/diego/.espressif/tools/riscv32-esp-elf/esp-13.2.0_20230928/riscv32-esp-elf/bin/../lib/gcc/riscv32-esp-elf/13.2.0/../../../../riscv32-esp-elf/sys-include] ==> [/home/diego/.espressif/tools/riscv32-esp-elf/esp-13.2.0_20230928/riscv32-esp-elf/riscv32-esp-elf/sys-include]
  collapse include dir [/home/diego/.espressif/tools/riscv32-esp-elf/esp-13.2.0_20230928/riscv32-esp-elf/bin/../lib/gcc/riscv32-esp-elf/13.2.0/../../../../riscv32-esp-elf/include] ==> [/home/diego/.espressif/tools/riscv32-esp-elf/esp-13.2.0_20230928/riscv32-esp-elf/riscv32-esp-elf/include]
  implicit include dirs: [/home/diego/.espressif/tools/riscv32-esp-elf/esp-13.2.0_20230928/riscv32-esp-elf/lib/gcc/riscv32-esp-elf/13.2.0/include;/home/diego/.espressif/tools/riscv32-esp-elf/esp-13.2.0_20230928/riscv32-esp-elf/lib/gcc/riscv32-esp-elf/13.2.0/include-fixed;/home/diego/.espressif/tools/riscv32-esp-elf/esp-13.2.0_20230928/riscv32-esp-elf/riscv32-esp-elf/sys-include;/home/diego/.espressif/tools/riscv32-esp-elf/esp-13.2.0_20230928/riscv32-esp-elf/riscv32-esp-elf/include]


Parsed C implicit link information from above output:
  link line regex: [^( *|.*[/\])(riscv32-esp-elf-ld|CMAKE_LINK_STARTFILE-NOTFOUND|([^/\]+-)?ld|collect2)[^/\]*( |$)]
  ignore line: [Change Dir: /home/diego/proyectos/_/viejo/cr_c/build/CMakeFiles/CMakeScratch/TryCompile-D2KlQf]
  ignore line: []
  ignore line: [Run Build Command(s):/usr/bin/ninja cmTC_fc717 && [1/2] Building C object CMakeFiles/cmTC_fc717.dir/CMakeCCompilerABI.c.obj]
  ignore line: [Using built-in specs.]
  ignore line: [COLLECT_GCC=/home/diego/.espressif/tools/riscv32-esp-elf/esp-13.2.0_20230928/riscv32-esp-elf/bin/riscv32-esp-elf-gcc]
  ignore line: [Target: riscv32-esp-elf]
  ignore line: [Configured with: /builds/idf/crosstool-NG/.build/riscv32-esp-elf/src/gcc/configure --build=x86_64-build_pc-linux-gnu --host=x86_64-build_pc-linux-gnu --target=riscv32-esp-elf --prefix=/builds/idf/crosstool-NG/builds/riscv32-esp-elf --exec_prefix=/builds/idf/crosstool-NG/builds/riscv32-esp-elf --with-local-prefix=/builds/idf/crosstool-NG/builds/riscv32-esp-elf/riscv32-esp-elf --with-headers=/builds/idf/crosstool-NG/builds/riscv32-esp-elf/riscv32-esp-elf/include --with-newlib --enable-threads=no --disable-shared --with-arch=rv32gc --with-abi=ilp32 --with-pkgversion='crosstool-NG esp-13.2.0_20230928' --disable-__cxa_atexit --enable-cxx-flags=-ffunction-sections --disable-libgomp --disable-libmudflap --disable-libmpx --disable-libssp --disable-libquadmath --disable-libquadmath-support --disable-libstdcxx-verbose --with-gmp=/builds/idf/crosstool-NG/.build/riscv32-esp-elf/buildtools --with-mpfr=/builds/idf/crosstool-NG/.build/riscv32-esp-elf/buildtools --with-mpc=/builds/idf/crosstool-NG/.build/riscv32-esp-elf/buildtools --with-isl=/builds/idf/crosstool-NG/.build/riscv32-esp-elf/buildtools --enable-lto --enable-target-optspace --without-long-double-128 --disable-nls --enable-multiarch --enable-languages=c c++ --disable-libstdcxx-verbose --enable-threads=posix --enable-gcov-custom-rtio --enable-libstdcxx-time=yes]
  ignore line: [Thread model: posix]
  ignore line: [Supported LTO compression algorithms: zlib]
  ignore line: [gcc version 13.2.0 (crosstool-NG esp-13.2.0_20230928) ]
  ignore line: [COLLECT_GCC_OPTIONS='-march=rv32imc_zicsr_zifencei' '-v' '-o' 'CMakeFiles/cmTC_fc717.dir/CMakeCCompilerABI.c.obj' '-c' '-mabi=ilp32' '-misa-spec=20191213' '-march=rv32imc_zicsr_zifencei' '-dumpdir' 'CMakeFiles/cmTC_fc717.dir/']
  ignore line: [ /home/diego/.espressif/tools/riscv32-esp-elf/esp-13.2.0_20230928/riscv32-esp-elf/bin/../libexec/gcc/riscv32-esp-elf/13.2.0/cc1 -quiet -v -imultilib rv32imc_zicsr_zifencei/ilp32 -iprefix /home/diego/.espressif/tools/riscv32-esp-elf/esp-13.2.0_20230928/riscv32-esp-elf/bin/../lib/gcc/riscv32-esp-elf/13.2.0/ /usr/share/cmake-3.25/Modules/CMakeCCompilerABI.c -quiet -dumpdir CMakeFiles/cmTC_fc717.dir/ -dumpbase CMakeCCompilerABI.c.c -dumpbase-ext .c -march=rv32imc_zicsr_zifencei -mabi=ilp32 -misa-spec=20191213 -march=rv32imc_zicsr_zifencei -version -o /tmp/cc2Q5uSN.s]
  ignore line: [GNU C17 (crosstool-NG esp-13.2.0_20230928) version 13.2.0 (riscv32-esp-elf)]
  ignore line: [	compiled by GNU C version 4.9.2  GMP version 6.2.1  MPFR version 4.1.0  MPC version 1.2.1  isl version isl-0.24-GMP]
  ignore line: []
  ignore line: [GGC heuristics: --param ggc-min-expand=100 --param ggc-min-heapsize=131072]
  ignore line: [ignoring duplicate directory "/home/diego/.espressif/tools/riscv32-esp-elf/esp-13.2.0_20230928/riscv32-esp-elf/bin/../lib/gcc/../../lib/gcc/riscv32-esp-elf/13.2.0/include"]
  ignore line: [ignoring duplicate directory "/home/diego/.espressif/tools/riscv32-esp-elf/esp-13.2.0_20230928/riscv32-esp-elf/bin/../lib/gcc/../../lib/gcc/riscv32-esp-elf/13.2.0/include-fixed"]
  ignore line: [ignoring duplicate directory "/home/diego/.espressif/tools/riscv32-esp-elf/esp-13.2.0_20230928/riscv32-esp-elf/bin/../lib/gcc/../../lib/gcc/riscv32-esp-elf/13.2.0/../../../../riscv32-esp-elf/sys-include"]
  ignore line: [ignoring duplicate directory "/home/diego/.espressif/tools/riscv32-esp-elf/esp-13.2.0_20230928/riscv32-esp-elf/bin/../lib/gcc/../../lib/gcc/riscv32-esp-elf/13.2.0/../../../../riscv32-esp-elf/include"]
  ignore line: [#include "..." search starts here:]
  ignore line: [#include <...> search starts here:]
  ignore line: [ /home/diego/.espressif/tools/riscv32-esp-elf/esp-13.2.0_20230928/riscv32-esp-elf/bin/../lib/gcc/riscv32-esp-elf/13.2.0/include]
  ignore line: [ /home/diego/.espressif/tools/riscv32-esp-elf/esp-13.2.0_20230928/riscv32-esp-elf/bin/../lib/gcc/riscv32-esp-elf/13.2.0/include-fixed]
  ignore line: [ /home/diego/.espressif/tools/riscv32-esp-elf/esp-13.2.0_20230928/riscv32-esp-elf/bin/../lib/gcc/riscv32-esp-elf/13.2.0/../../../../riscv32-esp-elf/sys-include]
  ignore line: [ /home/diego/.espressif/tools/riscv32-esp-elf/esp-13.2.0_20230928/riscv32-esp-elf/bin/../lib/gcc/riscv32-esp-elf/13.2.0/../../../../riscv32-esp-elf/include]
  ignore line: [End of search list.]
  ignore line: [Compiler executable checksum: 77495f34f76e3c762dece7c39ed79778]
  ignore line: [COLLECT_GCC_OPTIONS='-march=rv32imc_zicsr_zifencei' '-v' '-o' 'CMakeFiles/cmTC_fc717.dir/CMakeCCompilerABI.c.obj' '-c' '-mabi=ilp32' '-misa-spec=20191213' '-march=rv32imc_zicsr_zifencei' '-dumpdir' 'CMakeFiles/cmTC_fc717.dir/']
  ignore line: [ /home/diego/.espressif/tools/riscv32-esp-elf/esp-13.2.0_20230928/riscv32-esp-elf/bin/../lib/gcc/riscv32-esp-elf/13.2.0/../../../../riscv32-esp-elf/bin/as -v --traditional-format -march=rv32imc_zicsr_zifencei -march=rv32imc_zicsr_zifencei -mabi=ilp32 -misa-spec=20191213 -o CMakeFiles/cmTC_fc717.dir/CMakeCCompilerABI.c.obj /tmp/cc2Q5uSN.s]
  ignore line: [GNU assembler version 2.41 (riscv32-esp-elf) using BFD version (crosstool-NG esp-13.2.0_20230928) 2.41]
  ignore line: [COMPILER_PATH=/home/diego/.espressif/tools/riscv32-esp-elf/esp-13.2.0_20230928/riscv32-esp-elf/bin/../libexec/gcc/riscv32-esp-elf/13.2.0/:/home/diego/.espressif/tools/riscv32-esp-elf/esp-13.2.0_20230928/riscv32-esp-elf/bin/../libexec/gcc/:/home/diego/.espressif/tools/riscv32-esp-elf/esp-13.2.0_20230928/riscv32-esp-elf/bin/../lib/gcc/riscv32-esp-elf/13.2.0/../../../../riscv32-esp-elf/bin/]
  ignore line: [LIBRARY_PATH=/home/diego/.espressif/tools/riscv32-esp-elf/esp-13.2.0_20230928/riscv32-esp-elf/bin/../lib/gcc/riscv32-esp-elf/13.2.0/rv32imc_zicsr_zifencei/ilp32/:/home/diego/.espressif/tools/riscv32-esp-elf/esp-13.2.0_20230928/riscv32-esp-elf/bin/../lib/gcc/riscv32-esp-elf/13.2.0/../../../../riscv32-esp-elf/lib/rv32imc_zicsr_zifencei/ilp32/:/home/diego/.espressif/tools/riscv32-esp-elf/esp-13.2.0_20230928/riscv32-esp-elf/bin/../lib/gcc/riscv32-esp-elf/13.2.0/:/home/diego/.espressif/tools/riscv32-esp-elf/esp-13.2.0_20230928/riscv32-esp-elf/bin/../lib/gcc/:/home/diego/.espressif/tools/riscv32-esp-elf/esp-13.2.0_20230928/riscv32-esp-elf/bin/../lib/gcc/riscv32-esp-elf/13.2.0/../../../../riscv32-esp-elf/lib/]
  ignore line: [COLLECT_GCC_OPTIONS='-march=rv32imc_zicsr_zifencei' '-v' '-o' 'CMakeFiles/cmTC_fc717.dir/CMakeCCompilerABI.c.obj' '-c' '-mabi=ilp32' '-misa-spec=20191213' '-march=rv32imc_zicsr_zifencei' '-dumpdir' 'CMakeFiles/cmTC_fc717.dir/CMakeCCompilerABI.c.']
  ignore line: [[2/2] Linking C executable cmTC_fc717]
  ignore line: [Using built-in specs.]
  ignore line: [Reading specs from /home/diego/.espressif/tools/riscv32-esp-elf/esp-13.2.0_20230928/riscv32-esp-elf/bin/../lib/gcc/riscv32-esp-elf/13.2.0/../../../../riscv32-esp-elf/lib/nosys.specs]
  ignore line: [rename spec link_gcc_c_sequence to nosys_link_gcc_c_sequence]
  ignore line: [COLLECT_GCC=/home/diego/.espressif/tools/riscv32-esp-elf/esp-13.2.0_20230928/riscv32-esp-elf/bin/riscv32-esp-elf-gcc]
  ignore line: [COLLECT_LTO_WRAPPER=/home/diego/.espressif/tools/riscv32-esp-elf/esp-13.2.0_20230928/riscv32-esp-elf/bin/../libexec/gcc/riscv32-esp-elf/13.2.0/lto-wrapper]
  ignore line: [Target: riscv32-esp-elf]
  ignore line: [Configured with: /builds/idf/crosstool-NG/.build/riscv32-esp-elf/src/gcc/configure --build=x86_64-build_pc-linux-gnu --host=x86_64-build_pc-linux-gnu --target=riscv32-esp-elf --prefix=/builds/idf/crosstool-NG/builds/riscv32-esp-elf --exec_prefix=/builds/idf/crosstool-NG/builds/riscv32-esp-elf --with-local-prefix=/builds/idf/crosstool-NG/builds/riscv32-esp-elf/riscv32-esp-elf --with-headers=/builds/idf/crosstool-NG/builds/riscv32-esp-elf/riscv32-esp-elf/include --with-newlib --enable-threads=no --disable-shared --with-arch=rv32gc --with-abi=ilp32 --with-pkgversion='crosstool-NG esp-13.2.0_20230928' --disable-__cxa_atexit --enable-cxx-flags=-ffunction-sections --disable-libgomp --disable-libmudflap --disable-libmpx --disable-libssp --disable-libquadmath --disable-libquadmath-support --disable-libstdcxx-verbose --with-gmp=/builds/idf/crosstool-NG/.build/riscv32-esp-elf/buildtools --with-mpfr=/builds/idf/crosstool-NG/.build/riscv32-esp-elf/buildtools --with-mpc=/builds/idf/crosstool-NG/.build/riscv32-esp-elf/buildtools --with-isl=/builds/idf/crosstool-NG/.build/riscv32-esp-elf/buildtools --enable-lto --enable-target-optspace --without-long-double-128 --disable-nls --enable-multiarch --enable-languages=c c++ --disable-libstdcxx-verbose --enable-threads=posix --enable-gcov-custom-rtio --enable-libstdcxx-time=yes]
  ignore line: [Thread model: posix]
  ignore line: [Supported LTO compression algorithms: zlib]
  ignore line: [gcc version 13.2.0 (crosstool-NG esp-13.2.0_20230928) ]
  ignore line: [COMPILER_PATH=/home/diego/.espressif/tools/riscv32-esp-elf/esp-13.2.0_20230928/riscv32-esp-elf/bin/../libexec/gcc/riscv32-esp-elf/13.2.0/:/home/diego/.espressif/tools/riscv32-esp-elf/esp-13.2.0_20230928/riscv32-esp-elf/bin/../libexec/gcc/:/home/diego/.espressif/tools/riscv32-esp-elf/esp-13.2.0_20230928/riscv32-esp-elf/bin/../lib/gcc/riscv32-esp-elf/13.2.0/../../../../riscv32-esp-elf/bin/]
  ignore line: [LIBRARY_PATH=/home/diego/.espressif/tools/riscv32-esp-elf/esp-13.2.0_20230928/riscv32-esp-elf/bin/../lib/gcc/riscv32-esp-elf/13.2.0/rv32imc_zicsr_zifencei/ilp32/:/home/diego/.espressif/tools/riscv32-esp-elf/esp-13.2.0_20230928/riscv32-esp-elf/bin/../lib/gcc/riscv32-esp-elf/13.2.0/../../../../riscv32-esp-elf/lib/rv32imc_zicsr_zifencei/ilp32/:/home/diego/.espressif/tools/riscv32-esp-elf/esp-13.2.0_20230928/riscv32-esp-elf/bin/../lib/gcc/riscv32-esp-elf/13.2.0/:/home/diego/.espressif/tools/riscv32-esp-elf/esp-13.2.0_20230928/riscv32-esp-elf/bin/../lib/gcc/:/home/diego/.espressif/tools/riscv32-esp-elf/esp-13.2.0_20230928/riscv32-esp-elf/bin/../lib/gcc/riscv32-esp-elf/13.2.0/../../../../riscv32-esp-elf/lib/]
  ignore line: [COLLECT_GCC_OPTIONS='-nostartfiles' '-march=rv32imc_zicsr_zifencei' '-specs=nosys.specs' '-v' '-o' 'cmTC_fc717' '-mabi=ilp32' '-misa-spec=20191213' '-march=rv32imc_zicsr_zifencei' '-dumpdir' 'cmTC_fc717.']
  link line: [ /home/diego/.espressif/tools/riscv32-esp-elf/esp-13.2.0_20230928/riscv32-esp-elf/bin/../libexec/gcc/riscv32-esp-elf/13.2.0/collect2 -plugin /home/diego/.espressif/tools/riscv32-esp-elf/esp-13.2.0_20230928/riscv32-esp-elf/bin/../libexec/gcc/riscv32-esp-elf/13.2.0/liblto_plugin.so -plugin-opt=/home/diego/.espressif/tools/riscv32-esp-elf/esp-13.2.0_20230928/riscv32-esp-elf/bin/../libexec/gcc/riscv32-esp-elf/13.2.0/lto-wrapper -plugin-opt=-fresolution=/tmp/ccxgQcUG.res -plugin-opt=-pass-through=-lgcc -plugin-opt=-pass-through=-lc -plugin-opt=-pass-through=-lnosys -plugin-opt=-pass-through=-lc -plugin-opt=-pass-through=-lgcc -plugin-opt=-pass-through=-lgcc -plugin-opt=-pass-through=-lc -plugin-opt=-pass-through=-lnosys -melf32lriscv -o cmTC_fc717 -L/home/diego/.espressif/tools/riscv32-esp-elf/esp-13.2.0_20230928/riscv32-esp-elf/bin/../lib/gcc/riscv32-esp-elf/13.2.0/rv32imc_zicsr_zifencei/ilp32 -L/home/diego/.espressif/tools/riscv32-esp-elf/esp-13.2.0_20230928/riscv32-esp-elf/bin/../lib/gcc/riscv32-esp-elf/13.2.0/../../../../riscv32-esp-elf/lib/rv32imc_zicsr_zifencei/ilp32 -L/home/diego/.espressif/tools/riscv32-esp-elf/esp-13.2.0_20230928/riscv32-esp-elf/bin/../lib/gcc/riscv32-esp-elf/13.2.0 -L/home/diego/.espressif/tools/riscv32-esp-elf/esp-13.2.0_20230928/riscv32-esp-elf/bin/../lib/gcc -L/home/diego/.espressif/tools/riscv32-esp-elf/esp-13.2.0_20230928/riscv32-esp-elf/bin/../lib/gcc/riscv32-esp-elf/13.2.0/../../../../riscv32-esp-elf/lib CMakeFiles/cmTC_fc717.dir/CMakeCCompilerABI.c.obj -lgcc -lc -lnosys -lc -lgcc --start-group -lgcc -lc -lnosys --end-group]
    arg [/home/diego/.espressif/tools/riscv32-esp-elf/esp-13.2.0_20230928/riscv32-esp-elf/bin/../libexec/gcc/riscv32-esp-elf/13.2.0/collect2] ==> ignore
    arg [-plugin] ==> ignore
    arg [/home/diego/.espressif/tools/riscv32-esp-elf/esp-13.2.0_20230928/riscv32-esp-elf/bin/../libexec/gcc/riscv32-esp-elf/13.2.0/liblto_plugin.so] ==> ignore
    arg [-plugin-opt=/home/diego/.espressif/tools/riscv32-esp-elf/esp-13.2.0_20230928/riscv32-esp-elf/bin/../libexec/gcc/riscv32-esp-elf/13.2.0/lto-wrapper] ==> ignore
    arg [-plugin-opt=-fresolution=/tmp/ccxgQcUG.res] ==> ignore
    arg [-plugin-opt=-pass-through=-lgcc] ==> ignore
    arg [-plugin-opt=-pass-through=-lc] ==> ignore
    arg [-plugin-opt=-pass-through=-lnosys] ==> ignore
    arg [-plugin-opt=-pass-through=-lc] ==> ignore
    arg [-plugin-opt=-pass-through=-lgcc] ==> ignore
    arg [-plugin-opt=-pass-through=-lgcc] ==> ignore
    arg [-plugin-opt=-pass-through=-lc] ==> ignore
    arg [-plugin-opt=-pass-through=-lnosys] ==> ignore
    arg [-melf32lriscv] ==> ignore
    arg [-o] ==> ignore
    arg [cmTC_fc717] ==> ignore
    arg [-L/home/diego/.espressif/tools/riscv32-esp-elf/esp-13.2.0_20230928/riscv32-esp-elf/bin/../lib/gcc/riscv32-esp-elf/13.2.0/rv32imc_zicsr_zifencei/ilp32] ==> dir [/home/diego/.espressif/tools/riscv32-esp-elf/esp-13.2.0_20230928/riscv32-esp-elf/bin/../lib/gcc/riscv32-esp-elf/13.2.0/rv32imc_zicsr_zifencei/ilp32]
    arg [-L/home/diego/.espressif/tools/riscv32-esp-elf/esp-13.2.0_20230928/riscv32-esp-elf/bin/../lib/gcc/riscv32-esp-elf/13.2.0/../../../../riscv32-esp-elf/lib/rv32imc_zicsr_zifencei/ilp32] ==> dir [/home/diego/.espressif/tools/riscv32-esp-elf/esp-13.2.0_20230928/riscv32-esp-elf/bin/../lib/gcc/riscv32-esp-elf/13.2.0/../../../../riscv32-esp-elf/lib/rv32imc_zicsr_zifencei/ilp32]
    arg [-L/home/diego/.espressif/tools/riscv32-esp-elf/esp-13.2.0_20230928/riscv32-esp-elf/bin/../lib/gcc/riscv32-esp-elf/13.2.0] ==> dir [/home/diego/.espressif/tools/riscv32-esp-elf/esp-13.2.0_20230928/riscv32-esp-elf/bin/../lib/gcc/riscv32-esp-elf/13.2.0]
    arg [-L/home/diego/.espressif/tools/riscv32-esp-elf/esp-13.2.0_20230928/riscv32-esp-elf/bin/../lib/gcc] ==> dir [/home/diego/.espressif/tools/riscv32-esp-elf/esp-13.2.0_20230928/riscv32-esp-elf/bin/../lib/gcc]
    arg [-L/home/diego/.espressif/tools/riscv32-esp-elf/esp-13.2.0_20230928/riscv32-esp-elf/bin/../lib/gcc/riscv32-esp-elf/13.2.0/../../../../riscv32-esp-elf/lib] ==> dir [/home/diego/.espressif/tools/riscv32-esp-elf/esp-13.2.0_20230928/riscv32-esp-elf/bin/../lib/gcc/riscv32-esp-elf/13.2.0/../../../../riscv32-esp-elf/lib]
    arg [CMakeFiles/cmTC_fc717.dir/CMakeCCompilerABI.c.obj] ==> ignore
    arg [-lgcc] ==> lib [gcc]
    arg [-lc] ==> lib [c]
    arg [-lnosys] ==> lib [nosys]
    arg [-lc] ==> lib [c]
    arg [-lgcc] ==> lib [gcc]
    arg [--start-group] ==> ignore
    arg [-lgcc] ==> lib [gcc]
    arg [-lc] ==> lib [c]
    arg [-lnosys] ==> lib [nosys]
    arg [--end-group] ==> ignore
  collapse library dir [/home/diego/.espressif/tools/riscv32-esp-elf/esp-13.2.0_20230928/riscv32-esp-elf/bin/../lib/gcc/riscv32-esp-elf/13.2.0/rv32imc_zicsr_zifencei/ilp32] ==> [/home/diego/.espressif/tools/riscv32-esp-elf/esp-13.2.0_20230928/riscv32-esp-elf/lib/gcc/riscv32-esp-elf/13.2.0/rv32imc_zicsr_zifencei/ilp32]
  collapse library dir [/home/diego/.espressif/tools/riscv32-esp-elf/esp-13.2.0_20230928/riscv32-esp-elf/bin/../lib/gcc/riscv32-esp-elf/13.2.0/../../../../riscv32-esp-elf/lib/rv32imc_zicsr_zifencei/ilp32] ==> [/home/diego/.espressif/tools/riscv32-esp-elf/esp-13.2.0_20230928/riscv32-esp-elf/riscv32-esp-elf/lib/rv32imc_zicsr_zifencei/ilp32]
  collapse library dir [/home/diego/.espressif/tools/riscv32-esp-elf/esp-13.2.0_20230928/riscv32-esp-elf/bin/../lib/gcc/riscv32-esp-elf/13.2.0] ==> [/home/diego/.espressif/tools/riscv32-esp-elf/esp-13.2.0_20230928/riscv32-esp-elf/lib/gcc/riscv32-esp-elf/13.2.0]
  collapse library dir [/home/diego/.espressif/tools/riscv32-esp-elf/esp-13.2.0_20230928/riscv32-esp-elf/bin/../lib/gcc] ==> [/home/diego/.espressif/tools/riscv32-esp-elf/esp-13.2.0_20230928/riscv32-esp-elf/lib/gcc]
  collapse library dir [/home/diego/.espressif/tools/riscv32-esp-elf/esp-13.2.0_20230928/riscv32-esp-elf/bin/../lib/gcc/riscv32-esp-elf/13.2.0/../../../../riscv32-esp-elf/lib] ==> [/home/diego/.espressif/tools/riscv32-esp-elf/esp-13.2.0_20230928/riscv32-esp-elf/riscv32-esp-elf/lib]
  implicit libs: [gcc;c;nosys;c;gcc;gcc;c;nosys]
  implicit objs: []
  implicit dirs: [/home/diego/.espressif/tools/riscv32-esp-elf/esp-13.2.0_20230928/riscv32-esp-elf/lib/gcc/riscv32-esp-elf/13.2.0/rv32imc_zicsr_zifencei/ilp32;/home/diego/.espressif/tools/riscv32-esp-elf/esp-13.2.0_20230928/riscv32-esp-elf/riscv32-esp-elf/lib/rv32imc_zicsr_zifencei/ilp32;/home/diego/.espressif/tools/riscv32-esp-elf/esp-13.2.0_20230928/riscv32-esp-elf/lib/gcc/riscv32-esp-elf/13.2.0;/home/diego/.espressif/tools/riscv32-esp-elf/esp-13.2.0_20230928/riscv32-esp-elf/lib/gcc;/home/diego/.espressif/tools/riscv32-esp-elf/esp-13.2.0_20230928/riscv32-esp-elf/riscv32-esp-elf/lib]
  implicit fwks: []


Detecting CXX compiler ABI info compiled with the following output:
Change Dir: /home/diego/proyectos/_/viejo/cr_c/build/CMakeFiles/CMakeScratch/TryCompile-1JCUUh

Run Build Command(s):/usr/bin/ninja cmTC_5e0ee && [1/2] Building CXX object CMakeFiles/cmTC_5e0ee.dir/CMakeCXXCompilerABI.cpp.obj
Using built-in specs.
COLLECT_GCC=/home/diego/.espressif/tools/riscv32-esp-elf/esp-13.2.0_20230928/riscv32-esp-elf/bin/riscv32-esp-elf-g++
Target: riscv32-esp-elf
Configured with: /builds/idf/crosstool-NG/.build/riscv32-esp-elf/src/gcc/configure --build=x86_64-build_pc-linux-gnu --host=x86_64-build_pc-linux-gnu --target=riscv32-esp-elf --prefix=/builds/idf/crosstool-NG/builds/riscv32-esp-elf --exec_prefix=/builds/idf/crosstool-NG/builds/riscv32-esp-elf --with-local-prefix=/builds/idf/crosstool-NG/builds/riscv32-esp-elf/riscv32-esp-elf --with-headers=/builds/idf/crosstool-NG/builds/riscv32-esp-elf/riscv32-esp-elf/include --with-newlib --enable-threads=no --disable-shared --with-arch=rv32gc --with-abi=ilp32 --with-pkgversion='crosstool-NG esp-13.2.0_20230928' --disable-__cxa_atexit --enable-cxx-flags=-ffunction-sections --disable-libgomp --disable-libmudflap --disable-libmpx --disable-libssp --disable-libquadmath --disable-libquadmath-support --disable-libstdcxx-verbose --with-gmp=/builds/idf/crosstool-NG/.build/riscv32-esp-elf/buildtools --with-mpfr=/builds/idf/crosstool-NG/.build/riscv32-esp-elf/buildtools --with-mpc=/builds/idf/crosstool-NG/.build/riscv32-esp-elf/buildtools --with-isl=/builds/idf/crosstool-NG/.build/riscv32-esp-elf/buildtools --enable-lto --enable-target-optspace --without-long-double-128 --disable-nls --enable-multiarch --enable-languages=c,c++ --disable-libstdcxx-verbose --enable-threads=posix --enable-gcov-custom-rtio --enable-libstdcxx-time=yes
Thread model: posix
Supported LTO compression algorithms: zlib
gcc version 13.2.0 (crosstool-NG esp-13.2.0_20230928) 
COLLECT_GCC_OPTIONS='-march=rv32imc_zicsr_zifencei' '-v' '-o' 'CMakeFiles/cmTC_5e0ee.dir/CMakeCXXCompilerABI.cpp.obj' '-c' '-mabi=ilp32' '-misa-spec=20191213' '-march=rv32imc_zicsr_zifencei' '-dumpdir' 'CMakeFiles/cmTC_5e0ee.dir/'
 /home/diego/.espressif/tools/riscv32-esp-elf/esp-13.2.0_20230928/riscv32-esp-elf/bin/../libexec/gcc/riscv32-esp-elf/13.2.0/cc1plus -quiet -v -imultilib rv32imc_zicsr_zifencei/ilp32 -iprefix /home/diego/.espressif/tools/riscv32-esp-elf/esp-13.2.0_20230928/riscv32-esp-elf/bin/../lib/gcc/riscv32-esp-elf/13.2.0/ /usr/share/cmake-3.25/Modules/CMakeCXXCompilerABI.cpp -quiet -dumpdir CMakeFiles/cmTC_5e0ee.dir/ -dumpbase CMakeCXXCompilerABI.cpp.cpp -dumpbase-ext .cpp -march=rv32imc_zicsr_zifencei -mabi=ilp32 -misa-spec=20191213 -march=rv32imc_zicsr_zifencei -version -o /tmp/ccP6XLNM.s
GNU C++17 (crosstool-NG esp-13.2.0_20230928) version 13.2.0 (riscv32-esp-elf)
	compiled by GNU C version 4.9.2, GMP version 6.2.1, MPFR version 4.1.0, MPC version 1.2.1, isl version isl-0.24-GMP

GGC heuristics: --param ggc-min-expand=100 --param ggc-min-heapsize=131072
ignoring duplicate directory "/home/diego/.espressif/tools/riscv32-esp-elf/esp-13.2.0_20230928/riscv32-esp-elf/bin/../lib/gcc/../../lib/gcc/riscv32-esp-elf/13.2.0/../../../../riscv32-esp-elf/include/c++/13.2.0"
ignoring duplicate directory "/home/diego/.espressif/tools/riscv32-esp-elf/esp-13.2.0_20230928/riscv32-esp-elf/bin/../lib/gcc/../../lib/gcc/riscv32-esp-elf/13.2.0/../../../../riscv32-esp-elf/include/c++/13.2.0/riscv32-esp-elf/rv32imc_zicsr_zifencei/ilp32"
ignoring duplicate directory "/home/diego/.espressif/tools/riscv32-esp-elf/esp-13.2.0_20230928/riscv32-esp-elf/bin/../lib/gcc/../../lib/gcc/riscv32-esp-elf/13.2.0/../../../../riscv32-esp-elf/include/c++/13.2.0/backward"
ignoring duplicate directory "/home/diego/.espressif/tools/riscv32-esp-elf/esp-13.2.0_20230928/riscv32-esp-elf/bin/../lib/gcc/../../lib/gcc/riscv32-esp-elf/13.2.0/include"
ignoring duplicate directory "/home/diego/.espressif/tools/riscv32-esp-elf/esp-13.2.0_20230928/riscv32-esp-elf/bin/../lib/gcc/../../lib/gcc/riscv32-esp-elf/13.2.0/include-fixed"
ignoring duplicate directory "/home/diego/.espressif/tools/riscv32-esp-elf/esp-13.2.0_20230928/riscv32-esp-elf/bin/../lib/gcc/../../lib/gcc/riscv32-esp-elf/13.2.0/../../../../riscv32-esp-elf/sys-include"
ignoring duplicate directory "/home/diego/.espressif/tools/riscv32-esp-elf/esp-13.2.0_20230928/riscv32-esp-elf/bin/../lib/gcc/../../lib/gcc/riscv32-esp-elf/13.2.0/../../../../riscv32-esp-elf/include"
#include "..." search starts here:
#include <...> search starts here:
 /home/diego/.espressif/tools/riscv32-esp-elf/esp-13.2.0_20230928/riscv32-esp-elf/bin/../lib/gcc/riscv32-esp-elf/13.2.0/../../../../riscv32-esp-elf/include/c++/13.2.0
 /home/diego/.espressif/tools/riscv32-esp-elf/esp-13.2.0_20230928/riscv32-esp-elf/bin/../lib/gcc/riscv32-esp-elf/13.2.0/../../../../riscv32-esp-elf/include/c++/13.2.0/riscv32-esp-elf/rv32imc_zicsr_zifencei/ilp32
 /home/diego/.espressif/tools/riscv32-esp-elf/esp-13.2.0_20230928/riscv32-esp-elf/bin/../lib/gcc/riscv32-esp-elf/13.2.0/../../../../riscv32-esp-elf/include/c++/13.2.0/backward
 /home/diego/.espressif/tools/riscv32-esp-elf/esp-13.2.0_20230928/riscv32-esp-elf/bin/../lib/gcc/riscv32-esp-elf/13.2.0/include
 /home/diego/.espressif/tools/riscv32-esp-elf/esp-13.2.0_20230928/riscv32-esp-elf/bin/../lib/gcc/riscv32-esp-elf/13.2.0/include-fixed
 /home/diego/.espressif/tools/riscv32-esp-elf/esp-13.2.0_20230928/riscv32-esp-elf/bin/../lib/gcc/riscv32-esp-elf/13.2.0/../../../../riscv32-esp-elf/sys-include
 /home/diego/.espressif/tools/riscv32-esp-elf/esp-13.2.0_20230928/riscv32-esp-elf/bin/../lib/gcc/riscv32-esp-elf/13.2.0/../../../../riscv32-esp-elf/include
End of search list.
Compiler executable checksum: 2f922d80f93cca9f059a3573788cba06
COLLECT_GCC_OPTIONS='-march=rv32imc_zicsr_zifencei' '-v' '-o' 'CMakeFiles/cmTC_5e0ee.dir/CMakeCXXCompilerABI.cpp.obj' '-c' '-mabi=ilp32' '-misa-spec=20191213' '-march=rv32imc_zicsr_zifencei' '-dumpdir' 'CMakeFiles/cmTC_5e0ee.dir/'
 /home/diego/.espressif/tools/riscv32-esp-elf/esp-13.2.0_20230928/riscv32-esp-elf/bin/../lib/gcc/riscv32-esp-elf/13.2.0/../../../../riscv32-esp-elf/bin/as -v --traditional-format -march=rv32imc_zicsr_zifencei -march=rv32imc_zicsr_zifencei -mabi=ilp32 -misa-spec=20191213 -o CMakeFiles/cmTC_5e0ee.dir/CMakeCXXCompilerABI.cpp.obj /tmp/ccP6XLNM.s
GNU assembler version 2.41 (riscv32-esp-elf) using BFD version (crosstool-NG esp-13.2.0_20230928) 2.41
COMPILER_PATH=/home/diego/.espressif/tools/riscv32-esp-elf/esp-13.2.0_20230928/riscv32-esp-elf/bin/../libexec/gcc/riscv32-esp-elf/13.2.0/:/home/diego/.espressif/tools/riscv32-esp-elf/esp-13.2.0_20230928/riscv32-esp-elf/bin/../libexec/gcc/:/home/diego/.espressif/tools/riscv32-esp-elf/esp-13.2.0_20230928/riscv32-esp-elf/bin/../lib/gcc/riscv32-esp-elf/13.2.0/../../../../riscv32-esp-elf/bin/
LIBRARY_PATH=/home/diego/.espressif/tools/riscv32-esp-elf/esp-13.2.0_20230928/riscv32-esp-elf/bin/../lib/gcc/riscv32-esp-elf/13.2.0/rv32imc_zicsr_zifencei/ilp32/:/home/diego/.espressif/tools/riscv32-esp-elf/esp-13.2.0_20230928/riscv32-esp-elf/bin/../lib/gcc/riscv32-esp-elf/13.2.0/../../../../riscv32-esp-elf/lib/rv32imc_zicsr_zifencei/ilp32/:/home/diego/.espressif/tools/riscv32-esp-elf/esp-13.2.0_20230928/riscv32-esp-elf/bin/../lib/gcc/riscv32-esp-elf/13.2.0/:/home/diego/.espressif/tools/riscv32-esp-elf/esp-13.2.0_20230928/riscv32-esp-elf/bin/../lib/gcc/:/home/diego/.espressif/tools/riscv32-esp-elf/esp-13.2.0_20230928/riscv32-esp-elf/bin/../lib/gcc/riscv32-esp-elf/13.2.0/../../../../riscv32-esp-elf/lib/
COLLECT_GCC_OPTIONS='-march=rv32imc_zicsr_zifencei' '-v' '-o' 'CMakeFiles/cmTC_5e0ee.dir/CMakeCXXCompilerABI.cpp.obj' '-c' '-mabi=ilp32' '-misa-spec=20191213' '-march=rv32imc_zicsr_zifencei' '-dumpdir' 'CMakeFiles/cmTC_5e0ee.dir/CMakeCXXCompilerABI.cpp.'
[2/2] Linking CXX executable cmTC_5e0ee
Using built-in specs.
Reading specs from /home/diego/.espressif/tools/riscv32-esp-elf/esp-13.2.0_20230928/riscv32-esp-elf/bin/../lib/gcc/riscv32-esp-elf/13.2.0/../../../../riscv32-esp-elf/lib/nosys.specs
rename spec link_gcc_c_sequence to nosys_link_gcc_c_sequence
COLLECT_GCC=/home/diego/.espressif/tools/riscv32-esp-elf/esp-13.2.0_20230928/riscv32-esp-elf/bin/riscv32-esp-elf-g++
COLLECT_LTO_WRAPPER=/home/diego/.espressif/tools/riscv32-esp-elf/esp-13.2.0_20230928/riscv32-esp-elf/bin/../libexec/gcc/riscv32-esp-elf/13.2.0/lto-wrapper
Target: riscv32-esp-elf
Configured with: /builds/idf/crosstool-NG/.build/riscv32-esp-elf/src/gcc/configure --build=x86_64-build_pc-linux-gnu --host=x86_64-build_pc-linux-gnu --target=riscv32-esp-elf --prefix=/builds/idf/crosstool-NG/builds/riscv32-esp-elf --exec_prefix=/builds/idf/crosstool-NG/builds/riscv32-esp-elf --with-local-prefix=/builds/idf/crosstool-NG/builds/riscv32-esp-elf/riscv32-esp-elf --with-headers=/builds/idf/crosstool-NG/builds/riscv32-esp-elf/riscv32-esp-elf/include --with-newlib --enable-threads=no --disable-shared --with-arch=rv32gc --with-abi=ilp32 --with-pkgversion='crosstool-NG esp-13.2.0_20230928' --disable-__cxa_atexit --enable-cxx-flags=-ffunction-sections --disable-libgomp --disable-libmudflap --disable-libmpx --disable-libssp --disable-libquadmath --disable-libquadmath-support --disable-libstdcxx-verbose --with-gmp=/builds/idf/crosstool-NG/.build/riscv32-esp-elf/buildtools --with-mpfr=/builds/idf/crosstool-NG/.build/riscv32-esp-elf/buildtools --with-mpc=/builds/idf/crosstool-NG/.build/riscv32-esp-elf/buildtools --with-isl=/builds/idf/crosstool-NG/.build/riscv32-esp-elf/buildtools --enable-lto --enable-target-optspace --without-long-double-128 --disable-nls --enable-multiarch --enable-languages=c,c++ --disable-libstdcxx-verbose --enable-threads=posix --enable-gcov-custom-rtio --enable-libstdcxx-time=yes
Thread model: posix
Supported LTO compression algorithms: zlib
gcc version 13.2.0 (crosstool-NG esp-13.2.0_20230928) 
COMPILER_PATH=/home/diego/.espressif/tools/riscv32-esp-elf/esp-13.2.0_20230928/riscv32-esp-elf/bin/../libexec/gcc/riscv32-esp-elf/13.2.0/:/home/diego/.espressif/tools/riscv32-esp-elf/esp-13.2.0_20230928/riscv32-esp-elf/bin/../libexec/gcc/:/home/diego/.espressif/tools/riscv32-esp-elf/esp-13.2.0_20230928/riscv32-esp-elf/bin/../lib/gcc/riscv32-esp-elf/13.2.0/../../../../riscv32-esp-elf/bin/
LIBRARY_PATH=/home/diego/.espressif/tools/riscv32-esp-elf/esp-13.2.0_20230928/riscv32-esp-elf/bin/../lib/gcc/riscv32-esp-elf/13.2.0/rv32imc_zicsr_zifencei/ilp32/:/home/diego/.espressif/tools/riscv32-esp-elf/esp-13.2.0_20230928/riscv32-esp-elf/bin/../lib/gcc/riscv32-esp-elf/13.2.0/../../../../riscv32-esp-elf/lib/rv32imc_zicsr_zifencei/ilp32/:/home/diego/.espressif/tools/riscv32-esp-elf/esp-13.2.0_20230928/riscv32-esp-elf/bin/../lib/gcc/riscv32-esp-elf/13.2.0/:/home/diego/.espressif/tools/riscv32-esp-elf/esp-13.2.0_20230928/riscv32-esp-elf/bin/../lib/gcc/:/home/diego/.espressif/tools/riscv32-esp-elf/esp-13.2.0_20230928/riscv32-esp-elf/bin/../lib/gcc/riscv32-esp-elf/13.2.0/../../../../riscv32-esp-elf/lib/
COLLECT_GCC_OPTIONS='-nostartfiles' '-march=rv32imc_zicsr_zifencei' '-specs=nosys.specs' '-v' '-o' 'cmTC_5e0ee' '-mabi=ilp32' '-misa-spec=20191213' '-march=rv32imc_zicsr_zifencei' '-dumpdir' 'cmTC_5e0ee.'
 /home/diego/.espressif/tools/riscv32-esp-elf/esp-13.2.0_20230928/riscv32-esp-elf/bin/../libexec/gcc/riscv32-esp-elf/13.2.0/collect2 -plugin /home/diego/.espressif/tools/riscv32-esp-elf/esp-13.2.0_20230928/riscv32-esp-elf/bin/../libexec/gcc/riscv32-esp-elf/13.2.0/liblto_plugin.so -plugin-opt=/home/diego/.espressif/tools/riscv32-esp-elf/esp-13.2.0_20230928/riscv32-esp-elf/bin/../libexec/gcc/riscv32-esp-elf/13.2.0/lto-wrapper -plugin-opt=-fresolution=/tmp/ccIw3vYn.res -plugin-opt=-pass-through=-lgcc -plugin-opt=-pass-through=-lc -plugin-opt=-pass-through=-lnosys -plugin-opt=-pass-through=-lc -plugin-opt=-pass-through=-lgcc -plugin-opt=-pass-through=-lgcc -plugin-opt=-pass-through=-lc -plugin-opt=-pass-through=-lnosys -melf32lriscv -o cmTC_5e0ee -L/home/diego/.espressif/tools/riscv32-esp-elf/esp-13.2.0_20230928/riscv32-esp-elf/bin/../lib/gcc/riscv32-esp-elf/13.2.0/rv32imc_zicsr_zifencei/ilp32 -L/home/diego/.espressif/tools/riscv32-esp-elf/esp-13.2.0_20230928/riscv32-esp-elf/bin/../lib/gcc/riscv32-esp-elf/13.2.0/../../../../riscv32-esp-elf/lib/rv32imc_zicsr_zifencei/ilp32 -L/home/diego/.espressif/tools/riscv32-esp-elf/esp-13.2.0_20230928/riscv32-esp-elf/bin/../lib/gcc/riscv32-esp-elf/13.2.0 -L/home/diego/.espressif/tools/riscv32-esp-elf/esp-13.2.0_20230928/riscv32-esp-elf/bin/../lib/gcc -L/home/diego/.espressif/tools/riscv32-esp-elf/esp-13.2.0_20230928/riscv32-esp-elf/bin/../lib/gcc/riscv32-esp-elf/13.2.0/../../../../riscv32-esp-elf/lib CMakeFiles/cmTC_5e0ee.dir/CMakeCXXCompilerABI.cpp.obj -lstdc++ -lm -lgcc -lc -lnosys -lc -lgcc --start-group -lgcc -lc -lnosys --end-group
/home/diego/.espressif/tools/riscv32-esp-elf/esp-13.2.0_20230928/riscv32-esp-elf/bin/../lib/gcc/riscv32-esp-elf/13.2.0/../../../../riscv32-esp-elf/bin/ld: warning: cannot find entry symbol _start; defaulting to 00010074
COLLECT_GCC_OPTIONS='-nostartfiles' '-march=rv32imc_zicsr_zifencei' '-specs=nosys.specs' '-v' '-o' 'cmTC_5e0ee' '-mabi=ilp32' '-misa-spec=20191213' '-march=rv32imc_zicsr_zifencei' '-dumpdir' 'cmTC_5e0ee.'



Parsed CXX implicit include dir info from above output: rv=done
  found start of include info
  found start of implicit include info
    add: [/home/diego/.espressif/tools/riscv32-esp-elf/esp-13.2.0_20230928/riscv32-esp-elf/bin/../lib/gcc/riscv32-esp-elf/13.2.0/../../../../riscv32-esp-elf/include/c++/13.2.0]
    add: [/home/diego/.espressif/tools/riscv32-esp-elf/esp-13.2.0_20230928/riscv32-esp-elf/bin/../lib/gcc/riscv32-esp-elf/13.2.0/../../../../riscv32-esp-elf/include/c++/13.2.0/riscv32-esp-elf/rv32imc_zicsr_zifencei/ilp32]
    add: [/home/diego/.espressif/tools/riscv32-esp-elf/esp-13.2.0_20230928/riscv32-esp-elf/bin/../lib/gcc/riscv32-esp-elf/13.2.0/../../../../riscv32-esp-elf/include/c++/13.2.0/backward]
    add: [/home/diego/.espressif/tools/riscv32-esp-elf/esp-13.2.0_20230928/riscv32-esp-elf/bin/../lib/gcc/riscv32-esp-elf/13.2.0/include]
    add: [/home/diego/.espressif/tools/riscv32-esp-elf/esp-13.2.0_20230928/riscv32-esp-elf/bin/../lib/gcc/riscv32-esp-elf/13.2.0/include-fixed]
    add: [/home/diego/.espressif/tools/riscv32-esp-elf/esp-13.2.0_20230928/riscv32-esp-elf/bin/../lib/gcc/riscv32-esp-elf/13.2.0/../../../../riscv32-esp-elf/sys-include]
    add: [/home/diego/.espressif/tools/riscv32-esp-elf/esp-13.2.0_20230928/riscv32-esp-elf/bin/../lib/gcc/riscv32-esp-elf/13.2.0/../../../../riscv32-esp-elf/include]
  end of search list found
  collapse include dir [/home/diego/.espressif/tools/riscv32-esp-elf/esp-13.2.0_20230928/riscv32-esp-elf/bin/../lib/gcc/riscv32-esp-elf/13.2.0/../../../../riscv32-esp-elf/include/c++/13.2.0] ==> [/home/diego/.espressif/tools/riscv32-esp-elf/esp-13.2.0_20230928/riscv32-esp-elf/riscv32-esp-elf/include/c++/13.2.0]
  collapse include dir [/home/diego/.espressif/tools/riscv32-esp-elf/esp-13.2.0_20230928/riscv32-esp-elf/bin/../lib/gcc/riscv32-esp-elf/13.2.0/../../../../riscv32-esp-elf/include/c++/13.2.0/riscv32-esp-elf/rv32imc_zicsr_zifencei/ilp32] ==> [/home/diego/.espressif/tools/riscv32-esp-elf/esp-13.2.0_20230928/riscv32-esp-elf/riscv32-esp-elf/include/c++/13.2.0/riscv32-esp-elf/rv32imc_zicsr_zifencei/ilp32]
  collapse include dir [/home/diego/.espressif/tools/riscv32-esp-elf/esp-13.2.0_20230928/riscv32-esp-elf/bin/../lib/gcc/riscv32-esp-elf/13.2.0/../../../../riscv32-esp-elf/include/c++/13.2.0/backward] ==> [/home/diego/.espressif/tools/riscv32-esp-elf/esp-13.2.0_20230928/riscv32-esp-elf/riscv32-esp-elf/include/c++/13.2.0/backward]
  collapse include dir [/home/diego/.espressif/tools/riscv32-esp-elf/esp-13.2.0_20230928/riscv32-esp-elf/bin/../lib/gcc/riscv32-esp-elf/13.2.0/include] ==> [/home/diego/.espressif/tools/riscv32-esp-elf/esp-13.2.0_20230928/riscv32-esp-elf/lib/gcc/riscv32-esp-elf/13.2.0/include]
  collapse include dir [/home/diego/.espressif/tools/riscv32-esp-elf/esp-13.2.0_20230928/riscv32-esp-elf/bin/../lib/gcc/riscv32-esp-elf/13.2.0/include-fixed] ==> [/home/diego/.espressif/tools/riscv32-esp-elf/esp-13.2.0_20230928/riscv32-esp-elf/lib/gcc/riscv32-esp-elf/13.2.0/include-fixed]
  collapse include dir [/home/diego/.espressif/tools/riscv32-esp-elf/esp-13.2.0_20230928/riscv32-esp-elf/bin/../lib/gcc/riscv32-esp-elf/13.2.0/../../../../riscv32-esp-elf/sys-include] ==> [/home/diego/.espressif/tools/riscv32-esp-elf/esp-13.2.0_20230928/riscv32-esp-elf/riscv32-esp-elf/sys-include]
  collapse include dir [/home/diego/.espressif/tools/riscv32-esp-elf/esp-13.2.0_20230928/riscv32-esp-elf/bin/../lib/gcc/riscv32-esp-elf/13.2.0/../../../../riscv32-esp-elf/include] ==> [/home/diego/.espressif/tools/riscv32-esp-elf/esp-13.2.0_20230928/riscv32-esp-elf/riscv32-esp-elf/include]
  implicit include dirs: [/home/diego/.espressif/tools/riscv32-esp-elf/esp-13.2.0_20230928/riscv32-esp-elf/riscv32-esp-elf/include/c++/13.2.0;/home/diego/.espressif/tools/riscv32-esp-elf/esp-13.2.0_20230928/riscv32-esp-elf/riscv32-esp-elf/include/c++/13.2.0/riscv32-esp-elf/rv32imc_zicsr_zifencei/ilp32;/home/diego/.espressif/tools/riscv32-esp-elf/esp-13.2.0_20230928/riscv32-esp-elf/riscv32-esp-elf/include/c++/13.2.0/backward;/home/diego/.espressif/tools/riscv32-esp-elf/esp-13.2.0_20230928/riscv32-esp-elf/lib/gcc/riscv32-esp-elf/13.2.0/include;/home/diego/.espressif/tools/riscv32-esp-elf/esp-13.2.0_20230928/riscv32-esp-elf/lib/gcc/riscv32-esp-elf/13.2.0/include-fixed;/home/diego/.espressif/tools/riscv32-esp-elf/esp-13.2.0_20230928/riscv32-esp-elf/riscv32-esp-elf/sys-include;/home/diego/.espressif/tools/riscv32-esp-elf/esp-13.2.0_20230928/riscv32-esp-elf/riscv32-esp-elf/include]


Parsed CXX implicit link information from above output:
  link line regex: [^( *|.*[/\])(riscv32-esp-elf-ld|CMAKE_LINK_STARTFILE-NOTFOUND|([^/\]+-)?ld|collect2)[^/\]*( |$)]
  ignore line: [Change Dir: /home/diego/proyectos/_/viejo/cr_c/build/CMakeFiles/CMakeScratch/TryCompile-1JCUUh]
  ignore line: []
  ignore line: [Run Build Command(s):/usr/bin/ninja cmTC_5e0ee && [1/2] Building CXX object CMakeFiles/cmTC_5e0ee.dir/CMakeCXXCompilerABI.cpp.obj]
  ignore line: [Using built-in specs.]
  ignore line: [COLLECT_GCC=/home/diego/.espressif/tools/riscv32-esp-elf/esp-13.2.0_20230928/riscv32-esp-elf/bin/riscv32-esp-elf-g++]
  ignore line: [Target: riscv32-esp-elf]
  ignore line: [Configured with: /builds/idf/crosstool-NG/.build/riscv32-esp-elf/src/gcc/configure --build=x86_64-build_pc-linux-gnu --host=x86_64-build_pc-linux-gnu --target=riscv32-esp-elf --prefix=/builds/idf/crosstool-NG/builds/riscv32-esp-elf --exec_prefix=/builds/idf/crosstool-NG/builds/riscv32-esp-elf --with-local-prefix=/builds/idf/crosstool-NG/builds/riscv32-esp-elf/riscv32-esp-elf --with-headers=/builds/idf/crosstool-NG/builds/riscv32-esp-elf/riscv32-esp-elf/include --with-newlib --enable-threads=no --disable-shared --with-arch=rv32gc --with-abi=ilp32 --with-pkgversion='crosstool-NG esp-13.2.0_20230928' --disable-__cxa_atexit --enable-cxx-flags=-ffunction-sections --disable-libgomp --disable-libmudflap --disable-libmpx --disable-libssp --disable-libquadmath --disable-libquadmath-support --disable-libstdcxx-verbose --with-gmp=/builds/idf/crosstool-NG/.build/riscv32-esp-elf/buildtools --with-mpfr=/builds/idf/crosstool-NG/.build/riscv32-esp-elf/buildtools --with-mpc=/builds/idf/crosstool-NG/.build/riscv32-esp-elf/buildtools --with-isl=/builds/idf/crosstool-NG/.build/riscv32-esp-elf/buildtools --enable-lto --enable-target-optspace --without-long-double-128 --disable-nls --enable-multiarch --enable-languages=c c++ --disable-libstdcxx-verbose --enable-threads=posix --enable-gcov-custom-rtio --enable-libstdcxx-time=yes]
  ignore line: [Thread model: posix]
  ignore line: [Supported LTO compression algorithms: zlib]
  ignore line: [gcc version 13.2.0 (crosstool-NG esp-13.2.0_20230928) ]
  ignore line: [COLLECT_GCC_OPTIONS='-march=rv32imc_zicsr_zifencei' '-v' '-o' 'CMakeFiles/cmTC_5e0ee.dir/CMakeCXXCompilerABI.cpp.obj' '-c' '-mabi=ilp32' '-misa-spec=20191213' '-march=rv32imc_zicsr_zifencei' '-dumpdir' 'CMakeFiles/cmTC_5e0ee.dir/']
  ignore line: [ /home/diego/.espressif/tools/riscv32-esp-elf/esp-13.2.0_20230928/riscv32-esp-elf/bin/../libexec/gcc/riscv32-esp-elf/13.2.0/cc1plus -quiet -v -imultilib rv32imc_zicsr_zifencei/ilp32 -iprefix /home/diego/.espressif/tools/riscv32-esp-elf/esp-13.2.0_20230928/riscv32-esp-elf/bin/../lib/gcc/riscv32-esp-elf/13.2.0/ /usr/share/cmake-3.25/Modules/CMakeCXXCompilerABI.cpp -quiet -dumpdir CMakeFiles/cmTC_5e0ee.dir/ -dumpbase CMakeCXXCompilerABI.cpp.cpp -dumpbase-ext .cpp -march=rv32imc_zicsr_zifencei -mabi=ilp32 -misa-spec=20191213 -march=rv32imc_zicsr_zifencei -version -o /tmp/ccP6XLNM.s]
  ignore line: [GNU C++17 (crosstool-NG esp-13.2.0_20230928) version 13.2.0 (riscv32-esp-elf)]
  ignore line: [	compiled by GNU C version 4.9.2  GMP version 6.2.1  MPFR version 4.1.0  MPC version 1.2.1  isl version isl-0.24-GMP]
  ignore line: []
  ignore line: [GGC heuristics: --param ggc-min-expand=100 --param ggc-min-heapsize=131072]
  ignore line: [ignoring duplicate directory "/home/diego/.espressif/tools/riscv32-esp-elf/esp-13.2.0_20230928/riscv32-esp-elf/bin/../lib/gcc/../../lib/gcc/riscv32-esp-elf/13.2.0/../../../../riscv32-esp-elf/include/c++/13.2.0"]
  ignore line: [ignoring duplicate directory "/home/diego/.espressif/tools/riscv32-esp-elf/esp-13.2.0_20230928/riscv32-esp-elf/bin/../lib/gcc/../../lib/gcc/riscv32-esp-elf/13.2.0/../../../../riscv32-esp-elf/include/c++/13.2.0/riscv32-esp-elf/rv32imc_zicsr_zifencei/ilp32"]
  ignore line: [ignoring duplicate directory "/home/diego/.espressif/tools/riscv32-esp-elf/esp-13.2.0_20230928/riscv32-esp-elf/bin/../lib/gcc/../../lib/gcc/riscv32-esp-elf/13.2.0/../../../../riscv32-esp-elf/include/c++/13.2.0/backward"]
  ignore line: [ignoring duplicate directory "/home/diego/.espressif/tools/riscv32-esp-elf/esp-13.2.0_20230928/riscv32-esp-elf/bin/../lib/gcc/../../lib/gcc/riscv32-esp-elf/13.2.0/include"]
  ignore line: [ignoring duplicate directory "/home/diego/.espressif/tools/riscv32-esp-elf/esp-13.2.0_20230928/riscv32-esp-elf/bin/../lib/gcc/../../lib/gcc/riscv32-esp-elf/13.2.0/include-fixed"]
  ignore line: [ignoring duplicate directory "/home/diego/.espressif/tools/riscv32-esp-elf/esp-13.2.0_20230928/riscv32-esp-elf/bin/../lib/gcc/../../lib/gcc/riscv32-esp-elf/13.2.0/../../../../riscv32-esp-elf/sys-include"]
  ignore line: [ignoring duplicate directory "/home/diego/.espressif/tools/riscv32-esp-elf/esp-13.2.0_20230928/riscv32-esp-elf/bin/../lib/gcc/../../lib/gcc/riscv32-esp-elf/13.2.0/../../../../riscv32-esp-elf/include"]
  ignore line: [#include "..." search starts here:]
  ignore line: [#include <...> search starts here:]
  ignore line: [ /home/diego/.espressif/tools/riscv32-esp-elf/esp-13.2.0_20230928/riscv32-esp-elf/bin/../lib/gcc/riscv32-esp-elf/13.2.0/../../../../riscv32-esp-elf/include/c++/13.2.0]
  ignore line: [ /home/diego/.espressif/tools/riscv32-esp-elf/esp-13.2.0_20230928/riscv32-esp-elf/bin/../lib/gcc/riscv32-esp-elf/13.2.0/../../../../riscv32-esp-elf/include/c++/13.2.0/riscv32-esp-elf/rv32imc_zicsr_zifencei/ilp32]
  ignore line: [ /home/diego/.espressif/tools/riscv32-esp-elf/esp-13.2.0_20230928/riscv32-esp-elf/bin/../lib/gcc/riscv32-esp-elf/13.2.0/../../../../riscv32-esp-elf/include/c++/13.2.0/backward]
  ignore line: [ /home/diego/.espressif/tools/riscv32-esp-elf/esp-13.2.0_20230928/riscv32-esp-elf/bin/../lib/gcc/riscv32-esp-elf/13.2.0/include]
  ignore line: [ /home/diego/.espressif/tools/riscv32-esp-elf/esp-13.2.0_20230928/riscv32-esp-elf/bin/../lib/gcc/riscv32-esp-elf/13.2.0/include-fixed]
  ignore line: [ /home/diego/.espressif/tools/riscv32-esp-elf/esp-13.2.0_20230928/riscv32-esp-elf/bin/../lib/gcc/riscv32-esp-elf/13.2.0/../../../../riscv32-esp-elf/sys-include]
  ignore line: [ /home/diego/.espressif/tools/riscv32-esp-elf/esp-13.2.0_20230928/riscv32-esp-elf/bin/../lib/gcc/riscv32-esp-elf/13.2.0/../../../../riscv32-esp-elf/include]
  ignore line: [End of search list.]
  ignore line: [Compiler executable checksum: 2f922d80f93cca9f059a3573788cba06]
  ignore line: [COLLECT_GCC_OPTIONS='-march=rv32imc_zicsr_zifencei' '-v' '-o' 'CMakeFiles/cmTC_5e0ee.dir/CMakeCXXCompilerABI.cpp.obj' '-c' '-mabi=ilp32' '-misa-spec=20191213' '-march=rv32imc_zicsr_zifencei' '-dumpdir' 'CMakeFiles/cmTC_5e0ee.dir/']
  ignore line: [ /home/diego/.espressif/tools/riscv32-esp-elf/esp-13.2.0_20230928/riscv32-esp-elf/bin/../lib/gcc/riscv32-esp-elf/13.2.0/../../../../riscv32-esp-elf/bin/as -v --traditional-format -march=rv32imc_zicsr_zifencei -march=rv32imc_zicsr_zifencei -mabi=ilp32 -misa-spec=20191213 -o CMakeFiles/cmTC_5e0ee.dir/CMakeCXXCompilerABI.cpp.obj /tmp/ccP6XLNM.s]
  ignore line: [GNU assembler version 2.41 (riscv32-esp-elf) using BFD version (crosstool-NG esp-13.2.0_20230928) 2.41]
  ignore line: [COMPILER_PATH=/home/diego/.espressif/tools/riscv32-esp-elf/esp-13.2.0_20230928/riscv32-esp-elf/bin/../libexec/gcc/riscv32-esp-elf/13.2.0/:/home/diego/.espressif/tools/riscv32-esp-elf/esp-13.2.0_20230928/riscv32-esp-elf/bin/../libexec/gcc/:/home/diego/.espressif/tools/riscv32-esp-elf/esp-13.2.0_20230928/riscv32-esp-elf/bin/../lib/gcc/riscv32-esp-elf/13.2.0/../../../../riscv32-esp-elf/bin/]
  ignore line: [LIBRARY_PATH=/home/diego/.espressif/tools/riscv32-esp-elf/esp-13.2.0_20230928/riscv32-esp-elf/bin/../lib/gcc/riscv32-esp-elf/13.2.0/rv32imc_zicsr_zifencei/ilp32/:/home/diego/.espressif/tools/riscv32-esp-elf/esp-13.2.0_20230928/riscv32-esp-elf/bin/../lib/gcc/riscv32-esp-elf/13.2.0/../../../../riscv32-esp-elf/lib/rv32imc_zicsr_zifencei/ilp32/:/home/diego/.espressif/tools/riscv32-esp-elf/esp-13.2.0_20230928/riscv32-esp-elf/bin/../lib/gcc/riscv32-esp-elf/13.2.0/:/home/diego/.espressif/tools/riscv32-esp-elf/esp-13.2.0_20230928/riscv32-esp-elf/bin/../lib/gcc/:/home/diego/.espressif/tools/riscv32-esp-elf/esp-13.2.0_20230928/riscv32-esp-elf/bin/../lib/gcc/riscv32-esp-elf/13.2.0/../../../../riscv32-esp-elf/lib/]
  ignore line: [COLLECT_GCC_OPTIONS='-march=rv32imc_zicsr_zifencei' '-v' '-o' 'CMakeFiles/cmTC_5e0ee.dir/CMakeCXXCompilerABI.cpp.obj' '-c' '-mabi=ilp32' '-misa-spec=20191213' '-march=rv32imc_zicsr_zifencei' '-dumpdir' 'CMakeFiles/cmTC_5e0ee.dir/CMakeCXXCompilerABI.cpp.']
  ignore line: [[2/2] Linking CXX executable cmTC_5e0ee]
  ignore line: [Using built-in specs.]
  ignore line: [Reading specs from /home/diego/.espressif/tools/riscv32-esp-elf/esp-13.2.0_20230928/riscv32-esp-elf/bin/../lib/gcc/riscv32-esp-elf/13.2.0/../../../../riscv32-esp-elf/lib/nosys.specs]
  ignore line: [rename spec link_gcc_c_sequence to nosys_link_gcc_c_sequence]
  ignore line: [COLLECT_GCC=/home/diego/.espressif/tools/riscv32-esp-elf/esp-13.2.0_20230928/riscv32-esp-elf/bin/riscv32-esp-elf-g++]
  ignore line: [COLLECT_LTO_WRAPPER=/home/diego/.espressif/tools/riscv32-esp-elf/esp-13.2.0_20230928/riscv32-esp-elf/bin/../libexec/gcc/riscv32-esp-elf/13.2.0/lto-wrapper]
  ignore line: [Target: riscv32-esp-elf]
  ignore line: [Configured with: /builds/idf/crosstool-NG/.build/riscv32-esp-elf/src/gcc/configure --build=x86_64-build_pc-linux-gnu --host=x86_64-build_pc-linux-gnu --target=riscv32-esp-elf --prefix=/builds/idf/crosstool-NG/builds/riscv32-esp-elf --exec_prefix=/builds/idf/crosstool-NG/builds/riscv32-esp-elf --with-local-prefix=/builds/idf/crosstool-NG/builds/riscv32-esp-elf/riscv32-esp-elf --with-headers=/builds/idf/crosstool-NG/builds/riscv32-esp-elf/riscv32-esp-elf/include --with-newlib --enable-threads=no --disable-shared --with-arch=rv32gc --with-abi=ilp32 --with-pkgversion='crosstool-NG esp-13.2.0_20230928' --disable-__cxa_atexit --enable-cxx-flags=-ffunction-sections --disable-libgomp --disable-libmudflap --disable-libmpx --disable-libssp --disable-libquadmath --disable-libquadmath-support --disable-libstdcxx-verbose --with-gmp=/builds/idf/crosstool-NG/.build/riscv32-esp-elf/buildtools --with-mpfr=/builds/idf/crosstool-NG/.build/riscv32-esp-elf/buildtools --with-mpc=/builds/idf/crosstool-NG/.build/riscv32-esp-elf/buildtools --with-isl=/builds/idf/crosstool-NG/.build/riscv32-esp-elf/buildtools --enable-lto --enable-target-optspace --without-long-double-128 --disable-nls --enable-multiarch --enable-languages=c c++ --disable-libstdcxx-verbose --enable-threads=posix --enable-gcov-custom-rtio --enable-libstdcxx-time=yes]
  ignore line: [Thread model: posix]
  ignore line: [Supported LTO compression algorithms: zlib]
  ignore line: [gcc version 13.2.0 (crosstool-NG esp-13.2.0_20230928) ]
  ignore line: [COMPILER_PATH=/home/diego/.espressif/tools/riscv32-esp-elf/esp-13.2.0_20230928/riscv32-esp-elf/bin/../libexec/gcc/riscv32-esp-elf/13.2.0/:/home/diego/.espressif/tools/riscv32-esp-elf/esp-13.2.0_20230928/riscv32-esp-elf/bin/../libexec/gcc/:/home/diego/.espressif/tools/riscv32-esp-elf/esp-13.2.0_20230928/riscv32-esp-elf/bin/../lib/gcc/riscv32-esp-elf/13.2.0/../../../../riscv32-esp-elf/bin/]
  ignore line: [LIBRARY_PATH=/home/diego/.espressif/tools/riscv32-esp-elf/esp-13.2.0_20230928/riscv32-esp-elf/bin/../lib/gcc/riscv32-esp-elf/13.2.0/rv32imc_zicsr_zifencei/ilp32/:/home/diego/.espressif/tools/riscv32-esp-elf/esp-13.2.0_20230928/riscv32-esp-elf/bin/../lib/gcc/riscv32-esp-elf/13.2.0/../../../../riscv32-esp-elf/lib/rv32imc_zicsr_zifencei/ilp32/:/home/diego/.espressif/tools/riscv32-esp-elf/esp-13.2.0_20230928/riscv32-esp-elf/bin/../lib/gcc/riscv32-esp-elf/13.2.0/:/home/diego/.espressif/tools/riscv32-esp-elf/esp-13.2.0_20230928/riscv32-esp-elf/bin/../lib/gcc/:/home/diego/.espressif/tools/riscv32-esp-elf/esp-13.2.0_20230928/riscv32-esp-elf/bin/../lib/gcc/riscv32-esp-elf/13.2.0/../../../../riscv32-esp-elf/lib/]
  ignore line: [COLLECT_GCC_OPTIONS='-nostartfiles' '-march=rv32imc_zicsr_zifencei' '-specs=nosys.specs' '-v' '-o' 'cmTC_5e0ee' '-mabi=ilp32' '-misa-spec=20191213' '-march=rv32imc_zicsr_zifencei' '-dumpdir' 'cmTC_5e0ee.']
  link line: [ /home/diego/.espressif/tools/riscv32-esp-elf/esp-13.2.0_20230928/riscv32-esp-elf/bin/../libexec/gcc/riscv32-esp-elf/13.2.0/collect2 -plugin /home/diego/.espressif/tools/riscv32-esp-elf/esp-13.2.0_20230928/riscv32-esp-elf/bin/../libexec/gcc/riscv32-esp-elf/13.2.0/liblto_plugin.so -plugin-opt=/home/diego/.espressif/tools/riscv32-esp-elf/esp-13.2.0_20230928/riscv32-esp-elf/bin/../libexec/gcc/riscv32-esp-elf/13.2.0/lto-wrapper -plugin-opt=-fresolution=/tmp/ccIw3vYn.res -plugin-opt=-pass-through=-lgcc -plugin-opt=-pass-through=-lc -plugin-opt=-pass-through=-lnosys -plugin-opt=-pass-through=-lc -plugin-opt=-pass-through=-lgcc -plugin-opt=-pass-through=-lgcc -plugin-opt=-pass-through=-lc -plugin-opt=-pass-through=-lnosys -melf32lriscv -o cmTC_5e0ee -L/home/diego/.espressif/tools/riscv32-esp-elf/esp-13.2.0_20230928/riscv32-esp-elf/bin/../lib/gcc/riscv32-esp-elf/13.2.0/rv32imc_zicsr_zifencei/ilp32 -L/home/diego/.espressif/tools/riscv32-esp-elf/esp-13.2.0_20230928/riscv32-esp-elf/bin/../lib/gcc/riscv32-esp-elf/13.2.0/../../../../riscv32-esp-elf/lib/rv32imc_zicsr_zifencei/ilp32 -L/home/diego/.espressif/tools/riscv32-esp-elf/esp-13.2.0_20230928/riscv32-esp-elf/bin/../lib/gcc/riscv32-esp-elf/13.2.0 -L/home/diego/.espressif/tools/riscv32-esp-elf/esp-13.2.0_20230928/riscv32-esp-elf/bin/../lib/gcc -L/home/diego/.espressif/tools/riscv32-esp-elf/esp-13.2.0_20230928/riscv32-esp-elf/bin/../lib/gcc/riscv32-esp-elf/13.2.0/../../../../riscv32-esp-elf/lib CMakeFiles/cmTC_5e0ee.dir/CMakeCXXCompilerABI.cpp.obj -lstdc++ -lm -lgcc -lc -lnosys -lc -lgcc --start-group -lgcc -lc -lnosys --end-group]
    arg [/home/diego/.espressif/tools/riscv32-esp-elf/esp-13.2.0_20230928/riscv32-esp-elf/bin/../libexec/gcc/riscv32-esp-elf/13.2.0/collect2] ==> ignore
    arg [-plugin] ==> ignore
    arg [/home/diego/.espressif/tools/riscv32-esp-elf/esp-13.2.0_20230928/riscv32-esp-elf/bin/../libexec/gcc/riscv32-esp-elf/13.2.0/liblto_plugin.so] ==> ignore
    arg [-plugin-opt=/home/diego/.espressif/tools/riscv32-esp-elf/esp-13.2.0_20230928/riscv32-esp-elf/bin/../libexec/gcc/riscv32-esp-elf/13.2.0/lto-wrapper] ==> ignore
    arg [-plugin-opt=-fresolution=/tmp/ccIw3vYn.res] ==> ignore
    arg [-plugin-opt=-pass-through=-lgcc] ==> ignore
    arg [-plugin-opt=-pass-through=-lc] ==> ignore
    arg [-plugin-opt=-pass-through=-lnosys] ==> ignore
    arg [-plugin-opt=-pass-through=-lc] ==> ignore
    arg [-plugin-opt=-pass-through=-lgcc] ==> ignore
    arg [-plugin-opt=-pass-through=-lgcc] ==> ignore
    arg [-plugin-opt=-pass-through=-lc] ==> ignore
    arg [-plugin-opt=-pass-through=-lnosys] ==> ignore
    arg [-melf32lriscv] ==> ignore
    arg [-o] ==> ignore
    arg [cmTC_5e0ee] ==> ignore
    arg [-L/home/diego/.espressif/tools/riscv32-esp-elf/esp-13.2.0_20230928/riscv32-esp-elf/bin/../lib/gcc/riscv32-esp-elf/13.2.0/rv32imc_zicsr_zifencei/ilp32] ==> dir [/home/diego/.espressif/tools/riscv32-esp-elf/esp-13.2.0_20230928/riscv32-esp-elf/bin/../lib/gcc/riscv32-esp-elf/13.2.0/rv32imc_zicsr_zifencei/ilp32]
    arg [-L/home/diego/.espressif/tools/riscv32-esp-elf/esp-13.2.0_20230928/riscv32-esp-elf/bin/../lib/gcc/riscv32-esp-elf/13.2.0/../../../../riscv32-esp-elf/lib/rv32imc_zicsr_zifencei/ilp32] ==> dir [/home/diego/.espressif/tools/riscv32-esp-elf/esp-13.2.0_20230928/riscv32-esp-elf/bin/../lib/gcc/riscv32-esp-elf/13.2.0/../../../../riscv32-esp-elf/lib/rv32imc_zicsr_zifencei/ilp32]
    arg [-L/home/diego/.espressif/tools/riscv32-esp-elf/esp-13.2.0_20230928/riscv32-esp-elf/bin/../lib/gcc/riscv32-esp-elf/13.2.0] ==> dir [/home/diego/.espressif/tools/riscv32-esp-elf/esp-13.2.0_20230928/riscv32-esp-elf/bin/../lib/gcc/riscv32-esp-elf/13.2.0]
    arg [-L/home/diego/.espressif/tools/riscv32-esp-elf/esp-13.2.0_20230928/riscv32-esp-elf/bin/../lib/gcc] ==> dir [/home/diego/.espressif/tools/riscv32-esp-elf/esp-13.2.0_20230928/riscv32-esp-elf/bin/../lib/gcc]
    arg [-L/home/diego/.espressif/tools/riscv32-esp-elf/esp-13.2.0_20230928/riscv32-esp-elf/bin/../lib/gcc/riscv32-esp-elf/13.2.0/../../../../riscv32-esp-elf/lib] ==> dir [/home/diego/.espressif/tools/riscv32-esp-elf/esp-13.2.0_20230928/riscv32-esp-elf/bin/../lib/gcc/riscv32-esp-elf/13.2.0/../../../../riscv32-esp-elf/lib]
    arg [CMakeFiles/cmTC_5e0ee.dir/CMakeCXXCompilerABI.cpp.obj] ==> ignore
    arg [-lstdc++] ==> lib [stdc++]
    arg [-lm] ==> lib [m]
    arg [-lgcc] ==> lib [gcc]
    arg [-lc] ==> lib [c]
    arg [-lnosys] ==> lib [nosys]
    arg [-lc] ==> lib [c]
    arg [-lgcc] ==> lib [gcc]
    arg [--start-group] ==> ignore
    arg [-lgcc] ==> lib [gcc]
    arg [-lc] ==> lib [c]
    arg [-lnosys] ==> lib [nosys]
    arg [--end-group] ==> ignore
  collapse library dir [/home/diego/.espressif/tools/riscv32-esp-elf/esp-13.2.0_20230928/riscv32-esp-elf/bin/../lib/gcc/riscv32-esp-elf/13.2.0/rv32imc_zicsr_zifencei/ilp32] ==> [/home/diego/.espressif/tools/riscv32-esp-elf/esp-13.2.0_20230928/riscv32-esp-elf/lib/gcc/riscv32-esp-elf/13.2.0/rv32imc_zicsr_zifencei/ilp32]
  collapse library dir [/home/diego/.espressif/tools/riscv32-esp-elf/esp-13.2.0_20230928/riscv32-esp-elf/bin/../lib/gcc/riscv32-esp-elf/13.2.0/../../../../riscv32-esp-elf/lib/rv32imc_zicsr_zifencei/ilp32] ==> [/home/diego/.espressif/tools/riscv32-esp-elf/esp-13.2.0_20230928/riscv32-esp-elf/riscv32-esp-elf/lib/rv32imc_zicsr_zifencei/ilp32]
  collapse library dir [/home/diego/.espressif/tools/riscv32-esp-elf/esp-13.2.0_20230928/riscv32-esp-elf/bin/../lib/gcc/riscv32-esp-elf/13.2.0] ==> [/home/diego/.espressif/tools/riscv32-esp-elf/esp-13.2.0_20230928/riscv32-esp-elf/lib/gcc/riscv32-esp-elf/13.2.0]
  collapse library dir [/home/diego/.espressif/tools/riscv32-esp-elf/esp-13.2.0_20230928/riscv32-esp-elf/bin/../lib/gcc] ==> [/home/diego/.espressif/tools/riscv32-esp-elf/esp-13.2.0_20230928/riscv32-esp-elf/lib/gcc]
  collapse library dir [/home/diego/.espressif/tools/riscv32-esp-elf/esp-13.2.0_20230928/riscv32-esp-elf/bin/../lib/gcc/riscv32-esp-elf/13.2.0/../../../../riscv32-esp-elf/lib] ==> [/home/diego/.espressif/tools/riscv32-esp-elf/esp-13.2.0_20230928/riscv32-esp-elf/riscv32-esp-elf/lib]
  implicit libs: [stdc++;m;gcc;c;nosys;c;gcc;gcc;c;nosys]
  implicit objs: []
  implicit dirs: [/home/diego/.espressif/tools/riscv32-esp-elf/esp-13.2.0_20230928/riscv32-esp-elf/lib/gcc/riscv32-esp-elf/13.2.0/rv32imc_zicsr_zifencei/ilp32;/home/diego/.espressif/tools/riscv32-esp-elf/esp-13.2.0_20230928/riscv32-esp-elf/riscv32-esp-elf/lib/rv32imc_zicsr_zifencei/ilp32;/home/diego/.espressif/tools/riscv32-esp-elf/esp-13.2.0_20230928/riscv32-esp-elf/lib/gcc/riscv32-esp-elf/13.2.0;/home/diego/.espressif/tools/riscv32-esp-elf/esp-13.2.0_20230928/riscv32-esp-elf/lib/gcc;/home/diego/.espressif/tools/riscv32-esp-elf/esp-13.2.0_20230928/riscv32-esp-elf/riscv32-esp-elf/lib]
  implicit fwks: []


The target system is: Generic -  - 
The host system is: Linux - 6.1.0-10-amd64 - x86_64
Compiling the C compiler identification source file "CMakeCCompilerId.c" succeeded.
Compiler: /home/diego/.espressif/tools/riscv32-esp-elf/esp-13.2.0_20230928/riscv32-esp-elf/bin/riscv32-esp-elf-gcc 
Build flags: -march=rv32imc_zicsr_zifencei;
Id flags:  

The output was:
0
/home/diego/.espressif/tools/riscv32-esp-elf/esp-13.2.0_20230928/riscv32-esp-elf/bin/../lib/gcc/riscv32-esp-elf/13.2.0/../../../../riscv32-esp-elf/bin/ld: /home/diego/.espressif/tools/riscv32-esp-elf/esp-13.2.0_20230928/riscv32-esp-elf/bin/../lib/gcc/riscv32-esp-elf/13.2.0/../../../../riscv32-esp-elf/lib/rv32imc_zicsr_zifencei/ilp32/libc.a(libc_a-closer.o): in function `_close_r':
/builds/idf/crosstool-NG/.build/riscv32-esp-elf/src/newlib/newlib/libc/reent/closer.c:47:(.text+0x14): warning: _close is not implemented and will always fail
/home/diego/.espressif/tools/riscv32-esp-elf/esp-13.2.0_20230928/riscv32-esp-elf/bin/../lib/gcc/riscv32-esp-elf/13.2.0/../../../../riscv32-esp-elf/bin/ld: /home/diego/.espressif/tools/riscv32-esp-elf/esp-13.2.0_20230928/riscv32-esp-elf/bin/../lib/gcc/riscv32-esp-elf/13.2.0/../../../../riscv32-esp-elf/lib/rv32imc_zicsr_zifencei/ilp32/libc.a(libc_a-lseekr.o): in function `_lseek_r':
/builds/idf/crosstool-NG/.build/riscv32-esp-elf/src/newlib/newlib/libc/reent/lseekr.c:49:(.text+0x18): warning: _lseek is not implemented and will always fail
/home/diego/.espressif/tools/riscv32-esp-elf/esp-13.2.0_20230928/riscv32-esp-elf/bin/../lib/gcc/riscv32-esp-elf/13.2.0/../../../../riscv32-esp-elf/bin/ld: /home/diego/.espressif/tools/riscv32-esp-elf/esp-13.2.0_20230928/riscv32-esp-elf/bin/../lib/gcc/riscv32-esp-elf/13.2.0/../../../../riscv32-esp-elf/lib/rv32imc_zicsr_zifencei/ilp32/libc.a(libc_a-readr.o): in function `_read_r':
/builds/idf/crosstool-NG/.build/riscv32-esp-elf/src/newlib/newlib/libc/reent/readr.c:49:(.text+0x18): warning: _read is not implemented and will always fail
/home/diego/.espressif/tools/riscv32-esp-elf/esp-13.2.0_20230928/riscv32-esp-elf/bin/../lib/gcc/riscv32-esp-elf/13.2.0/../../../../riscv32-esp-elf/bin/ld: /home/diego/.espressif/tools/riscv32-esp-elf/esp-13.2.0_20230928/riscv32-esp-elf/bin/../lib/gcc/riscv32-esp-elf/13.2.0/../../../../riscv32-esp-elf/lib/rv32imc_zicsr_zifencei/ilp32/libc.a(libc_a-writer.o): in function `_write_r':
/builds/idf/crosstool-NG/.build/riscv32-esp-elf/src/newlib/newlib/libc/reent/writer.c:49:(.text+0x18): warning: _write is not implemented and will always fail
/home/diego/.espressif/tools/riscv32-esp-elf/esp-13.2.0_20230928/riscv32-esp-elf/bin/../lib/gcc/riscv32-esp-elf/13.2.0/../../../../riscv32-esp-elf/bin/ld: /home/diego/.espressif/tools/riscv32-esp-elf/esp-13.2.0_20230928/riscv32-esp-elf/bin/../lib/gcc/riscv32-esp-elf/13.2.0/../../../../riscv32-esp-elf/lib/rv32imc_zicsr_zifencei/ilp32/libc.a(libc_a-fclose.o): in function `fclose':
/builds/idf/crosstool-NG/.build/riscv32-esp-elf/src/newlib/newlib/libc/stdio/fclose.c:125:(.text+0x118): warning: __getreent is not implemented and will always fail
/home/diego/.espressif/tools/riscv32-esp-elf/esp-13.2.0_20230928/riscv32-esp-elf/bin/../lib/gcc/riscv32-esp-elf/13.2.0/../../../../riscv32-esp-elf/bin/ld: /home/diego/.espressif/tools/riscv32-esp-elf/esp-13.2.0_20230928/riscv32-esp-elf/bin/../lib/gcc/riscv32-esp-elf/13.2.0/../../../../riscv32-esp-elf/lib/rv32imc_zicsr_zifencei/ilp32/libc.a(libc_a-findfp.o): in function `__sfp':
/builds/idf/crosstool-NG/.build/riscv32-esp-elf/src/newlib/newlib/libc/stdio/findfp.c:180:(.text+0x1ee): warning: pthread_setcancelstate is not implemented and will always fail


Compilation of the C compiler identification source "CMakeCCompilerId.c" produced "a.out"

The C compiler identification is GNU, found in "/home/diego/proyectos/_/viejo/cr_c/build/CMakeFiles/3.25.1/CompilerIdC/a.out"

Compiling the CXX compiler identification source file "CMakeCXXCompilerId.cpp" succeeded.
Compiler: /home/diego/.espressif/tools/riscv32-esp-elf/esp-13.2.0_20230928/riscv32-esp-elf/bin/riscv32-esp-elf-g++ 
Build flags: -march=rv32imc_zicsr_zifencei;
Id flags:  

The output was:
0
/home/diego/.espressif/tools/riscv32-esp-elf/esp-13.2.0_20230928/riscv32-esp-elf/bin/../lib/gcc/riscv32-esp-elf/13.2.0/../../../../riscv32-esp-elf/bin/ld: /home/diego/.espressif/tools/riscv32-esp-elf/esp-13.2.0_20230928/riscv32-esp-elf/bin/../lib/gcc/riscv32-esp-elf/13.2.0/../../../../riscv32-esp-elf/lib/rv32imc_zicsr_zifencei/ilp32/libc.a(libc_a-closer.o): in function `_close_r':
/builds/idf/crosstool-NG/.build/riscv32-esp-elf/src/newlib/newlib/libc/reent/closer.c:47:(.text+0x14): warning: _close is not implemented and will always fail
/home/diego/.espressif/tools/riscv32-esp-elf/esp-13.2.0_20230928/riscv32-esp-elf/bin/../lib/gcc/riscv32-esp-elf/13.2.0/../../../../riscv32-esp-elf/bin/ld: /home/diego/.espressif/tools/riscv32-esp-elf/esp-13.2.0_20230928/riscv32-esp-elf/bin/../lib/gcc/riscv32-esp-elf/13.2.0/../../../../riscv32-esp-elf/lib/rv32imc_zicsr_zifencei/ilp32/libc.a(libc_a-lseekr.o): in function `_lseek_r':
/builds/idf/crosstool-NG/.build/riscv32-esp-elf/src/newlib/newlib/libc/reent/lseekr.c:49:(.text+0x18): warning: _lseek is not implemented and will always fail
/home/diego/.espressif/tools/riscv32-esp-elf/esp-13.2.0_20230928/riscv32-esp-elf/bin/../lib/gcc/riscv32-esp-elf/13.2.0/../../../../riscv32-esp-elf/bin/ld: /home/diego/.espressif/tools/riscv32-esp-elf/esp-13.2.0_20230928/riscv32-esp-elf/bin/../lib/gcc/riscv32-esp-elf/13.2.0/../../../../riscv32-esp-elf/lib/rv32imc_zicsr_zifencei/ilp32/libc.a(libc_a-readr.o): in function `_read_r':
/builds/idf/crosstool-NG/.build/riscv32-esp-elf/src/newlib/newlib/libc/reent/readr.c:49:(.text+0x18): warning: _read is not implemented and will always fail
/home/diego/.espressif/tools/riscv32-esp-elf/esp-13.2.0_20230928/riscv32-esp-elf/bin/../lib/gcc/riscv32-esp-elf/13.2.0/../../../../riscv32-esp-elf/bin/ld: /home/diego/.espressif/tools/riscv32-esp-elf/esp-13.2.0_20230928/riscv32-esp-elf/bin/../lib/gcc/riscv32-esp-elf/13.2.0/../../../../riscv32-esp-elf/lib/rv32imc_zicsr_zifencei/ilp32/libc.a(libc_a-writer.o): in function `_write_r':
/builds/idf/crosstool-NG/.build/riscv32-esp-elf/src/newlib/newlib/libc/reent/writer.c:49:(.text+0x18): warning: _write is not implemented and will always fail
/home/diego/.espressif/tools/riscv32-esp-elf/esp-13.2.0_20230928/riscv32-esp-elf/bin/../lib/gcc/riscv32-esp-elf/13.2.0/../../../../riscv32-esp-elf/bin/ld: /home/diego/.espressif/tools/riscv32-esp-elf/esp-13.2.0_20230928/riscv32-esp-elf/bin/../lib/gcc/riscv32-esp-elf/13.2.0/../../../../riscv32-esp-elf/lib/rv32imc_zicsr_zifencei/ilp32/libc.a(libc_a-fclose.o): in function `fclose':
/builds/idf/crosstool-NG/.build/riscv32-esp-elf/src/newlib/newlib/libc/stdio/fclose.c:125:(.text+0x118): warning: __getreent is not implemented and will always fail
/home/diego/.espressif/tools/riscv32-esp-elf/esp-13.2.0_20230928/riscv32-esp-elf/bin/../lib/gcc/riscv32-esp-elf/13.2.0/../../../../riscv32-esp-elf/bin/ld: /home/diego/.espressif/tools/riscv32-esp-elf/esp-13.2.0_20230928/riscv32-esp-elf/bin/../lib/gcc/riscv32-esp-elf/13.2.0/../../../../riscv32-esp-elf/lib/rv32imc_zicsr_zifencei/ilp32/libc.a(libc_a-findfp.o): in function `__sfp':
/builds/idf/crosstool-NG/.build/riscv32-esp-elf/src/newlib/newlib/libc/stdio/findfp.c:180:(.text+0x1ee): warning: pthread_setcancelstate is not implemented and will always fail


Compilation of the CXX compiler identification source "CMakeCXXCompilerId.cpp" produced "a.out"

The CXX compiler identification is GNU, found in "/home/diego/proyectos/_/viejo/cr_c/build/CMakeFiles/3.25.1/CompilerIdCXX/a.out"

Checking whether the ASM compiler is GNU using "--version" matched "(GNU assembler)|(GCC)|(Free Software Foundation)":
riscv32-esp-elf-gcc (crosstool-NG esp-13.2.0_20230928) 13.2.0
Copyright (C) 2023 Free Software Foundation, Inc.
This is free software; see the source for copying conditions.  There is NO
warranty; not even for MERCHANTABILITY or FITNESS FOR A PARTICULAR PURPOSE.

Detecting C compiler ABI info compiled with the following output:
Change Dir: /home/diego/proyectos/_/viejo/cr_c/build/CMakeFiles/CMakeScratch/TryCompile-SVhnOP

Run Build Command(s):/usr/bin/ninja cmTC_c79b6 && [1/2] Building C object CMakeFiles/cmTC_c79b6.dir/CMakeCCompilerABI.c.obj
Using built-in specs.
COLLECT_GCC=/home/diego/.espressif/tools/riscv32-esp-elf/esp-13.2.0_20230928/riscv32-esp-elf/bin/riscv32-esp-elf-gcc
Target: riscv32-esp-elf
Configured with: /builds/idf/crosstool-NG/.build/riscv32-esp-elf/src/gcc/configure --build=x86_64-build_pc-linux-gnu --host=x86_64-build_pc-linux-gnu --target=riscv32-esp-elf --prefix=/builds/idf/crosstool-NG/builds/riscv32-esp-elf --exec_prefix=/builds/idf/crosstool-NG/builds/riscv32-esp-elf --with-local-prefix=/builds/idf/crosstool-NG/builds/riscv32-esp-elf/riscv32-esp-elf --with-headers=/builds/idf/crosstool-NG/builds/riscv32-esp-elf/riscv32-esp-elf/include --with-newlib --enable-threads=no --disable-shared --with-arch=rv32gc --with-abi=ilp32 --with-pkgversion='crosstool-NG esp-13.2.0_20230928' --disable-__cxa_atexit --enable-cxx-flags=-ffunction-sections --disable-libgomp --disable-libmudflap --disable-libmpx --disable-libssp --disable-libquadmath --disable-libquadmath-support --disable-libstdcxx-verbose --with-gmp=/builds/idf/crosstool-NG/.build/riscv32-esp-elf/buildtools --with-mpfr=/builds/idf/crosstool-NG/.build/riscv32-esp-elf/buildtools --with-mpc=/builds/idf/crosstool-NG/.build/riscv32-esp-elf/buildtools --with-isl=/builds/idf/crosstool-NG/.build/riscv32-esp-elf/buildtools --enable-lto --enable-target-optspace --without-long-double-128 --disable-nls --enable-multiarch --enable-languages=c,c++ --disable-libstdcxx-verbose --enable-threads=posix --enable-gcov-custom-rtio --enable-libstdcxx-time=yes
Thread model: posix
Supported LTO compression algorithms: zlib
gcc version 13.2.0 (crosstool-NG esp-13.2.0_20230928) 
COLLECT_GCC_OPTIONS='-march=rv32imc_zicsr_zifencei' '-v' '-o' 'CMakeFiles/cmTC_c79b6.dir/CMakeCCompilerABI.c.obj' '-c' '-mabi=ilp32' '-misa-spec=20191213' '-march=rv32imc_zicsr_zifencei' '-dumpdir' 'CMakeFiles/cmTC_c79b6.dir/'
 /home/diego/.espressif/tools/riscv32-esp-elf/esp-13.2.0_20230928/riscv32-esp-elf/bin/../libexec/gcc/riscv32-esp-elf/13.2.0/cc1 -quiet -v -imultilib rv32imc_zicsr_zifencei/ilp32 -iprefix /home/diego/.espressif/tools/riscv32-esp-elf/esp-13.2.0_20230928/riscv32-esp-elf/bin/../lib/gcc/riscv32-esp-elf/13.2.0/ /usr/share/cmake-3.25/Modules/CMakeCCompilerABI.c -quiet -dumpdir CMakeFiles/cmTC_c79b6.dir/ -dumpbase CMakeCCompilerABI.c.c -dumpbase-ext .c -march=rv32imc_zicsr_zifencei -mabi=ilp32 -misa-spec=20191213 -march=rv32imc_zicsr_zifencei -version -o /tmp/cc5Cc02k.s
GNU C17 (crosstool-NG esp-13.2.0_20230928) version 13.2.0 (riscv32-esp-elf)
	compiled by GNU C version 4.9.2, GMP version 6.2.1, MPFR version 4.1.0, MPC version 1.2.1, isl version isl-0.24-GMP

GGC heuristics: --param ggc-min-expand=100 --param ggc-min-heapsize=131072
ignoring duplicate directory "/home/diego/.espressif/tools/riscv32-esp-elf/esp-13.2.0_20230928/riscv32-esp-elf/bin/../lib/gcc/../../lib/gcc/riscv32-esp-elf/13.2.0/include"
ignoring duplicate directory "/home/diego/.espressif/tools/riscv32-esp-elf/esp-13.2.0_20230928/riscv32-esp-elf/bin/../lib/gcc/../../lib/gcc/riscv32-esp-elf/13.2.0/include-fixed"
ignoring duplicate directory "/home/diego/.espressif/tools/riscv32-esp-elf/esp-13.2.0_20230928/riscv32-esp-elf/bin/../lib/gcc/../../lib/gcc/riscv32-esp-elf/13.2.0/../../../../riscv32-esp-elf/sys-include"
ignoring duplicate directory "/home/diego/.espressif/tools/riscv32-esp-elf/esp-13.2.0_20230928/riscv32-esp-elf/bin/../lib/gcc/../../lib/gcc/riscv32-esp-elf/13.2.0/../../../../riscv32-esp-elf/include"
#include "..." search starts here:
#include <...> search starts here:
 /home/diego/.espressif/tools/riscv32-esp-elf/esp-13.2.0_20230928/riscv32-esp-elf/bin/../lib/gcc/riscv32-esp-elf/13.2.0/include
 /home/diego/.espressif/tools/riscv32-esp-elf/esp-13.2.0_20230928/riscv32-esp-elf/bin/../lib/gcc/riscv32-esp-elf/13.2.0/include-fixed
 /home/diego/.espressif/tools/riscv32-esp-elf/esp-13.2.0_20230928/riscv32-esp-elf/bin/../lib/gcc/riscv32-esp-elf/13.2.0/../../../../riscv32-esp-elf/sys-include
 /home/diego/.espressif/tools/riscv32-esp-elf/esp-13.2.0_20230928/riscv32-esp-elf/bin/../lib/gcc/riscv32-esp-elf/13.2.0/../../../../riscv32-esp-elf/include
End of search list.
Compiler executable checksum: 77495f34f76e3c762dece7c39ed79778
COLLECT_GCC_OPTIONS='-march=rv32imc_zicsr_zifencei' '-v' '-o' 'CMakeFiles/cmTC_c79b6.dir/CMakeCCompilerABI.c.obj' '-c' '-mabi=ilp32' '-misa-spec=20191213' '-march=rv32imc_zicsr_zifencei' '-dumpdir' 'CMakeFiles/cmTC_c79b6.dir/'
 /home/diego/.espressif/tools/riscv32-esp-elf/esp-13.2.0_20230928/riscv32-esp-elf/bin/../lib/gcc/riscv32-esp-elf/13.2.0/../../../../riscv32-esp-elf/bin/as -v --traditional-format -march=rv32imc_zicsr_zifencei -march=rv32imc_zicsr_zifencei -mabi=ilp32 -misa-spec=20191213 -o CMakeFiles/cmTC_c79b6.dir/CMakeCCompilerABI.c.obj /tmp/cc5Cc02k.s
GNU assembler version 2.41 (riscv32-esp-elf) using BFD version (crosstool-NG esp-13.2.0_20230928) 2.41
COMPILER_PATH=/home/diego/.espressif/tools/riscv32-esp-elf/esp-13.2.0_20230928/riscv32-esp-elf/bin/../libexec/gcc/riscv32-esp-elf/13.2.0/:/home/diego/.espressif/tools/riscv32-esp-elf/esp-13.2.0_20230928/riscv32-esp-elf/bin/../libexec/gcc/:/home/diego/.espressif/tools/riscv32-esp-elf/esp-13.2.0_20230928/riscv32-esp-elf/bin/../lib/gcc/riscv32-esp-elf/13.2.0/../../../../riscv32-esp-elf/bin/
LIBRARY_PATH=/home/diego/.espressif/tools/riscv32-esp-elf/esp-13.2.0_20230928/riscv32-esp-elf/bin/../lib/gcc/riscv32-esp-elf/13.2.0/rv32imc_zicsr_zifencei/ilp32/:/home/diego/.espressif/tools/riscv32-esp-elf/esp-13.2.0_20230928/riscv32-esp-elf/bin/../lib/gcc/riscv32-esp-elf/13.2.0/../../../../riscv32-esp-elf/lib/rv32imc_zicsr_zifencei/ilp32/:/home/diego/.espressif/tools/riscv32-esp-elf/esp-13.2.0_20230928/riscv32-esp-elf/bin/../lib/gcc/riscv32-esp-elf/13.2.0/:/home/diego/.espressif/tools/riscv32-esp-elf/esp-13.2.0_20230928/riscv32-esp-elf/bin/../lib/gcc/:/home/diego/.espressif/tools/riscv32-esp-elf/esp-13.2.0_20230928/riscv32-esp-elf/bin/../lib/gcc/riscv32-esp-elf/13.2.0/../../../../riscv32-esp-elf/lib/
COLLECT_GCC_OPTIONS='-march=rv32imc_zicsr_zifencei' '-v' '-o' 'CMakeFiles/cmTC_c79b6.dir/CMakeCCompilerABI.c.obj' '-c' '-mabi=ilp32' '-misa-spec=20191213' '-march=rv32imc_zicsr_zifencei' '-dumpdir' 'CMakeFiles/cmTC_c79b6.dir/CMakeCCompilerABI.c.'
[2/2] Linking C executable cmTC_c79b6
Using built-in specs.
Reading specs from /home/diego/.espressif/tools/riscv32-esp-elf/esp-13.2.0_20230928/riscv32-esp-elf/bin/../lib/gcc/riscv32-esp-elf/13.2.0/../../../../riscv32-esp-elf/lib/nosys.specs
rename spec link_gcc_c_sequence to nosys_link_gcc_c_sequence
COLLECT_GCC=/home/diego/.espressif/tools/riscv32-esp-elf/esp-13.2.0_20230928/riscv32-esp-elf/bin/riscv32-esp-elf-gcc
COLLECT_LTO_WRAPPER=/home/diego/.espressif/tools/riscv32-esp-elf/esp-13.2.0_20230928/riscv32-esp-elf/bin/../libexec/gcc/riscv32-esp-elf/13.2.0/lto-wrapper
Target: riscv32-esp-elf
Configured with: /builds/idf/crosstool-NG/.build/riscv32-esp-elf/src/gcc/configure --build=x86_64-build_pc-linux-gnu --host=x86_64-build_pc-linux-gnu --target=riscv32-esp-elf --prefix=/builds/idf/crosstool-NG/builds/riscv32-esp-elf --exec_prefix=/builds/idf/crosstool-NG/builds/riscv32-esp-elf --with-local-prefix=/builds/idf/crosstool-NG/builds/riscv32-esp-elf/riscv32-esp-elf --with-headers=/builds/idf/crosstool-NG/builds/riscv32-esp-elf/riscv32-esp-elf/include --with-newlib --enable-threads=no --disable-shared --with-arch=rv32gc --with-abi=ilp32 --with-pkgversion='crosstool-NG esp-13.2.0_20230928' --disable-__cxa_atexit --enable-cxx-flags=-ffunction-sections --disable-libgomp --disable-libmudflap --disable-libmpx --disable-libssp --disable-libquadmath --disable-libquadmath-support --disable-libstdcxx-verbose --with-gmp=/builds/idf/crosstool-NG/.build/riscv32-esp-elf/buildtools --with-mpfr=/builds/idf/crosstool-NG/.build/riscv32-esp-elf/buildtools --with-mpc=/builds/idf/crosstool-NG/.build/riscv32-esp-elf/buildtools --with-isl=/builds/idf/crosstool-NG/.build/riscv32-esp-elf/buildtools --enable-lto --enable-target-optspace --without-long-double-128 --disable-nls --enable-multiarch --enable-languages=c,c++ --disable-libstdcxx-verbose --enable-threads=posix --enable-gcov-custom-rtio --enable-libstdcxx-time=yes
Thread model: posix
Supported LTO compression algorithms: zlib
gcc version 13.2.0 (crosstool-NG esp-13.2.0_20230928) 
COMPILER_PATH=/home/diego/.espressif/tools/riscv32-esp-elf/esp-13.2.0_20230928/riscv32-esp-elf/bin/../libexec/gcc/riscv32-esp-elf/13.2.0/:/home/diego/.espressif/tools/riscv32-esp-elf/esp-13.2.0_20230928/riscv32-esp-elf/bin/../libexec/gcc/:/home/diego/.espressif/tools/riscv32-esp-elf/esp-13.2.0_20230928/riscv32-esp-elf/bin/../lib/gcc/riscv32-esp-elf/13.2.0/../../../../riscv32-esp-elf/bin/
LIBRARY_PATH=/home/diego/.espressif/tools/riscv32-esp-elf/esp-13.2.0_20230928/riscv32-esp-elf/bin/../lib/gcc/riscv32-esp-elf/13.2.0/rv32imc_zicsr_zifencei/ilp32/:/home/diego/.espressif/tools/riscv32-esp-elf/esp-13.2.0_20230928/riscv32-esp-elf/bin/../lib/gcc/riscv32-esp-elf/13.2.0/../../../../riscv32-esp-elf/lib/rv32imc_zicsr_zifencei/ilp32/:/home/diego/.espressif/tools/riscv32-esp-elf/esp-13.2.0_20230928/riscv32-esp-elf/bin/../lib/gcc/riscv32-esp-elf/13.2.0/:/home/diego/.espressif/tools/riscv32-esp-elf/esp-13.2.0_20230928/riscv32-esp-elf/bin/../lib/gcc/:/home/diego/.espressif/tools/riscv32-esp-elf/esp-13.2.0_20230928/riscv32-esp-elf/bin/../lib/gcc/riscv32-esp-elf/13.2.0/../../../../riscv32-esp-elf/lib/
COLLECT_GCC_OPTIONS='-nostartfiles' '-march=rv32imc_zicsr_zifencei' '-specs=nosys.specs' '-v' '-o' 'cmTC_c79b6' '-mabi=ilp32' '-misa-spec=20191213' '-march=rv32imc_zicsr_zifencei' '-dumpdir' 'cmTC_c79b6.'
 /home/diego/.espressif/tools/riscv32-esp-elf/esp-13.2.0_20230928/riscv32-esp-elf/bin/../libexec/gcc/riscv32-esp-elf/13.2.0/collect2 -plugin /home/diego/.espressif/tools/riscv32-esp-elf/esp-13.2.0_20230928/riscv32-esp-elf/bin/../libexec/gcc/riscv32-esp-elf/13.2.0/liblto_plugin.so -plugin-opt=/home/diego/.espressif/tools/riscv32-esp-elf/esp-13.2.0_20230928/riscv32-esp-elf/bin/../libexec/gcc/riscv32-esp-elf/13.2.0/lto-wrapper -plugin-opt=-fresolution=/tmp/ccyAoFit.res -plugin-opt=-pass-through=-lgcc -plugin-opt=-pass-through=-lc -plugin-opt=-pass-through=-lnosys -plugin-opt=-pass-through=-lc -plugin-opt=-pass-through=-lgcc -plugin-opt=-pass-through=-lgcc -plugin-opt=-pass-through=-lc -plugin-opt=-pass-through=-lnosys -melf32lriscv -o cmTC_c79b6 -L/home/diego/.espressif/tools/riscv32-esp-elf/esp-13.2.0_20230928/riscv32-esp-elf/bin/../lib/gcc/riscv32-esp-elf/13.2.0/rv32imc_zicsr_zifencei/ilp32 -L/home/diego/.espressif/tools/riscv32-esp-elf/esp-13.2.0_20230928/riscv32-esp-elf/bin/../lib/gcc/riscv32-esp-elf/13.2.0/../../../../riscv32-esp-elf/lib/rv32imc_zicsr_zifencei/ilp32 -L/home/diego/.espressif/tools/riscv32-esp-elf/esp-13.2.0_20230928/riscv32-esp-elf/bin/../lib/gcc/riscv32-esp-elf/13.2.0 -L/home/diego/.espressif/tools/riscv32-esp-elf/esp-13.2.0_20230928/riscv32-esp-elf/bin/../lib/gcc -L/home/diego/.espressif/tools/riscv32-esp-elf/esp-13.2.0_20230928/riscv32-esp-elf/bin/../lib/gcc/riscv32-esp-elf/13.2.0/../../../../riscv32-esp-elf/lib CMakeFiles/cmTC_c79b6.dir/CMakeCCompilerABI.c.obj -lgcc -lc -lnosys -lc -lgcc --start-group -lgcc -lc -lnosys --end-group
/home/diego/.espressif/tools/riscv32-esp-elf/esp-13.2.0_20230928/riscv32-esp-elf/bin/../lib/gcc/riscv32-esp-elf/13.2.0/../../../../riscv32-esp-elf/bin/ld: warning: cannot find entry symbol _start; defaulting to 00010074
COLLECT_GCC_OPTIONS='-nostartfiles' '-march=rv32imc_zicsr_zifencei' '-specs=nosys.specs' '-v' '-o' 'cmTC_c79b6' '-mabi=ilp32' '-misa-spec=20191213' '-march=rv32imc_zicsr_zifencei' '-dumpdir' 'cmTC_c79b6.'



Parsed C implicit include dir info from above output: rv=done
  found start of include info
  found start of implicit include info
    add: [/home/diego/.espressif/tools/riscv32-esp-elf/esp-13.2.0_20230928/riscv32-esp-elf/bin/../lib/gcc/riscv32-esp-elf/13.2.0/include]
    add: [/home/diego/.espressif/tools/riscv32-esp-elf/esp-13.2.0_20230928/riscv32-esp-elf/bin/../lib/gcc/riscv32-esp-elf/13.2.0/include-fixed]
    add: [/home/diego/.espressif/tools/riscv32-esp-elf/esp-13.2.0_20230928/riscv32-esp-elf/bin/../lib/gcc/riscv32-esp-elf/13.2.0/../../../../riscv32-esp-elf/sys-include]
    add: [/home/diego/.espressif/tools/riscv32-esp-elf/esp-13.2.0_20230928/riscv32-esp-elf/bin/../lib/gcc/riscv32-esp-elf/13.2.0/../../../../riscv32-esp-elf/include]
  end of search list found
  collapse include dir [/home/diego/.espressif/tools/riscv32-esp-elf/esp-13.2.0_20230928/riscv32-esp-elf/bin/../lib/gcc/riscv32-esp-elf/13.2.0/include] ==> [/home/diego/.espressif/tools/riscv32-esp-elf/esp-13.2.0_20230928/riscv32-esp-elf/lib/gcc/riscv32-esp-elf/13.2.0/include]
  collapse include dir [/home/diego/.espressif/tools/riscv32-esp-elf/esp-13.2.0_20230928/riscv32-esp-elf/bin/../lib/gcc/riscv32-esp-elf/13.2.0/include-fixed] ==> [/home/diego/.espressif/tools/riscv32-esp-elf/esp-13.2.0_20230928/riscv32-esp-elf/lib/gcc/riscv32-esp-elf/13.2.0/include-fixed]
  collapse include dir [/home/diego/.espressif/tools/riscv32-esp-elf/esp-13.2.0_20230928/riscv32-esp-elf/bin/../lib/gcc/riscv32-esp-elf/13.2.0/../../../../riscv32-esp-elf/sys-include] ==> [/home/diego/.espressif/tools/riscv32-esp-elf/esp-13.2.0_20230928/riscv32-esp-elf/riscv32-esp-elf/sys-include]
  collapse include dir [/home/diego/.espressif/tools/riscv32-esp-elf/esp-13.2.0_20230928/riscv32-esp-elf/bin/../lib/gcc/riscv32-esp-elf/13.2.0/../../../../riscv32-esp-elf/include] ==> [/home/diego/.espressif/tools/riscv32-esp-elf/esp-13.2.0_20230928/riscv32-esp-elf/riscv32-esp-elf/include]
  implicit include dirs: [/home/diego/.espressif/tools/riscv32-esp-elf/esp-13.2.0_20230928/riscv32-esp-elf/lib/gcc/riscv32-esp-elf/13.2.0/include;/home/diego/.espressif/tools/riscv32-esp-elf/esp-13.2.0_20230928/riscv32-esp-elf/lib/gcc/riscv32-esp-elf/13.2.0/include-fixed;/home/diego/.espressif/tools/riscv32-esp-elf/esp-13.2.0_20230928/riscv32-esp-elf/riscv32-esp-elf/sys-include;/home/diego/.espressif/tools/riscv32-esp-elf/esp-13.2.0_20230928/riscv32-esp-elf/riscv32-esp-elf/include]


Parsed C implicit link information from above output:
  link line regex: [^( *|.*[/\])(riscv32-esp-elf-ld|CMAKE_LINK_STARTFILE-NOTFOUND|([^/\]+-)?ld|collect2)[^/\]*( |$)]
  ignore line: [Change Dir: /home/diego/proyectos/_/viejo/cr_c/build/CMakeFiles/CMakeScratch/TryCompile-SVhnOP]
  ignore line: []
  ignore line: [Run Build Command(s):/usr/bin/ninja cmTC_c79b6 && [1/2] Building C object CMakeFiles/cmTC_c79b6.dir/CMakeCCompilerABI.c.obj]
  ignore line: [Using built-in specs.]
  ignore line: [COLLECT_GCC=/home/diego/.espressif/tools/riscv32-esp-elf/esp-13.2.0_20230928/riscv32-esp-elf/bin/riscv32-esp-elf-gcc]
  ignore line: [Target: riscv32-esp-elf]
  ignore line: [Configured with: /builds/idf/crosstool-NG/.build/riscv32-esp-elf/src/gcc/configure --build=x86_64-build_pc-linux-gnu --host=x86_64-build_pc-linux-gnu --target=riscv32-esp-elf --prefix=/builds/idf/crosstool-NG/builds/riscv32-esp-elf --exec_prefix=/builds/idf/crosstool-NG/builds/riscv32-esp-elf --with-local-prefix=/builds/idf/crosstool-NG/builds/riscv32-esp-elf/riscv32-esp-elf --with-headers=/builds/idf/crosstool-NG/builds/riscv32-esp-elf/riscv32-esp-elf/include --with-newlib --enable-threads=no --disable-shared --with-arch=rv32gc --with-abi=ilp32 --with-pkgversion='crosstool-NG esp-13.2.0_20230928' --disable-__cxa_atexit --enable-cxx-flags=-ffunction-sections --disable-libgomp --disable-libmudflap --disable-libmpx --disable-libssp --disable-libquadmath --disable-libquadmath-support --disable-libstdcxx-verbose --with-gmp=/builds/idf/crosstool-NG/.build/riscv32-esp-elf/buildtools --with-mpfr=/builds/idf/crosstool-NG/.build/riscv32-esp-elf/buildtools --with-mpc=/builds/idf/crosstool-NG/.build/riscv32-esp-elf/buildtools --with-isl=/builds/idf/crosstool-NG/.build/riscv32-esp-elf/buildtools --enable-lto --enable-target-optspace --without-long-double-128 --disable-nls --enable-multiarch --enable-languages=c c++ --disable-libstdcxx-verbose --enable-threads=posix --enable-gcov-custom-rtio --enable-libstdcxx-time=yes]
  ignore line: [Thread model: posix]
  ignore line: [Supported LTO compression algorithms: zlib]
  ignore line: [gcc version 13.2.0 (crosstool-NG esp-13.2.0_20230928) ]
  ignore line: [COLLECT_GCC_OPTIONS='-march=rv32imc_zicsr_zifencei' '-v' '-o' 'CMakeFiles/cmTC_c79b6.dir/CMakeCCompilerABI.c.obj' '-c' '-mabi=ilp32' '-misa-spec=20191213' '-march=rv32imc_zicsr_zifencei' '-dumpdir' 'CMakeFiles/cmTC_c79b6.dir/']
  ignore line: [ /home/diego/.espressif/tools/riscv32-esp-elf/esp-13.2.0_20230928/riscv32-esp-elf/bin/../libexec/gcc/riscv32-esp-elf/13.2.0/cc1 -quiet -v -imultilib rv32imc_zicsr_zifencei/ilp32 -iprefix /home/diego/.espressif/tools/riscv32-esp-elf/esp-13.2.0_20230928/riscv32-esp-elf/bin/../lib/gcc/riscv32-esp-elf/13.2.0/ /usr/share/cmake-3.25/Modules/CMakeCCompilerABI.c -quiet -dumpdir CMakeFiles/cmTC_c79b6.dir/ -dumpbase CMakeCCompilerABI.c.c -dumpbase-ext .c -march=rv32imc_zicsr_zifencei -mabi=ilp32 -misa-spec=20191213 -march=rv32imc_zicsr_zifencei -version -o /tmp/cc5Cc02k.s]
  ignore line: [GNU C17 (crosstool-NG esp-13.2.0_20230928) version 13.2.0 (riscv32-esp-elf)]
  ignore line: [	compiled by GNU C version 4.9.2  GMP version 6.2.1  MPFR version 4.1.0  MPC version 1.2.1  isl version isl-0.24-GMP]
  ignore line: []
  ignore line: [GGC heuristics: --param ggc-min-expand=100 --param ggc-min-heapsize=131072]
  ignore line: [ignoring duplicate directory "/home/diego/.espressif/tools/riscv32-esp-elf/esp-13.2.0_20230928/riscv32-esp-elf/bin/../lib/gcc/../../lib/gcc/riscv32-esp-elf/13.2.0/include"]
  ignore line: [ignoring duplicate directory "/home/diego/.espressif/tools/riscv32-esp-elf/esp-13.2.0_20230928/riscv32-esp-elf/bin/../lib/gcc/../../lib/gcc/riscv32-esp-elf/13.2.0/include-fixed"]
  ignore line: [ignoring duplicate directory "/home/diego/.espressif/tools/riscv32-esp-elf/esp-13.2.0_20230928/riscv32-esp-elf/bin/../lib/gcc/../../lib/gcc/riscv32-esp-elf/13.2.0/../../../../riscv32-esp-elf/sys-include"]
  ignore line: [ignoring duplicate directory "/home/diego/.espressif/tools/riscv32-esp-elf/esp-13.2.0_20230928/riscv32-esp-elf/bin/../lib/gcc/../../lib/gcc/riscv32-esp-elf/13.2.0/../../../../riscv32-esp-elf/include"]
  ignore line: [#include "..." search starts here:]
  ignore line: [#include <...> search starts here:]
  ignore line: [ /home/diego/.espressif/tools/riscv32-esp-elf/esp-13.2.0_20230928/riscv32-esp-elf/bin/../lib/gcc/riscv32-esp-elf/13.2.0/include]
  ignore line: [ /home/diego/.espressif/tools/riscv32-esp-elf/esp-13.2.0_20230928/riscv32-esp-elf/bin/../lib/gcc/riscv32-esp-elf/13.2.0/include-fixed]
  ignore line: [ /home/diego/.espressif/tools/riscv32-esp-elf/esp-13.2.0_20230928/riscv32-esp-elf/bin/../lib/gcc/riscv32-esp-elf/13.2.0/../../../../riscv32-esp-elf/sys-include]
  ignore line: [ /home/diego/.espressif/tools/riscv32-esp-elf/esp-13.2.0_20230928/riscv32-esp-elf/bin/../lib/gcc/riscv32-esp-elf/13.2.0/../../../../riscv32-esp-elf/include]
  ignore line: [End of search list.]
  ignore line: [Compiler executable checksum: 77495f34f76e3c762dece7c39ed79778]
  ignore line: [COLLECT_GCC_OPTIONS='-march=rv32imc_zicsr_zifencei' '-v' '-o' 'CMakeFiles/cmTC_c79b6.dir/CMakeCCompilerABI.c.obj' '-c' '-mabi=ilp32' '-misa-spec=20191213' '-march=rv32imc_zicsr_zifencei' '-dumpdir' 'CMakeFiles/cmTC_c79b6.dir/']
  ignore line: [ /home/diego/.espressif/tools/riscv32-esp-elf/esp-13.2.0_20230928/riscv32-esp-elf/bin/../lib/gcc/riscv32-esp-elf/13.2.0/../../../../riscv32-esp-elf/bin/as -v --traditional-format -march=rv32imc_zicsr_zifencei -march=rv32imc_zicsr_zifencei -mabi=ilp32 -misa-spec=20191213 -o CMakeFiles/cmTC_c79b6.dir/CMakeCCompilerABI.c.obj /tmp/cc5Cc02k.s]
  ignore line: [GNU assembler version 2.41 (riscv32-esp-elf) using BFD version (crosstool-NG esp-13.2.0_20230928) 2.41]
  ignore line: [COMPILER_PATH=/home/diego/.espressif/tools/riscv32-esp-elf/esp-13.2.0_20230928/riscv32-esp-elf/bin/../libexec/gcc/riscv32-esp-elf/13.2.0/:/home/diego/.espressif/tools/riscv32-esp-elf/esp-13.2.0_20230928/riscv32-esp-elf/bin/../libexec/gcc/:/home/diego/.espressif/tools/riscv32-esp-elf/esp-13.2.0_20230928/riscv32-esp-elf/bin/../lib/gcc/riscv32-esp-elf/13.2.0/../../../../riscv32-esp-elf/bin/]
  ignore line: [LIBRARY_PATH=/home/diego/.espressif/tools/riscv32-esp-elf/esp-13.2.0_20230928/riscv32-esp-elf/bin/../lib/gcc/riscv32-esp-elf/13.2.0/rv32imc_zicsr_zifencei/ilp32/:/home/diego/.espressif/tools/riscv32-esp-elf/esp-13.2.0_20230928/riscv32-esp-elf/bin/../lib/gcc/riscv32-esp-elf/13.2.0/../../../../riscv32-esp-elf/lib/rv32imc_zicsr_zifencei/ilp32/:/home/diego/.espressif/tools/riscv32-esp-elf/esp-13.2.0_20230928/riscv32-esp-elf/bin/../lib/gcc/riscv32-esp-elf/13.2.0/:/home/diego/.espressif/tools/riscv32-esp-elf/esp-13.2.0_20230928/riscv32-esp-elf/bin/../lib/gcc/:/home/diego/.espressif/tools/riscv32-esp-elf/esp-13.2.0_20230928/riscv32-esp-elf/bin/../lib/gcc/riscv32-esp-elf/13.2.0/../../../../riscv32-esp-elf/lib/]
  ignore line: [COLLECT_GCC_OPTIONS='-march=rv32imc_zicsr_zifencei' '-v' '-o' 'CMakeFiles/cmTC_c79b6.dir/CMakeCCompilerABI.c.obj' '-c' '-mabi=ilp32' '-misa-spec=20191213' '-march=rv32imc_zicsr_zifencei' '-dumpdir' 'CMakeFiles/cmTC_c79b6.dir/CMakeCCompilerABI.c.']
  ignore line: [[2/2] Linking C executable cmTC_c79b6]
  ignore line: [Using built-in specs.]
  ignore line: [Reading specs from /home/diego/.espressif/tools/riscv32-esp-elf/esp-13.2.0_20230928/riscv32-esp-elf/bin/../lib/gcc/riscv32-esp-elf/13.2.0/../../../../riscv32-esp-elf/lib/nosys.specs]
  ignore line: [rename spec link_gcc_c_sequence to nosys_link_gcc_c_sequence]
  ignore line: [COLLECT_GCC=/home/diego/.espressif/tools/riscv32-esp-elf/esp-13.2.0_20230928/riscv32-esp-elf/bin/riscv32-esp-elf-gcc]
  ignore line: [COLLECT_LTO_WRAPPER=/home/diego/.espressif/tools/riscv32-esp-elf/esp-13.2.0_20230928/riscv32-esp-elf/bin/../libexec/gcc/riscv32-esp-elf/13.2.0/lto-wrapper]
  ignore line: [Target: riscv32-esp-elf]
  ignore line: [Configured with: /builds/idf/crosstool-NG/.build/riscv32-esp-elf/src/gcc/configure --build=x86_64-build_pc-linux-gnu --host=x86_64-build_pc-linux-gnu --target=riscv32-esp-elf --prefix=/builds/idf/crosstool-NG/builds/riscv32-esp-elf --exec_prefix=/builds/idf/crosstool-NG/builds/riscv32-esp-elf --with-local-prefix=/builds/idf/crosstool-NG/builds/riscv32-esp-elf/riscv32-esp-elf --with-headers=/builds/idf/crosstool-NG/builds/riscv32-esp-elf/riscv32-esp-elf/include --with-newlib --enable-threads=no --disable-shared --with-arch=rv32gc --with-abi=ilp32 --with-pkgversion='crosstool-NG esp-13.2.0_20230928' --disable-__cxa_atexit --enable-cxx-flags=-ffunction-sections --disable-libgomp --disable-libmudflap --disable-libmpx --disable-libssp --disable-libquadmath --disable-libquadmath-support --disable-libstdcxx-verbose --with-gmp=/builds/idf/crosstool-NG/.build/riscv32-esp-elf/buildtools --with-mpfr=/builds/idf/crosstool-NG/.build/riscv32-esp-elf/buildtools --with-mpc=/builds/idf/crosstool-NG/.build/riscv32-esp-elf/buildtools --with-isl=/builds/idf/crosstool-NG/.build/riscv32-esp-elf/buildtools --enable-lto --enable-target-optspace --without-long-double-128 --disable-nls --enable-multiarch --enable-languages=c c++ --disable-libstdcxx-verbose --enable-threads=posix --enable-gcov-custom-rtio --enable-libstdcxx-time=yes]
  ignore line: [Thread model: posix]
  ignore line: [Supported LTO compression algorithms: zlib]
  ignore line: [gcc version 13.2.0 (crosstool-NG esp-13.2.0_20230928) ]
  ignore line: [COMPILER_PATH=/home/diego/.espressif/tools/riscv32-esp-elf/esp-13.2.0_20230928/riscv32-esp-elf/bin/../libexec/gcc/riscv32-esp-elf/13.2.0/:/home/diego/.espressif/tools/riscv32-esp-elf/esp-13.2.0_20230928/riscv32-esp-elf/bin/../libexec/gcc/:/home/diego/.espressif/tools/riscv32-esp-elf/esp-13.2.0_20230928/riscv32-esp-elf/bin/../lib/gcc/riscv32-esp-elf/13.2.0/../../../../riscv32-esp-elf/bin/]
  ignore line: [LIBRARY_PATH=/home/diego/.espressif/tools/riscv32-esp-elf/esp-13.2.0_20230928/riscv32-esp-elf/bin/../lib/gcc/riscv32-esp-elf/13.2.0/rv32imc_zicsr_zifencei/ilp32/:/home/diego/.espressif/tools/riscv32-esp-elf/esp-13.2.0_20230928/riscv32-esp-elf/bin/../lib/gcc/riscv32-esp-elf/13.2.0/../../../../riscv32-esp-elf/lib/rv32imc_zicsr_zifencei/ilp32/:/home/diego/.espressif/tools/riscv32-esp-elf/esp-13.2.0_20230928/riscv32-esp-elf/bin/../lib/gcc/riscv32-esp-elf/13.2.0/:/home/diego/.espressif/tools/riscv32-esp-elf/esp-13.2.0_20230928/riscv32-esp-elf/bin/../lib/gcc/:/home/diego/.espressif/tools/riscv32-esp-elf/esp-13.2.0_20230928/riscv32-esp-elf/bin/../lib/gcc/riscv32-esp-elf/13.2.0/../../../../riscv32-esp-elf/lib/]
  ignore line: [COLLECT_GCC_OPTIONS='-nostartfiles' '-march=rv32imc_zicsr_zifencei' '-specs=nosys.specs' '-v' '-o' 'cmTC_c79b6' '-mabi=ilp32' '-misa-spec=20191213' '-march=rv32imc_zicsr_zifencei' '-dumpdir' 'cmTC_c79b6.']
  link line: [ /home/diego/.espressif/tools/riscv32-esp-elf/esp-13.2.0_20230928/riscv32-esp-elf/bin/../libexec/gcc/riscv32-esp-elf/13.2.0/collect2 -plugin /home/diego/.espressif/tools/riscv32-esp-elf/esp-13.2.0_20230928/riscv32-esp-elf/bin/../libexec/gcc/riscv32-esp-elf/13.2.0/liblto_plugin.so -plugin-opt=/home/diego/.espressif/tools/riscv32-esp-elf/esp-13.2.0_20230928/riscv32-esp-elf/bin/../libexec/gcc/riscv32-esp-elf/13.2.0/lto-wrapper -plugin-opt=-fresolution=/tmp/ccyAoFit.res -plugin-opt=-pass-through=-lgcc -plugin-opt=-pass-through=-lc -plugin-opt=-pass-through=-lnosys -plugin-opt=-pass-through=-lc -plugin-opt=-pass-through=-lgcc -plugin-opt=-pass-through=-lgcc -plugin-opt=-pass-through=-lc -plugin-opt=-pass-through=-lnosys -melf32lriscv -o cmTC_c79b6 -L/home/diego/.espressif/tools/riscv32-esp-elf/esp-13.2.0_20230928/riscv32-esp-elf/bin/../lib/gcc/riscv32-esp-elf/13.2.0/rv32imc_zicsr_zifencei/ilp32 -L/home/diego/.espressif/tools/riscv32-esp-elf/esp-13.2.0_20230928/riscv32-esp-elf/bin/../lib/gcc/riscv32-esp-elf/13.2.0/../../../../riscv32-esp-elf/lib/rv32imc_zicsr_zifencei/ilp32 -L/home/diego/.espressif/tools/riscv32-esp-elf/esp-13.2.0_20230928/riscv32-esp-elf/bin/../lib/gcc/riscv32-esp-elf/13.2.0 -L/home/diego/.espressif/tools/riscv32-esp-elf/esp-13.2.0_20230928/riscv32-esp-elf/bin/../lib/gcc -L/home/diego/.espressif/tools/riscv32-esp-elf/esp-13.2.0_20230928/riscv32-esp-elf/bin/../lib/gcc/riscv32-esp-elf/13.2.0/../../../../riscv32-esp-elf/lib CMakeFiles/cmTC_c79b6.dir/CMakeCCompilerABI.c.obj -lgcc -lc -lnosys -lc -lgcc --start-group -lgcc -lc -lnosys --end-group]
    arg [/home/diego/.espressif/tools/riscv32-esp-elf/esp-13.2.0_20230928/riscv32-esp-elf/bin/../libexec/gcc/riscv32-esp-elf/13.2.0/collect2] ==> ignore
    arg [-plugin] ==> ignore
    arg [/home/diego/.espressif/tools/riscv32-esp-elf/esp-13.2.0_20230928/riscv32-esp-elf/bin/../libexec/gcc/riscv32-esp-elf/13.2.0/liblto_plugin.so] ==> ignore
    arg [-plugin-opt=/home/diego/.espressif/tools/riscv32-esp-elf/esp-13.2.0_20230928/riscv32-esp-elf/bin/../libexec/gcc/riscv32-esp-elf/13.2.0/lto-wrapper] ==> ignore
    arg [-plugin-opt=-fresolution=/tmp/ccyAoFit.res] ==> ignore
    arg [-plugin-opt=-pass-through=-lgcc] ==> ignore
    arg [-plugin-opt=-pass-through=-lc] ==> ignore
    arg [-plugin-opt=-pass-through=-lnosys] ==> ignore
    arg [-plugin-opt=-pass-through=-lc] ==> ignore
    arg [-plugin-opt=-pass-through=-lgcc] ==> ignore
    arg [-plugin-opt=-pass-through=-lgcc] ==> ignore
    arg [-plugin-opt=-pass-through=-lc] ==> ignore
    arg [-plugin-opt=-pass-through=-lnosys] ==> ignore
    arg [-melf32lriscv] ==> ignore
    arg [-o] ==> ignore
    arg [cmTC_c79b6] ==> ignore
    arg [-L/home/diego/.espressif/tools/riscv32-esp-elf/esp-13.2.0_20230928/riscv32-esp-elf/bin/../lib/gcc/riscv32-esp-elf/13.2.0/rv32imc_zicsr_zifencei/ilp32] ==> dir [/home/diego/.espressif/tools/riscv32-esp-elf/esp-13.2.0_20230928/riscv32-esp-elf/bin/../lib/gcc/riscv32-esp-elf/13.2.0/rv32imc_zicsr_zifencei/ilp32]
    arg [-L/home/diego/.espressif/tools/riscv32-esp-elf/esp-13.2.0_20230928/riscv32-esp-elf/bin/../lib/gcc/riscv32-esp-elf/13.2.0/../../../../riscv32-esp-elf/lib/rv32imc_zicsr_zifencei/ilp32] ==> dir [/home/diego/.espressif/tools/riscv32-esp-elf/esp-13.2.0_20230928/riscv32-esp-elf/bin/../lib/gcc/riscv32-esp-elf/13.2.0/../../../../riscv32-esp-elf/lib/rv32imc_zicsr_zifencei/ilp32]
    arg [-L/home/diego/.espressif/tools/riscv32-esp-elf/esp-13.2.0_20230928/riscv32-esp-elf/bin/../lib/gcc/riscv32-esp-elf/13.2.0] ==> dir [/home/diego/.espressif/tools/riscv32-esp-elf/esp-13.2.0_20230928/riscv32-esp-elf/bin/../lib/gcc/riscv32-esp-elf/13.2.0]
    arg [-L/home/diego/.espressif/tools/riscv32-esp-elf/esp-13.2.0_20230928/riscv32-esp-elf/bin/../lib/gcc] ==> dir [/home/diego/.espressif/tools/riscv32-esp-elf/esp-13.2.0_20230928/riscv32-esp-elf/bin/../lib/gcc]
    arg [-L/home/diego/.espressif/tools/riscv32-esp-elf/esp-13.2.0_20230928/riscv32-esp-elf/bin/../lib/gcc/riscv32-esp-elf/13.2.0/../../../../riscv32-esp-elf/lib] ==> dir [/home/diego/.espressif/tools/riscv32-esp-elf/esp-13.2.0_20230928/riscv32-esp-elf/bin/../lib/gcc/riscv32-esp-elf/13.2.0/../../../../riscv32-esp-elf/lib]
    arg [CMakeFiles/cmTC_c79b6.dir/CMakeCCompilerABI.c.obj] ==> ignore
    arg [-lgcc] ==> lib [gcc]
    arg [-lc] ==> lib [c]
    arg [-lnosys] ==> lib [nosys]
    arg [-lc] ==> lib [c]
    arg [-lgcc] ==> lib [gcc]
    arg [--start-group] ==> ignore
    arg [-lgcc] ==> lib [gcc]
    arg [-lc] ==> lib [c]
    arg [-lnosys] ==> lib [nosys]
    arg [--end-group] ==> ignore
  collapse library dir [/home/diego/.espressif/tools/riscv32-esp-elf/esp-13.2.0_20230928/riscv32-esp-elf/bin/../lib/gcc/riscv32-esp-elf/13.2.0/rv32imc_zicsr_zifencei/ilp32] ==> [/home/diego/.espressif/tools/riscv32-esp-elf/esp-13.2.0_20230928/riscv32-esp-elf/lib/gcc/riscv32-esp-elf/13.2.0/rv32imc_zicsr_zifencei/ilp32]
  collapse library dir [/home/diego/.espressif/tools/riscv32-esp-elf/esp-13.2.0_20230928/riscv32-esp-elf/bin/../lib/gcc/riscv32-esp-elf/13.2.0/../../../../riscv32-esp-elf/lib/rv32imc_zicsr_zifencei/ilp32] ==> [/home/diego/.espressif/tools/riscv32-esp-elf/esp-13.2.0_20230928/riscv32-esp-elf/riscv32-esp-elf/lib/rv32imc_zicsr_zifencei/ilp32]
  collapse library dir [/home/diego/.espressif/tools/riscv32-esp-elf/esp-13.2.0_20230928/riscv32-esp-elf/bin/../lib/gcc/riscv32-esp-elf/13.2.0] ==> [/home/diego/.espressif/tools/riscv32-esp-elf/esp-13.2.0_20230928/riscv32-esp-elf/lib/gcc/riscv32-esp-elf/13.2.0]
  collapse library dir [/home/diego/.espressif/tools/riscv32-esp-elf/esp-13.2.0_20230928/riscv32-esp-elf/bin/../lib/gcc] ==> [/home/diego/.espressif/tools/riscv32-esp-elf/esp-13.2.0_20230928/riscv32-esp-elf/lib/gcc]
  collapse library dir [/home/diego/.espressif/tools/riscv32-esp-elf/esp-13.2.0_20230928/riscv32-esp-elf/bin/../lib/gcc/riscv32-esp-elf/13.2.0/../../../../riscv32-esp-elf/lib] ==> [/home/diego/.espressif/tools/riscv32-esp-elf/esp-13.2.0_20230928/riscv32-esp-elf/riscv32-esp-elf/lib]
  implicit libs: [gcc;c;nosys;c;gcc;gcc;c;nosys]
  implicit objs: []
  implicit dirs: [/home/diego/.espressif/tools/riscv32-esp-elf/esp-13.2.0_20230928/riscv32-esp-elf/lib/gcc/riscv32-esp-elf/13.2.0/rv32imc_zicsr_zifencei/ilp32;/home/diego/.espressif/tools/riscv32-esp-elf/esp-13.2.0_20230928/riscv32-esp-elf/riscv32-esp-elf/lib/rv32imc_zicsr_zifencei/ilp32;/home/diego/.espressif/tools/riscv32-esp-elf/esp-13.2.0_20230928/riscv32-esp-elf/lib/gcc/riscv32-esp-elf/13.2.0;/home/diego/.espressif/tools/riscv32-esp-elf/esp-13.2.0_20230928/riscv32-esp-elf/lib/gcc;/home/diego/.espressif/tools/riscv32-esp-elf/esp-13.2.0_20230928/riscv32-esp-elf/riscv32-esp-elf/lib]
  implicit fwks: []


Detecting CXX compiler ABI info compiled with the following output:
Change Dir: /home/diego/proyectos/_/viejo/cr_c/build/CMakeFiles/CMakeScratch/TryCompile-kXqPRX

Run Build Command(s):/usr/bin/ninja cmTC_7d9db && [1/2] Building CXX object CMakeFiles/cmTC_7d9db.dir/CMakeCXXCompilerABI.cpp.obj
Using built-in specs.
COLLECT_GCC=/home/diego/.espressif/tools/riscv32-esp-elf/esp-13.2.0_20230928/riscv32-esp-elf/bin/riscv32-esp-elf-g++
Target: riscv32-esp-elf
Configured with: /builds/idf/crosstool-NG/.build/riscv32-esp-elf/src/gcc/configure --build=x86_64-build_pc-linux-gnu --host=x86_64-build_pc-linux-gnu --target=riscv32-esp-elf --prefix=/builds/idf/crosstool-NG/builds/riscv32-esp-elf --exec_prefix=/builds/idf/crosstool-NG/builds/riscv32-esp-elf --with-local-prefix=/builds/idf/crosstool-NG/builds/riscv32-esp-elf/riscv32-esp-elf --with-headers=/builds/idf/crosstool-NG/builds/riscv32-esp-elf/riscv32-esp-elf/include --with-newlib --enable-threads=no --disable-shared --with-arch=rv32gc --with-abi=ilp32 --with-pkgversion='crosstool-NG esp-13.2.0_20230928' --disable-__cxa_atexit --enable-cxx-flags=-ffunction-sections --disable-libgomp --disable-libmudflap --disable-libmpx --disable-libssp --disable-libquadmath --disable-libquadmath-support --disable-libstdcxx-verbose --with-gmp=/builds/idf/crosstool-NG/.build/riscv32-esp-elf/buildtools --with-mpfr=/builds/idf/crosstool-NG/.build/riscv32-esp-elf/buildtools --with-mpc=/builds/idf/crosstool-NG/.build/riscv32-esp-elf/buildtools --with-isl=/builds/idf/crosstool-NG/.build/riscv32-esp-elf/buildtools --enable-lto --enable-target-optspace --without-long-double-128 --disable-nls --enable-multiarch --enable-languages=c,c++ --disable-libstdcxx-verbose --enable-threads=posix --enable-gcov-custom-rtio --enable-libstdcxx-time=yes
Thread model: posix
Supported LTO compression algorithms: zlib
gcc version 13.2.0 (crosstool-NG esp-13.2.0_20230928) 
COLLECT_GCC_OPTIONS='-march=rv32imc_zicsr_zifencei' '-v' '-o' 'CMakeFiles/cmTC_7d9db.dir/CMakeCXXCompilerABI.cpp.obj' '-c' '-mabi=ilp32' '-misa-spec=20191213' '-march=rv32imc_zicsr_zifencei' '-dumpdir' 'CMakeFiles/cmTC_7d9db.dir/'
 /home/diego/.espressif/tools/riscv32-esp-elf/esp-13.2.0_20230928/riscv32-esp-elf/bin/../libexec/gcc/riscv32-esp-elf/13.2.0/cc1plus -quiet -v -imultilib rv32imc_zicsr_zifencei/ilp32 -iprefix /home/diego/.espressif/tools/riscv32-esp-elf/esp-13.2.0_20230928/riscv32-esp-elf/bin/../lib/gcc/riscv32-esp-elf/13.2.0/ /usr/share/cmake-3.25/Modules/CMakeCXXCompilerABI.cpp -quiet -dumpdir CMakeFiles/cmTC_7d9db.dir/ -dumpbase CMakeCXXCompilerABI.cpp.cpp -dumpbase-ext .cpp -march=rv32imc_zicsr_zifencei -mabi=ilp32 -misa-spec=20191213 -march=rv32imc_zicsr_zifencei -version -o /tmp/ccrs16qq.s
GNU C++17 (crosstool-NG esp-13.2.0_20230928) version 13.2.0 (riscv32-esp-elf)
	compiled by GNU C version 4.9.2, GMP version 6.2.1, MPFR version 4.1.0, MPC version 1.2.1, isl version isl-0.24-GMP

GGC heuristics: --param ggc-min-expand=100 --param ggc-min-heapsize=131072
ignoring duplicate directory "/home/diego/.espressif/tools/riscv32-esp-elf/esp-13.2.0_20230928/riscv32-esp-elf/bin/../lib/gcc/../../lib/gcc/riscv32-esp-elf/13.2.0/../../../../riscv32-esp-elf/include/c++/13.2.0"
ignoring duplicate directory "/home/diego/.espressif/tools/riscv32-esp-elf/esp-13.2.0_20230928/riscv32-esp-elf/bin/../lib/gcc/../../lib/gcc/riscv32-esp-elf/13.2.0/../../../../riscv32-esp-elf/include/c++/13.2.0/riscv32-esp-elf/rv32imc_zicsr_zifencei/ilp32"
ignoring duplicate directory "/home/diego/.espressif/tools/riscv32-esp-elf/esp-13.2.0_20230928/riscv32-esp-elf/bin/../lib/gcc/../../lib/gcc/riscv32-esp-elf/13.2.0/../../../../riscv32-esp-elf/include/c++/13.2.0/backward"
ignoring duplicate directory "/home/diego/.espressif/tools/riscv32-esp-elf/esp-13.2.0_20230928/riscv32-esp-elf/bin/../lib/gcc/../../lib/gcc/riscv32-esp-elf/13.2.0/include"
ignoring duplicate directory "/home/diego/.espressif/tools/riscv32-esp-elf/esp-13.2.0_20230928/riscv32-esp-elf/bin/../lib/gcc/../../lib/gcc/riscv32-esp-elf/13.2.0/include-fixed"
ignoring duplicate directory "/home/diego/.espressif/tools/riscv32-esp-elf/esp-13.2.0_20230928/riscv32-esp-elf/bin/../lib/gcc/../../lib/gcc/riscv32-esp-elf/13.2.0/../../../../riscv32-esp-elf/sys-include"
ignoring duplicate directory "/home/diego/.espressif/tools/riscv32-esp-elf/esp-13.2.0_20230928/riscv32-esp-elf/bin/../lib/gcc/../../lib/gcc/riscv32-esp-elf/13.2.0/../../../../riscv32-esp-elf/include"
#include "..." search starts here:
#include <...> search starts here:
 /home/diego/.espressif/tools/riscv32-esp-elf/esp-13.2.0_20230928/riscv32-esp-elf/bin/../lib/gcc/riscv32-esp-elf/13.2.0/../../../../riscv32-esp-elf/include/c++/13.2.0
 /home/diego/.espressif/tools/riscv32-esp-elf/esp-13.2.0_20230928/riscv32-esp-elf/bin/../lib/gcc/riscv32-esp-elf/13.2.0/../../../../riscv32-esp-elf/include/c++/13.2.0/riscv32-esp-elf/rv32imc_zicsr_zifencei/ilp32
 /home/diego/.espressif/tools/riscv32-esp-elf/esp-13.2.0_20230928/riscv32-esp-elf/bin/../lib/gcc/riscv32-esp-elf/13.2.0/../../../../riscv32-esp-elf/include/c++/13.2.0/backward
 /home/diego/.espressif/tools/riscv32-esp-elf/esp-13.2.0_20230928/riscv32-esp-elf/bin/../lib/gcc/riscv32-esp-elf/13.2.0/include
 /home/diego/.espressif/tools/riscv32-esp-elf/esp-13.2.0_20230928/riscv32-esp-elf/bin/../lib/gcc/riscv32-esp-elf/13.2.0/include-fixed
 /home/diego/.espressif/tools/riscv32-esp-elf/esp-13.2.0_20230928/riscv32-esp-elf/bin/../lib/gcc/riscv32-esp-elf/13.2.0/../../../../riscv32-esp-elf/sys-include
 /home/diego/.espressif/tools/riscv32-esp-elf/esp-13.2.0_20230928/riscv32-esp-elf/bin/../lib/gcc/riscv32-esp-elf/13.2.0/../../../../riscv32-esp-elf/include
End of search list.
Compiler executable checksum: 2f922d80f93cca9f059a3573788cba06
COLLECT_GCC_OPTIONS='-march=rv32imc_zicsr_zifencei' '-v' '-o' 'CMakeFiles/cmTC_7d9db.dir/CMakeCXXCompilerABI.cpp.obj' '-c' '-mabi=ilp32' '-misa-spec=20191213' '-march=rv32imc_zicsr_zifencei' '-dumpdir' 'CMakeFiles/cmTC_7d9db.dir/'
 /home/diego/.espressif/tools/riscv32-esp-elf/esp-13.2.0_20230928/riscv32-esp-elf/bin/../lib/gcc/riscv32-esp-elf/13.2.0/../../../../riscv32-esp-elf/bin/as -v --traditional-format -march=rv32imc_zicsr_zifencei -march=rv32imc_zicsr_zifencei -mabi=ilp32 -misa-spec=20191213 -o CMakeFiles/cmTC_7d9db.dir/CMakeCXXCompilerABI.cpp.obj /tmp/ccrs16qq.s
GNU assembler version 2.41 (riscv32-esp-elf) using BFD version (crosstool-NG esp-13.2.0_20230928) 2.41
COMPILER_PATH=/home/diego/.espressif/tools/riscv32-esp-elf/esp-13.2.0_20230928/riscv32-esp-elf/bin/../libexec/gcc/riscv32-esp-elf/13.2.0/:/home/diego/.espressif/tools/riscv32-esp-elf/esp-13.2.0_20230928/riscv32-esp-elf/bin/../libexec/gcc/:/home/diego/.espressif/tools/riscv32-esp-elf/esp-13.2.0_20230928/riscv32-esp-elf/bin/../lib/gcc/riscv32-esp-elf/13.2.0/../../../../riscv32-esp-elf/bin/
LIBRARY_PATH=/home/diego/.espressif/tools/riscv32-esp-elf/esp-13.2.0_20230928/riscv32-esp-elf/bin/../lib/gcc/riscv32-esp-elf/13.2.0/rv32imc_zicsr_zifencei/ilp32/:/home/diego/.espressif/tools/riscv32-esp-elf/esp-13.2.0_20230928/riscv32-esp-elf/bin/../lib/gcc/riscv32-esp-elf/13.2.0/../../../../riscv32-esp-elf/lib/rv32imc_zicsr_zifencei/ilp32/:/home/diego/.espressif/tools/riscv32-esp-elf/esp-13.2.0_20230928/riscv32-esp-elf/bin/../lib/gcc/riscv32-esp-elf/13.2.0/:/home/diego/.espressif/tools/riscv32-esp-elf/esp-13.2.0_20230928/riscv32-esp-elf/bin/../lib/gcc/:/home/diego/.espressif/tools/riscv32-esp-elf/esp-13.2.0_20230928/riscv32-esp-elf/bin/../lib/gcc/riscv32-esp-elf/13.2.0/../../../../riscv32-esp-elf/lib/
COLLECT_GCC_OPTIONS='-march=rv32imc_zicsr_zifencei' '-v' '-o' 'CMakeFiles/cmTC_7d9db.dir/CMakeCXXCompilerABI.cpp.obj' '-c' '-mabi=ilp32' '-misa-spec=20191213' '-march=rv32imc_zicsr_zifencei' '-dumpdir' 'CMakeFiles/cmTC_7d9db.dir/CMakeCXXCompilerABI.cpp.'
[2/2] Linking CXX executable cmTC_7d9db
Using built-in specs.
Reading specs from /home/diego/.espressif/tools/riscv32-esp-elf/esp-13.2.0_20230928/riscv32-esp-elf/bin/../lib/gcc/riscv32-esp-elf/13.2.0/../../../../riscv32-esp-elf/lib/nosys.specs
rename spec link_gcc_c_sequence to nosys_link_gcc_c_sequence
COLLECT_GCC=/home/diego/.espressif/tools/riscv32-esp-elf/esp-13.2.0_20230928/riscv32-esp-elf/bin/riscv32-esp-elf-g++
COLLECT_LTO_WRAPPER=/home/diego/.espressif/tools/riscv32-esp-elf/esp-13.2.0_20230928/riscv32-esp-elf/bin/../libexec/gcc/riscv32-esp-elf/13.2.0/lto-wrapper
Target: riscv32-esp-elf
Configured with: /builds/idf/crosstool-NG/.build/riscv32-esp-elf/src/gcc/configure --build=x86_64-build_pc-linux-gnu --host=x86_64-build_pc-linux-gnu --target=riscv32-esp-elf --prefix=/builds/idf/crosstool-NG/builds/riscv32-esp-elf --exec_prefix=/builds/idf/crosstool-NG/builds/riscv32-esp-elf --with-local-prefix=/builds/idf/crosstool-NG/builds/riscv32-esp-elf/riscv32-esp-elf --with-headers=/builds/idf/crosstool-NG/builds/riscv32-esp-elf/riscv32-esp-elf/include --with-newlib --enable-threads=no --disable-shared --with-arch=rv32gc --with-abi=ilp32 --with-pkgversion='crosstool-NG esp-13.2.0_20230928' --disable-__cxa_atexit --enable-cxx-flags=-ffunction-sections --disable-libgomp --disable-libmudflap --disable-libmpx --disable-libssp --disable-libquadmath --disable-libquadmath-support --disable-libstdcxx-verbose --with-gmp=/builds/idf/crosstool-NG/.build/riscv32-esp-elf/buildtools --with-mpfr=/builds/idf/crosstool-NG/.build/riscv32-esp-elf/buildtools --with-mpc=/builds/idf/crosstool-NG/.build/riscv32-esp-elf/buildtools --with-isl=/builds/idf/crosstool-NG/.build/riscv32-esp-elf/buildtools --enable-lto --enable-target-optspace --without-long-double-128 --disable-nls --enable-multiarch --enable-languages=c,c++ --disable-libstdcxx-verbose --enable-threads=posix --enable-gcov-custom-rtio --enable-libstdcxx-time=yes
Thread model: posix
Supported LTO compression algorithms: zlib
gcc version 13.2.0 (crosstool-NG esp-13.2.0_20230928) 
COMPILER_PATH=/home/diego/.espressif/tools/riscv32-esp-elf/esp-13.2.0_20230928/riscv32-esp-elf/bin/../libexec/gcc/riscv32-esp-elf/13.2.0/:/home/diego/.espressif/tools/riscv32-esp-elf/esp-13.2.0_20230928/riscv32-esp-elf/bin/../libexec/gcc/:/home/diego/.espressif/tools/riscv32-esp-elf/esp-13.2.0_20230928/riscv32-esp-elf/bin/../lib/gcc/riscv32-esp-elf/13.2.0/../../../../riscv32-esp-elf/bin/
LIBRARY_PATH=/home/diego/.espressif/tools/riscv32-esp-elf/esp-13.2.0_20230928/riscv32-esp-elf/bin/../lib/gcc/riscv32-esp-elf/13.2.0/rv32imc_zicsr_zifencei/ilp32/:/home/diego/.espressif/tools/riscv32-esp-elf/esp-13.2.0_20230928/riscv32-esp-elf/bin/../lib/gcc/riscv32-esp-elf/13.2.0/../../../../riscv32-esp-elf/lib/rv32imc_zicsr_zifencei/ilp32/:/home/diego/.espressif/tools/riscv32-esp-elf/esp-13.2.0_20230928/riscv32-esp-elf/bin/../lib/gcc/riscv32-esp-elf/13.2.0/:/home/diego/.espressif/tools/riscv32-esp-elf/esp-13.2.0_20230928/riscv32-esp-elf/bin/../lib/gcc/:/home/diego/.espressif/tools/riscv32-esp-elf/esp-13.2.0_20230928/riscv32-esp-elf/bin/../lib/gcc/riscv32-esp-elf/13.2.0/../../../../riscv32-esp-elf/lib/
COLLECT_GCC_OPTIONS='-nostartfiles' '-march=rv32imc_zicsr_zifencei' '-specs=nosys.specs' '-v' '-o' 'cmTC_7d9db' '-mabi=ilp32' '-misa-spec=20191213' '-march=rv32imc_zicsr_zifencei' '-dumpdir' 'cmTC_7d9db.'
 /home/diego/.espressif/tools/riscv32-esp-elf/esp-13.2.0_20230928/riscv32-esp-elf/bin/../libexec/gcc/riscv32-esp-elf/13.2.0/collect2 -plugin /home/diego/.espressif/tools/riscv32-esp-elf/esp-13.2.0_20230928/riscv32-esp-elf/bin/../libexec/gcc/riscv32-esp-elf/13.2.0/liblto_plugin.so -plugin-opt=/home/diego/.espressif/tools/riscv32-esp-elf/esp-13.2.0_20230928/riscv32-esp-elf/bin/../libexec/gcc/riscv32-esp-elf/13.2.0/lto-wrapper -plugin-opt=-fresolution=/tmp/cc3ORbQI.res -plugin-opt=-pass-through=-lgcc -plugin-opt=-pass-through=-lc -plugin-opt=-pass-through=-lnosys -plugin-opt=-pass-through=-lc -plugin-opt=-pass-through=-lgcc -plugin-opt=-pass-through=-lgcc -plugin-opt=-pass-through=-lc -plugin-opt=-pass-through=-lnosys -melf32lriscv -o cmTC_7d9db -L/home/diego/.espressif/tools/riscv32-esp-elf/esp-13.2.0_20230928/riscv32-esp-elf/bin/../lib/gcc/riscv32-esp-elf/13.2.0/rv32imc_zicsr_zifencei/ilp32 -L/home/diego/.espressif/tools/riscv32-esp-elf/esp-13.2.0_20230928/riscv32-esp-elf/bin/../lib/gcc/riscv32-esp-elf/13.2.0/../../../../riscv32-esp-elf/lib/rv32imc_zicsr_zifencei/ilp32 -L/home/diego/.espressif/tools/riscv32-esp-elf/esp-13.2.0_20230928/riscv32-esp-elf/bin/../lib/gcc/riscv32-esp-elf/13.2.0 -L/home/diego/.espressif/tools/riscv32-esp-elf/esp-13.2.0_20230928/riscv32-esp-elf/bin/../lib/gcc -L/home/diego/.espressif/tools/riscv32-esp-elf/esp-13.2.0_20230928/riscv32-esp-elf/bin/../lib/gcc/riscv32-esp-elf/13.2.0/../../../../riscv32-esp-elf/lib CMakeFiles/cmTC_7d9db.dir/CMakeCXXCompilerABI.cpp.obj -lstdc++ -lm -lgcc -lc -lnosys -lc -lgcc --start-group -lgcc -lc -lnosys --end-group
/home/diego/.espressif/tools/riscv32-esp-elf/esp-13.2.0_20230928/riscv32-esp-elf/bin/../lib/gcc/riscv32-esp-elf/13.2.0/../../../../riscv32-esp-elf/bin/ld: warning: cannot find entry symbol _start; defaulting to 00010074
COLLECT_GCC_OPTIONS='-nostartfiles' '-march=rv32imc_zicsr_zifencei' '-specs=nosys.specs' '-v' '-o' 'cmTC_7d9db' '-mabi=ilp32' '-misa-spec=20191213' '-march=rv32imc_zicsr_zifencei' '-dumpdir' 'cmTC_7d9db.'



Parsed CXX implicit include dir info from above output: rv=done
  found start of include info
  found start of implicit include info
    add: [/home/diego/.espressif/tools/riscv32-esp-elf/esp-13.2.0_20230928/riscv32-esp-elf/bin/../lib/gcc/riscv32-esp-elf/13.2.0/../../../../riscv32-esp-elf/include/c++/13.2.0]
    add: [/home/diego/.espressif/tools/riscv32-esp-elf/esp-13.2.0_20230928/riscv32-esp-elf/bin/../lib/gcc/riscv32-esp-elf/13.2.0/../../../../riscv32-esp-elf/include/c++/13.2.0/riscv32-esp-elf/rv32imc_zicsr_zifencei/ilp32]
    add: [/home/diego/.espressif/tools/riscv32-esp-elf/esp-13.2.0_20230928/riscv32-esp-elf/bin/../lib/gcc/riscv32-esp-elf/13.2.0/../../../../riscv32-esp-elf/include/c++/13.2.0/backward]
    add: [/home/diego/.espressif/tools/riscv32-esp-elf/esp-13.2.0_20230928/riscv32-esp-elf/bin/../lib/gcc/riscv32-esp-elf/13.2.0/include]
    add: [/home/diego/.espressif/tools/riscv32-esp-elf/esp-13.2.0_20230928/riscv32-esp-elf/bin/../lib/gcc/riscv32-esp-elf/13.2.0/include-fixed]
    add: [/home/diego/.espressif/tools/riscv32-esp-elf/esp-13.2.0_20230928/riscv32-esp-elf/bin/../lib/gcc/riscv32-esp-elf/13.2.0/../../../../riscv32-esp-elf/sys-include]
    add: [/home/diego/.espressif/tools/riscv32-esp-elf/esp-13.2.0_20230928/riscv32-esp-elf/bin/../lib/gcc/riscv32-esp-elf/13.2.0/../../../../riscv32-esp-elf/include]
  end of search list found
  collapse include dir [/home/diego/.espressif/tools/riscv32-esp-elf/esp-13.2.0_20230928/riscv32-esp-elf/bin/../lib/gcc/riscv32-esp-elf/13.2.0/../../../../riscv32-esp-elf/include/c++/13.2.0] ==> [/home/diego/.espressif/tools/riscv32-esp-elf/esp-13.2.0_20230928/riscv32-esp-elf/riscv32-esp-elf/include/c++/13.2.0]
  collapse include dir [/home/diego/.espressif/tools/riscv32-esp-elf/esp-13.2.0_20230928/riscv32-esp-elf/bin/../lib/gcc/riscv32-esp-elf/13.2.0/../../../../riscv32-esp-elf/include/c++/13.2.0/riscv32-esp-elf/rv32imc_zicsr_zifencei/ilp32] ==> [/home/diego/.espressif/tools/riscv32-esp-elf/esp-13.2.0_20230928/riscv32-esp-elf/riscv32-esp-elf/include/c++/13.2.0/riscv32-esp-elf/rv32imc_zicsr_zifencei/ilp32]
  collapse include dir [/home/diego/.espressif/tools/riscv32-esp-elf/esp-13.2.0_20230928/riscv32-esp-elf/bin/../lib/gcc/riscv32-esp-elf/13.2.0/../../../../riscv32-esp-elf/include/c++/13.2.0/backward] ==> [/home/diego/.espressif/tools/riscv32-esp-elf/esp-13.2.0_20230928/riscv32-esp-elf/riscv32-esp-elf/include/c++/13.2.0/backward]
  collapse include dir [/home/diego/.espressif/tools/riscv32-esp-elf/esp-13.2.0_20230928/riscv32-esp-elf/bin/../lib/gcc/riscv32-esp-elf/13.2.0/include] ==> [/home/diego/.espressif/tools/riscv32-esp-elf/esp-13.2.0_20230928/riscv32-esp-elf/lib/gcc/riscv32-esp-elf/13.2.0/include]
  collapse include dir [/home/diego/.espressif/tools/riscv32-esp-elf/esp-13.2.0_20230928/riscv32-esp-elf/bin/../lib/gcc/riscv32-esp-elf/13.2.0/include-fixed] ==> [/home/diego/.espressif/tools/riscv32-esp-elf/esp-13.2.0_20230928/riscv32-esp-elf/lib/gcc/riscv32-esp-elf/13.2.0/include-fixed]
  collapse include dir [/home/diego/.espressif/tools/riscv32-esp-elf/esp-13.2.0_20230928/riscv32-esp-elf/bin/../lib/gcc/riscv32-esp-elf/13.2.0/../../../../riscv32-esp-elf/sys-include] ==> [/home/diego/.espressif/tools/riscv32-esp-elf/esp-13.2.0_20230928/riscv32-esp-elf/riscv32-esp-elf/sys-include]
  collapse include dir [/home/diego/.espressif/tools/riscv32-esp-elf/esp-13.2.0_20230928/riscv32-esp-elf/bin/../lib/gcc/riscv32-esp-elf/13.2.0/../../../../riscv32-esp-elf/include] ==> [/home/diego/.espressif/tools/riscv32-esp-elf/esp-13.2.0_20230928/riscv32-esp-elf/riscv32-esp-elf/include]
  implicit include dirs: [/home/diego/.espressif/tools/riscv32-esp-elf/esp-13.2.0_20230928/riscv32-esp-elf/riscv32-esp-elf/include/c++/13.2.0;/home/diego/.espressif/tools/riscv32-esp-elf/esp-13.2.0_20230928/riscv32-esp-elf/riscv32-esp-elf/include/c++/13.2.0/riscv32-esp-elf/rv32imc_zicsr_zifencei/ilp32;/home/diego/.espressif/tools/riscv32-esp-elf/esp-13.2.0_20230928/riscv32-esp-elf/riscv32-esp-elf/include/c++/13.2.0/backward;/home/diego/.espressif/tools/riscv32-esp-elf/esp-13.2.0_20230928/riscv32-esp-elf/lib/gcc/riscv32-esp-elf/13.2.0/include;/home/diego/.espressif/tools/riscv32-esp-elf/esp-13.2.0_20230928/riscv32-esp-elf/lib/gcc/riscv32-esp-elf/13.2.0/include-fixed;/home/diego/.espressif/tools/riscv32-esp-elf/esp-13.2.0_20230928/riscv32-esp-elf/riscv32-esp-elf/sys-include;/home/diego/.espressif/tools/riscv32-esp-elf/esp-13.2.0_20230928/riscv32-esp-elf/riscv32-esp-elf/include]


Parsed CXX implicit link information from above output:
  link line regex: [^( *|.*[/\])(riscv32-esp-elf-ld|CMAKE_LINK_STARTFILE-NOTFOUND|([^/\]+-)?ld|collect2)[^/\]*( |$)]
  ignore line: [Change Dir: /home/diego/proyectos/_/viejo/cr_c/build/CMakeFiles/CMakeScratch/TryCompile-kXqPRX]
  ignore line: []
  ignore line: [Run Build Command(s):/usr/bin/ninja cmTC_7d9db && [1/2] Building CXX object CMakeFiles/cmTC_7d9db.dir/CMakeCXXCompilerABI.cpp.obj]
  ignore line: [Using built-in specs.]
  ignore line: [COLLECT_GCC=/home/diego/.espressif/tools/riscv32-esp-elf/esp-13.2.0_20230928/riscv32-esp-elf/bin/riscv32-esp-elf-g++]
  ignore line: [Target: riscv32-esp-elf]
  ignore line: [Configured with: /builds/idf/crosstool-NG/.build/riscv32-esp-elf/src/gcc/configure --build=x86_64-build_pc-linux-gnu --host=x86_64-build_pc-linux-gnu --target=riscv32-esp-elf --prefix=/builds/idf/crosstool-NG/builds/riscv32-esp-elf --exec_prefix=/builds/idf/crosstool-NG/builds/riscv32-esp-elf --with-local-prefix=/builds/idf/crosstool-NG/builds/riscv32-esp-elf/riscv32-esp-elf --with-headers=/builds/idf/crosstool-NG/builds/riscv32-esp-elf/riscv32-esp-elf/include --with-newlib --enable-threads=no --disable-shared --with-arch=rv32gc --with-abi=ilp32 --with-pkgversion='crosstool-NG esp-13.2.0_20230928' --disable-__cxa_atexit --enable-cxx-flags=-ffunction-sections --disable-libgomp --disable-libmudflap --disable-libmpx --disable-libssp --disable-libquadmath --disable-libquadmath-support --disable-libstdcxx-verbose --with-gmp=/builds/idf/crosstool-NG/.build/riscv32-esp-elf/buildtools --with-mpfr=/builds/idf/crosstool-NG/.build/riscv32-esp-elf/buildtools --with-mpc=/builds/idf/crosstool-NG/.build/riscv32-esp-elf/buildtools --with-isl=/builds/idf/crosstool-NG/.build/riscv32-esp-elf/buildtools --enable-lto --enable-target-optspace --without-long-double-128 --disable-nls --enable-multiarch --enable-languages=c c++ --disable-libstdcxx-verbose --enable-threads=posix --enable-gcov-custom-rtio --enable-libstdcxx-time=yes]
  ignore line: [Thread model: posix]
  ignore line: [Supported LTO compression algorithms: zlib]
  ignore line: [gcc version 13.2.0 (crosstool-NG esp-13.2.0_20230928) ]
  ignore line: [COLLECT_GCC_OPTIONS='-march=rv32imc_zicsr_zifencei' '-v' '-o' 'CMakeFiles/cmTC_7d9db.dir/CMakeCXXCompilerABI.cpp.obj' '-c' '-mabi=ilp32' '-misa-spec=20191213' '-march=rv32imc_zicsr_zifencei' '-dumpdir' 'CMakeFiles/cmTC_7d9db.dir/']
  ignore line: [ /home/diego/.espressif/tools/riscv32-esp-elf/esp-13.2.0_20230928/riscv32-esp-elf/bin/../libexec/gcc/riscv32-esp-elf/13.2.0/cc1plus -quiet -v -imultilib rv32imc_zicsr_zifencei/ilp32 -iprefix /home/diego/.espressif/tools/riscv32-esp-elf/esp-13.2.0_20230928/riscv32-esp-elf/bin/../lib/gcc/riscv32-esp-elf/13.2.0/ /usr/share/cmake-3.25/Modules/CMakeCXXCompilerABI.cpp -quiet -dumpdir CMakeFiles/cmTC_7d9db.dir/ -dumpbase CMakeCXXCompilerABI.cpp.cpp -dumpbase-ext .cpp -march=rv32imc_zicsr_zifencei -mabi=ilp32 -misa-spec=20191213 -march=rv32imc_zicsr_zifencei -version -o /tmp/ccrs16qq.s]
  ignore line: [GNU C++17 (crosstool-NG esp-13.2.0_20230928) version 13.2.0 (riscv32-esp-elf)]
  ignore line: [	compiled by GNU C version 4.9.2  GMP version 6.2.1  MPFR version 4.1.0  MPC version 1.2.1  isl version isl-0.24-GMP]
  ignore line: []
  ignore line: [GGC heuristics: --param ggc-min-expand=100 --param ggc-min-heapsize=131072]
  ignore line: [ignoring duplicate directory "/home/diego/.espressif/tools/riscv32-esp-elf/esp-13.2.0_20230928/riscv32-esp-elf/bin/../lib/gcc/../../lib/gcc/riscv32-esp-elf/13.2.0/../../../../riscv32-esp-elf/include/c++/13.2.0"]
  ignore line: [ignoring duplicate directory "/home/diego/.espressif/tools/riscv32-esp-elf/esp-13.2.0_20230928/riscv32-esp-elf/bin/../lib/gcc/../../lib/gcc/riscv32-esp-elf/13.2.0/../../../../riscv32-esp-elf/include/c++/13.2.0/riscv32-esp-elf/rv32imc_zicsr_zifencei/ilp32"]
  ignore line: [ignoring duplicate directory "/home/diego/.espressif/tools/riscv32-esp-elf/esp-13.2.0_20230928/riscv32-esp-elf/bin/../lib/gcc/../../lib/gcc/riscv32-esp-elf/13.2.0/../../../../riscv32-esp-elf/include/c++/13.2.0/backward"]
  ignore line: [ignoring duplicate directory "/home/diego/.espressif/tools/riscv32-esp-elf/esp-13.2.0_20230928/riscv32-esp-elf/bin/../lib/gcc/../../lib/gcc/riscv32-esp-elf/13.2.0/include"]
  ignore line: [ignoring duplicate directory "/home/diego/.espressif/tools/riscv32-esp-elf/esp-13.2.0_20230928/riscv32-esp-elf/bin/../lib/gcc/../../lib/gcc/riscv32-esp-elf/13.2.0/include-fixed"]
  ignore line: [ignoring duplicate directory "/home/diego/.espressif/tools/riscv32-esp-elf/esp-13.2.0_20230928/riscv32-esp-elf/bin/../lib/gcc/../../lib/gcc/riscv32-esp-elf/13.2.0/../../../../riscv32-esp-elf/sys-include"]
  ignore line: [ignoring duplicate directory "/home/diego/.espressif/tools/riscv32-esp-elf/esp-13.2.0_20230928/riscv32-esp-elf/bin/../lib/gcc/../../lib/gcc/riscv32-esp-elf/13.2.0/../../../../riscv32-esp-elf/include"]
  ignore line: [#include "..." search starts here:]
  ignore line: [#include <...> search starts here:]
  ignore line: [ /home/diego/.espressif/tools/riscv32-esp-elf/esp-13.2.0_20230928/riscv32-esp-elf/bin/../lib/gcc/riscv32-esp-elf/13.2.0/../../../../riscv32-esp-elf/include/c++/13.2.0]
  ignore line: [ /home/diego/.espressif/tools/riscv32-esp-elf/esp-13.2.0_20230928/riscv32-esp-elf/bin/../lib/gcc/riscv32-esp-elf/13.2.0/../../../../riscv32-esp-elf/include/c++/13.2.0/riscv32-esp-elf/rv32imc_zicsr_zifencei/ilp32]
  ignore line: [ /home/diego/.espressif/tools/riscv32-esp-elf/esp-13.2.0_20230928/riscv32-esp-elf/bin/../lib/gcc/riscv32-esp-elf/13.2.0/../../../../riscv32-esp-elf/include/c++/13.2.0/backward]
  ignore line: [ /home/diego/.espressif/tools/riscv32-esp-elf/esp-13.2.0_20230928/riscv32-esp-elf/bin/../lib/gcc/riscv32-esp-elf/13.2.0/include]
  ignore line: [ /home/diego/.espressif/tools/riscv32-esp-elf/esp-13.2.0_20230928/riscv32-esp-elf/bin/../lib/gcc/riscv32-esp-elf/13.2.0/include-fixed]
  ignore line: [ /home/diego/.espressif/tools/riscv32-esp-elf/esp-13.2.0_20230928/riscv32-esp-elf/bin/../lib/gcc/riscv32-esp-elf/13.2.0/../../../../riscv32-esp-elf/sys-include]
  ignore line: [ /home/diego/.espressif/tools/riscv32-esp-elf/esp-13.2.0_20230928/riscv32-esp-elf/bin/../lib/gcc/riscv32-esp-elf/13.2.0/../../../../riscv32-esp-elf/include]
  ignore line: [End of search list.]
  ignore line: [Compiler executable checksum: 2f922d80f93cca9f059a3573788cba06]
  ignore line: [COLLECT_GCC_OPTIONS='-march=rv32imc_zicsr_zifencei' '-v' '-o' 'CMakeFiles/cmTC_7d9db.dir/CMakeCXXCompilerABI.cpp.obj' '-c' '-mabi=ilp32' '-misa-spec=20191213' '-march=rv32imc_zicsr_zifencei' '-dumpdir' 'CMakeFiles/cmTC_7d9db.dir/']
  ignore line: [ /home/diego/.espressif/tools/riscv32-esp-elf/esp-13.2.0_20230928/riscv32-esp-elf/bin/../lib/gcc/riscv32-esp-elf/13.2.0/../../../../riscv32-esp-elf/bin/as -v --traditional-format -march=rv32imc_zicsr_zifencei -march=rv32imc_zicsr_zifencei -mabi=ilp32 -misa-spec=20191213 -o CMakeFiles/cmTC_7d9db.dir/CMakeCXXCompilerABI.cpp.obj /tmp/ccrs16qq.s]
  ignore line: [GNU assembler version 2.41 (riscv32-esp-elf) using BFD version (crosstool-NG esp-13.2.0_20230928) 2.41]
  ignore line: [COMPILER_PATH=/home/diego/.espressif/tools/riscv32-esp-elf/esp-13.2.0_20230928/riscv32-esp-elf/bin/../libexec/gcc/riscv32-esp-elf/13.2.0/:/home/diego/.espressif/tools/riscv32-esp-elf/esp-13.2.0_20230928/riscv32-esp-elf/bin/../libexec/gcc/:/home/diego/.espressif/tools/riscv32-esp-elf/esp-13.2.0_20230928/riscv32-esp-elf/bin/../lib/gcc/riscv32-esp-elf/13.2.0/../../../../riscv32-esp-elf/bin/]
  ignore line: [LIBRARY_PATH=/home/diego/.espressif/tools/riscv32-esp-elf/esp-13.2.0_20230928/riscv32-esp-elf/bin/../lib/gcc/riscv32-esp-elf/13.2.0/rv32imc_zicsr_zifencei/ilp32/:/home/diego/.espressif/tools/riscv32-esp-elf/esp-13.2.0_20230928/riscv32-esp-elf/bin/../lib/gcc/riscv32-esp-elf/13.2.0/../../../../riscv32-esp-elf/lib/rv32imc_zicsr_zifencei/ilp32/:/home/diego/.espressif/tools/riscv32-esp-elf/esp-13.2.0_20230928/riscv32-esp-elf/bin/../lib/gcc/riscv32-esp-elf/13.2.0/:/home/diego/.espressif/tools/riscv32-esp-elf/esp-13.2.0_20230928/riscv32-esp-elf/bin/../lib/gcc/:/home/diego/.espressif/tools/riscv32-esp-elf/esp-13.2.0_20230928/riscv32-esp-elf/bin/../lib/gcc/riscv32-esp-elf/13.2.0/../../../../riscv32-esp-elf/lib/]
  ignore line: [COLLECT_GCC_OPTIONS='-march=rv32imc_zicsr_zifencei' '-v' '-o' 'CMakeFiles/cmTC_7d9db.dir/CMakeCXXCompilerABI.cpp.obj' '-c' '-mabi=ilp32' '-misa-spec=20191213' '-march=rv32imc_zicsr_zifencei' '-dumpdir' 'CMakeFiles/cmTC_7d9db.dir/CMakeCXXCompilerABI.cpp.']
  ignore line: [[2/2] Linking CXX executable cmTC_7d9db]
  ignore line: [Using built-in specs.]
  ignore line: [Reading specs from /home/diego/.espressif/tools/riscv32-esp-elf/esp-13.2.0_20230928/riscv32-esp-elf/bin/../lib/gcc/riscv32-esp-elf/13.2.0/../../../../riscv32-esp-elf/lib/nosys.specs]
  ignore line: [rename spec link_gcc_c_sequence to nosys_link_gcc_c_sequence]
  ignore line: [COLLECT_GCC=/home/diego/.espressif/tools/riscv32-esp-elf/esp-13.2.0_20230928/riscv32-esp-elf/bin/riscv32-esp-elf-g++]
  ignore line: [COLLECT_LTO_WRAPPER=/home/diego/.espressif/tools/riscv32-esp-elf/esp-13.2.0_20230928/riscv32-esp-elf/bin/../libexec/gcc/riscv32-esp-elf/13.2.0/lto-wrapper]
  ignore line: [Target: riscv32-esp-elf]
  ignore line: [Configured with: /builds/idf/crosstool-NG/.build/riscv32-esp-elf/src/gcc/configure --build=x86_64-build_pc-linux-gnu --host=x86_64-build_pc-linux-gnu --target=riscv32-esp-elf --prefix=/builds/idf/crosstool-NG/builds/riscv32-esp-elf --exec_prefix=/builds/idf/crosstool-NG/builds/riscv32-esp-elf --with-local-prefix=/builds/idf/crosstool-NG/builds/riscv32-esp-elf/riscv32-esp-elf --with-headers=/builds/idf/crosstool-NG/builds/riscv32-esp-elf/riscv32-esp-elf/include --with-newlib --enable-threads=no --disable-shared --with-arch=rv32gc --with-abi=ilp32 --with-pkgversion='crosstool-NG esp-13.2.0_20230928' --disable-__cxa_atexit --enable-cxx-flags=-ffunction-sections --disable-libgomp --disable-libmudflap --disable-libmpx --disable-libssp --disable-libquadmath --disable-libquadmath-support --disable-libstdcxx-verbose --with-gmp=/builds/idf/crosstool-NG/.build/riscv32-esp-elf/buildtools --with-mpfr=/builds/idf/crosstool-NG/.build/riscv32-esp-elf/buildtools --with-mpc=/builds/idf/crosstool-NG/.build/riscv32-esp-elf/buildtools --with-isl=/builds/idf/crosstool-NG/.build/riscv32-esp-elf/buildtools --enable-lto --enable-target-optspace --without-long-double-128 --disable-nls --enable-multiarch --enable-languages=c c++ --disable-libstdcxx-verbose --enable-threads=posix --enable-gcov-custom-rtio --enable-libstdcxx-time=yes]
  ignore line: [Thread model: posix]
  ignore line: [Supported LTO compression algorithms: zlib]
  ignore line: [gcc version 13.2.0 (crosstool-NG esp-13.2.0_20230928) ]
  ignore line: [COMPILER_PATH=/home/diego/.espressif/tools/riscv32-esp-elf/esp-13.2.0_20230928/riscv32-esp-elf/bin/../libexec/gcc/riscv32-esp-elf/13.2.0/:/home/diego/.espressif/tools/riscv32-esp-elf/esp-13.2.0_20230928/riscv32-esp-elf/bin/../libexec/gcc/:/home/diego/.espressif/tools/riscv32-esp-elf/esp-13.2.0_20230928/riscv32-esp-elf/bin/../lib/gcc/riscv32-esp-elf/13.2.0/../../../../riscv32-esp-elf/bin/]
  ignore line: [LIBRARY_PATH=/home/diego/.espressif/tools/riscv32-esp-elf/esp-13.2.0_20230928/riscv32-esp-elf/bin/../lib/gcc/riscv32-esp-elf/13.2.0/rv32imc_zicsr_zifencei/ilp32/:/home/diego/.espressif/tools/riscv32-esp-elf/esp-13.2.0_20230928/riscv32-esp-elf/bin/../lib/gcc/riscv32-esp-elf/13.2.0/../../../../riscv32-esp-elf/lib/rv32imc_zicsr_zifencei/ilp32/:/home/diego/.espressif/tools/riscv32-esp-elf/esp-13.2.0_20230928/riscv32-esp-elf/bin/../lib/gcc/riscv32-esp-elf/13.2.0/:/home/diego/.espressif/tools/riscv32-esp-elf/esp-13.2.0_20230928/riscv32-esp-elf/bin/../lib/gcc/:/home/diego/.espressif/tools/riscv32-esp-elf/esp-13.2.0_20230928/riscv32-esp-elf/bin/../lib/gcc/riscv32-esp-elf/13.2.0/../../../../riscv32-esp-elf/lib/]
  ignore line: [COLLECT_GCC_OPTIONS='-nostartfiles' '-march=rv32imc_zicsr_zifencei' '-specs=nosys.specs' '-v' '-o' 'cmTC_7d9db' '-mabi=ilp32' '-misa-spec=20191213' '-march=rv32imc_zicsr_zifencei' '-dumpdir' 'cmTC_7d9db.']
  link line: [ /home/diego/.espressif/tools/riscv32-esp-elf/esp-13.2.0_20230928/riscv32-esp-elf/bin/../libexec/gcc/riscv32-esp-elf/13.2.0/collect2 -plugin /home/diego/.espressif/tools/riscv32-esp-elf/esp-13.2.0_20230928/riscv32-esp-elf/bin/../libexec/gcc/riscv32-esp-elf/13.2.0/liblto_plugin.so -plugin-opt=/home/diego/.espressif/tools/riscv32-esp-elf/esp-13.2.0_20230928/riscv32-esp-elf/bin/../libexec/gcc/riscv32-esp-elf/13.2.0/lto-wrapper -plugin-opt=-fresolution=/tmp/cc3ORbQI.res -plugin-opt=-pass-through=-lgcc -plugin-opt=-pass-through=-lc -plugin-opt=-pass-through=-lnosys -plugin-opt=-pass-through=-lc -plugin-opt=-pass-through=-lgcc -plugin-opt=-pass-through=-lgcc -plugin-opt=-pass-through=-lc -plugin-opt=-pass-through=-lnosys -melf32lriscv -o cmTC_7d9db -L/home/diego/.espressif/tools/riscv32-esp-elf/esp-13.2.0_20230928/riscv32-esp-elf/bin/../lib/gcc/riscv32-esp-elf/13.2.0/rv32imc_zicsr_zifencei/ilp32 -L/home/diego/.espressif/tools/riscv32-esp-elf/esp-13.2.0_20230928/riscv32-esp-elf/bin/../lib/gcc/riscv32-esp-elf/13.2.0/../../../../riscv32-esp-elf/lib/rv32imc_zicsr_zifencei/ilp32 -L/home/diego/.espressif/tools/riscv32-esp-elf/esp-13.2.0_20230928/riscv32-esp-elf/bin/../lib/gcc/riscv32-esp-elf/13.2.0 -L/home/diego/.espressif/tools/riscv32-esp-elf/esp-13.2.0_20230928/riscv32-esp-elf/bin/../lib/gcc -L/home/diego/.espressif/tools/riscv32-esp-elf/esp-13.2.0_20230928/riscv32-esp-elf/bin/../lib/gcc/riscv32-esp-elf/13.2.0/../../../../riscv32-esp-elf/lib CMakeFiles/cmTC_7d9db.dir/CMakeCXXCompilerABI.cpp.obj -lstdc++ -lm -lgcc -lc -lnosys -lc -lgcc --start-group -lgcc -lc -lnosys --end-group]
    arg [/home/diego/.espressif/tools/riscv32-esp-elf/esp-13.2.0_20230928/riscv32-esp-elf/bin/../libexec/gcc/riscv32-esp-elf/13.2.0/collect2] ==> ignore
    arg [-plugin] ==> ignore
    arg [/home/diego/.espressif/tools/riscv32-esp-elf/esp-13.2.0_20230928/riscv32-esp-elf/bin/../libexec/gcc/riscv32-esp-elf/13.2.0/liblto_plugin.so] ==> ignore
    arg [-plugin-opt=/home/diego/.espressif/tools/riscv32-esp-elf/esp-13.2.0_20230928/riscv32-esp-elf/bin/../libexec/gcc/riscv32-esp-elf/13.2.0/lto-wrapper] ==> ignore
    arg [-plugin-opt=-fresolution=/tmp/cc3ORbQI.res] ==> ignore
    arg [-plugin-opt=-pass-through=-lgcc] ==> ignore
    arg [-plugin-opt=-pass-through=-lc] ==> ignore
    arg [-plugin-opt=-pass-through=-lnosys] ==> ignore
    arg [-plugin-opt=-pass-through=-lc] ==> ignore
    arg [-plugin-opt=-pass-through=-lgcc] ==> ignore
    arg [-plugin-opt=-pass-through=-lgcc] ==> ignore
    arg [-plugin-opt=-pass-through=-lc] ==> ignore
    arg [-plugin-opt=-pass-through=-lnosys] ==> ignore
    arg [-melf32lriscv] ==> ignore
    arg [-o] ==> ignore
    arg [cmTC_7d9db] ==> ignore
    arg [-L/home/diego/.espressif/tools/riscv32-esp-elf/esp-13.2.0_20230928/riscv32-esp-elf/bin/../lib/gcc/riscv32-esp-elf/13.2.0/rv32imc_zicsr_zifencei/ilp32] ==> dir [/home/diego/.espressif/tools/riscv32-esp-elf/esp-13.2.0_20230928/riscv32-esp-elf/bin/../lib/gcc/riscv32-esp-elf/13.2.0/rv32imc_zicsr_zifencei/ilp32]
    arg [-L/home/diego/.espressif/tools/riscv32-esp-elf/esp-13.2.0_20230928/riscv32-esp-elf/bin/../lib/gcc/riscv32-esp-elf/13.2.0/../../../../riscv32-esp-elf/lib/rv32imc_zicsr_zifencei/ilp32] ==> dir [/home/diego/.espressif/tools/riscv32-esp-elf/esp-13.2.0_20230928/riscv32-esp-elf/bin/../lib/gcc/riscv32-esp-elf/13.2.0/../../../../riscv32-esp-elf/lib/rv32imc_zicsr_zifencei/ilp32]
    arg [-L/home/diego/.espressif/tools/riscv32-esp-elf/esp-13.2.0_20230928/riscv32-esp-elf/bin/../lib/gcc/riscv32-esp-elf/13.2.0] ==> dir [/home/diego/.espressif/tools/riscv32-esp-elf/esp-13.2.0_20230928/riscv32-esp-elf/bin/../lib/gcc/riscv32-esp-elf/13.2.0]
    arg [-L/home/diego/.espressif/tools/riscv32-esp-elf/esp-13.2.0_20230928/riscv32-esp-elf/bin/../lib/gcc] ==> dir [/home/diego/.espressif/tools/riscv32-esp-elf/esp-13.2.0_20230928/riscv32-esp-elf/bin/../lib/gcc]
    arg [-L/home/diego/.espressif/tools/riscv32-esp-elf/esp-13.2.0_20230928/riscv32-esp-elf/bin/../lib/gcc/riscv32-esp-elf/13.2.0/../../../../riscv32-esp-elf/lib] ==> dir [/home/diego/.espressif/tools/riscv32-esp-elf/esp-13.2.0_20230928/riscv32-esp-elf/bin/../lib/gcc/riscv32-esp-elf/13.2.0/../../../../riscv32-esp-elf/lib]
    arg [CMakeFiles/cmTC_7d9db.dir/CMakeCXXCompilerABI.cpp.obj] ==> ignore
    arg [-lstdc++] ==> lib [stdc++]
    arg [-lm] ==> lib [m]
    arg [-lgcc] ==> lib [gcc]
    arg [-lc] ==> lib [c]
    arg [-lnosys] ==> lib [nosys]
    arg [-lc] ==> lib [c]
    arg [-lgcc] ==> lib [gcc]
    arg [--start-group] ==> ignore
    arg [-lgcc] ==> lib [gcc]
    arg [-lc] ==> lib [c]
    arg [-lnosys] ==> lib [nosys]
    arg [--end-group] ==> ignore
  collapse library dir [/home/diego/.espressif/tools/riscv32-esp-elf/esp-13.2.0_20230928/riscv32-esp-elf/bin/../lib/gcc/riscv32-esp-elf/13.2.0/rv32imc_zicsr_zifencei/ilp32] ==> [/home/diego/.espressif/tools/riscv32-esp-elf/esp-13.2.0_20230928/riscv32-esp-elf/lib/gcc/riscv32-esp-elf/13.2.0/rv32imc_zicsr_zifencei/ilp32]
  collapse library dir [/home/diego/.espressif/tools/riscv32-esp-elf/esp-13.2.0_20230928/riscv32-esp-elf/bin/../lib/gcc/riscv32-esp-elf/13.2.0/../../../../riscv32-esp-elf/lib/rv32imc_zicsr_zifencei/ilp32] ==> [/home/diego/.espressif/tools/riscv32-esp-elf/esp-13.2.0_20230928/riscv32-esp-elf/riscv32-esp-elf/lib/rv32imc_zicsr_zifencei/ilp32]
  collapse library dir [/home/diego/.espressif/tools/riscv32-esp-elf/esp-13.2.0_20230928/riscv32-esp-elf/bin/../lib/gcc/riscv32-esp-elf/13.2.0] ==> [/home/diego/.espressif/tools/riscv32-esp-elf/esp-13.2.0_20230928/riscv32-esp-elf/lib/gcc/riscv32-esp-elf/13.2.0]
  collapse library dir [/home/diego/.espressif/tools/riscv32-esp-elf/esp-13.2.0_20230928/riscv32-esp-elf/bin/../lib/gcc] ==> [/home/diego/.espressif/tools/riscv32-esp-elf/esp-13.2.0_20230928/riscv32-esp-elf/lib/gcc]
  collapse library dir [/home/diego/.espressif/tools/riscv32-esp-elf/esp-13.2.0_20230928/riscv32-esp-elf/bin/../lib/gcc/riscv32-esp-elf/13.2.0/../../../../riscv32-esp-elf/lib] ==> [/home/diego/.espressif/tools/riscv32-esp-elf/esp-13.2.0_20230928/riscv32-esp-elf/riscv32-esp-elf/lib]
  implicit libs: [stdc++;m;gcc;c;nosys;c;gcc;gcc;c;nosys]
  implicit objs: []
  implicit dirs: [/home/diego/.espressif/tools/riscv32-esp-elf/esp-13.2.0_20230928/riscv32-esp-elf/lib/gcc/riscv32-esp-elf/13.2.0/rv32imc_zicsr_zifencei/ilp32;/home/diego/.espressif/tools/riscv32-esp-elf/esp-13.2.0_20230928/riscv32-esp-elf/riscv32-esp-elf/lib/rv32imc_zicsr_zifencei/ilp32;/home/diego/.espressif/tools/riscv32-esp-elf/esp-13.2.0_20230928/riscv32-esp-elf/lib/gcc/riscv32-esp-elf/13.2.0;/home/diego/.espressif/tools/riscv32-esp-elf/esp-13.2.0_20230928/riscv32-esp-elf/lib/gcc;/home/diego/.espressif/tools/riscv32-esp-elf/esp-13.2.0_20230928/riscv32-esp-elf/riscv32-esp-elf/lib]
  implicit fwks: []


Determining if the include file sys/types.h exists passed with the following output:
Change Dir: /home/diego/proyectos/_/viejo/cr_c/build/CMakeFiles/CMakeScratch/TryCompile-OaEGwo

Run Build Command(s):/usr/bin/ninja cmTC_154f5 && [1/2] Building C object CMakeFiles/cmTC_154f5.dir/CheckIncludeFile.c.obj
[2/2] Linking C executable cmTC_154f5
/home/diego/.espressif/tools/riscv32-esp-elf/esp-13.2.0_20230928/riscv32-esp-elf/bin/../lib/gcc/riscv32-esp-elf/13.2.0/../../../../riscv32-esp-elf/bin/ld: warning: cannot find entry symbol _start; defaulting to 00010074



Determining if the include file stdint.h exists passed with the following output:
Change Dir: /home/diego/proyectos/_/viejo/cr_c/build/CMakeFiles/CMakeScratch/TryCompile-b3VuPx

Run Build Command(s):/usr/bin/ninja cmTC_49ceb && [1/2] Building C object CMakeFiles/cmTC_49ceb.dir/CheckIncludeFile.c.obj
[2/2] Linking C executable cmTC_49ceb
/home/diego/.espressif/tools/riscv32-esp-elf/esp-13.2.0_20230928/riscv32-esp-elf/bin/../lib/gcc/riscv32-esp-elf/13.2.0/../../../../riscv32-esp-elf/bin/ld: warning: cannot find entry symbol _start; defaulting to 00010074



Determining if the include file stddef.h exists passed with the following output:
Change Dir: /home/diego/proyectos/_/viejo/cr_c/build/CMakeFiles/CMakeScratch/TryCompile-IGEsUO

Run Build Command(s):/usr/bin/ninja cmTC_e8644 && [1/2] Building C object CMakeFiles/cmTC_e8644.dir/CheckIncludeFile.c.obj
[2/2] Linking C executable cmTC_e8644
/home/diego/.espressif/tools/riscv32-esp-elf/esp-13.2.0_20230928/riscv32-esp-elf/bin/../lib/gcc/riscv32-esp-elf/13.2.0/../../../../riscv32-esp-elf/bin/ld: warning: cannot find entry symbol _start; defaulting to 00010074



Determining size of time_t passed with the following output:
Change Dir: /home/diego/proyectos/_/viejo/cr_c/build/CMakeFiles/CMakeScratch/TryCompile-S0FEPF

Run Build Command(s):/usr/bin/ninja cmTC_c18e0 && [1/2] Building C object CMakeFiles/cmTC_c18e0.dir/TIME_T_SIZE.c.obj
[2/2] Linking C executable cmTC_c18e0
/home/diego/.espressif/tools/riscv32-esp-elf/esp-13.2.0_20230928/riscv32-esp-elf/bin/../lib/gcc/riscv32-esp-elf/13.2.0/../../../../riscv32-esp-elf/bin/ld: warning: cannot find entry symbol _start; defaulting to 00010094



Performing C SOURCE FILE Test C_COMPILER_SUPPORTS_WFORMAT_SIGNEDNESS succeeded with the following output:
Change Dir: /home/diego/proyectos/_/viejo/cr_c/build/CMakeFiles/CMakeScratch/TryCompile-wvY05s

Run Build Command(s):/usr/bin/ninja cmTC_4bb88 && [1/2] Building C object CMakeFiles/cmTC_4bb88.dir/src.c.obj
[2/2] Linking C executable cmTC_4bb88
/home/diego/.espressif/tools/riscv32-esp-elf/esp-13.2.0_20230928/riscv32-esp-elf/bin/../lib/gcc/riscv32-esp-elf/13.2.0/../../../../riscv32-esp-elf/bin/ld: warning: cannot find entry symbol _start; defaulting to 00010074


Source file was:
int main(void) { return 0; }

